solid OpenSCAD_Model
  facet normal -0.941523 -0.336488 0.0176344
    outer loop
      vertex -29.8708 2.45495 12
      vertex -29.7716 2.36929 15.6619
      vertex -29.8708 2.6461 15.6474
    endloop
  endfacet
  facet normal -0.941523 -0.336488 0.0176344
    outer loop
      vertex -29.7716 2.36929 15.6619
      vertex -29.8708 2.45495 12
      vertex -29.7716 2.17738 12
    endloop
  endfacet
  facet normal -0.970283 -0.241641 0.0126637
    outer loop
      vertex -29.8708 2.6461 15.6474
      vertex -29.8773 2.48105 12
      vertex -29.8708 2.45495 12
    endloop
  endfacet
  facet normal -0.90461 -0.425655 0.0223074
    outer loop
      vertex -29.7716 2.36929 15.6619
      vertex -29.7716 2.17738 12
      vertex -29.7601 2.15294 12
    endloop
  endfacet
  facet normal 0.989225 -0.146199 0.0076622
    outer loop
      vertex 29.9424 2.9313 15.6325
      vertex 29.9855 3.03255 12
      vertex 29.9855 3.22213 15.6173
    endloop
  endfacet
  facet normal 0.989226 -0.146198 0.00766225
    outer loop
      vertex 29.9855 3.03255 12
      vertex 29.9424 2.9313 15.6325
      vertex 29.9424 2.74092 12
    endloop
  endfacet
  facet normal -0.857246 -0.514201 0.0269471
    outer loop
      vertex -29.4944 1.85134 15.6891
      vertex -29.5084 1.68135 12
      vertex -29.4944 1.65801 12
    endloop
  endfacet
  facet normal 7.2075e-05 0.0523365 0.99863
    outer loop
      vertex -29.7716 2.36929 15.6619
      vertex -29.9424 13.5872 15.074
      vertex -29.8708 2.6461 15.6474
    endloop
  endfacet
  facet normal -0.671454 0.74003 -0.0387962
    outer loop
      vertex -29.105 14.9791 12
      vertex -28.9032 15.3186 14.9833
      vertex -28.9032 15.1622 12
    endloop
  endfacet
  facet normal -0.671744 0.739769 -0.0387469
    outer loop
      vertex -28.9032 15.3186 14.9833
      vertex -29.105 14.9791 12
      vertex -29.1213 15.1211 14.9937
    endloop
  endfacet
  facet normal 0.000622974 0.0523401 0.998629
    outer loop
      vertex -29.9424 13.5872 15.074
      vertex -30 3.51576 15.6019
      vertex -29.8708 2.6461 15.6474
    endloop
  endfacet
  facet normal 0.0015296 0.0508927 0.998703
    outer loop
      vertex -29.319 14.9033 15.0051
      vertex -29.4944 14.6672 15.0174
      vertex -28.9032 15.3186 14.9833
    endloop
  endfacet
  facet normal -0.671277 -0.740191 0.0387908
    outer loop
      vertex -29.1213 1.39736 15.7129
      vertex -29.1213 1.20278 12
      vertex -29.101 1.18437 12
    endloop
  endfacet
  facet normal 0.243241 0.968637 -0.0507527
    outer loop
      vertex 27.8497 15.7201 12
      vertex 27.5853 15.9411 14.9507
      vertex 27.8708 15.8696 14.9544
    endloop
  endfacet
  facet normal 0.242912 0.968718 -0.0507882
    outer loop
      vertex 27.5853 15.9411 14.9507
      vertex 27.8497 15.7201 12
      vertex 27.5853 15.7864 12
    endloop
  endfacet
  facet normal -0.904102 0.426731 -0.0223595
    outer loop
      vertex -29.6458 14.2562 12
      vertex -29.7716 14.1492 15.0446
      vertex -29.6458 14.415 15.0307
    endloop
  endfacet
  facet normal -0.904146 0.426638 -0.0223646
    outer loop
      vertex -29.7716 14.1492 15.0446
      vertex -29.6458 14.2562 12
      vertex -29.7716 13.9896 12
    endloop
  endfacet
  facet normal 1 0 0
    outer loop
      vertex 30 3.51576 15.6019
      vertex 30 12.84 12
      vertex 30 13.0027 15.1047
    endloop
  endfacet
  facet normal 1 0 0
    outer loop
      vertex 30 12.84 12
      vertex 30 3.51576 15.6019
      vertex 30 3.32699 12
    endloop
  endfacet
  facet normal 0.998786 -0.0491867 0.0025778
    outer loop
      vertex 29.9855 3.22213 15.6173
      vertex 30 3.32699 12
      vertex 30 3.51576 15.6019
    endloop
  endfacet
  facet normal 0.998786 -0.0491863 0.00257782
    outer loop
      vertex 30 3.32699 12
      vertex 29.9855 3.22213 15.6173
      vertex 29.9855 3.03255 12
    endloop
  endfacet
  facet normal -0.803166 -0.594938 0.0311782
    outer loop
      vertex -29.4944 1.65801 12
      vertex -29.319 1.6152 15.7015
      vertex -29.4944 1.85134 15.6891
    endloop
  endfacet
  facet normal -0.803266 -0.594804 0.0311845
    outer loop
      vertex -29.319 1.6152 15.7015
      vertex -29.4944 1.65801 12
      vertex -29.3353 1.44315 12
    endloop
  endfacet
  facet normal -0.146684 -0.987828 0.0517692
    outer loop
      vertex -27.3214 0.341417 12
      vertex -27.5853 0.57744 15.7559
      vertex -27.5853 0.380604 12
    endloop
  endfacet
  facet normal -0.146676 -0.987829 0.0517699
    outer loop
      vertex -27.5853 0.57744 15.7559
      vertex -27.3214 0.341417 12
      vertex -27.294 0.534302 15.7581
    endloop
  endfacet
  facet normal 0 -0.99863 0.0523355
    outer loop
      vertex -27 0.322878 12
      vertex 27 0.519872 15.7589
      vertex -27 0.519872 15.7589
    endloop
  endfacet
  facet normal 0 -0.99863 0.0523355
    outer loop
      vertex 27 0.519872 15.7589
      vertex -27 0.322878 12
      vertex 27 0.322878 12
    endloop
  endfacet
  facet normal -0.00010564 0.0521338 0.99864
    outer loop
      vertex -27.8708 0.648875 15.7521
      vertex -29.319 1.6152 15.7015
      vertex -28.148 0.747921 15.7469
    endloop
  endfacet
  facet normal -0.989293 0.145744 -0.00763805
    outer loop
      vertex -29.9424 13.4261 12
      vertex -29.9457 13.4037 12
      vertex -29.9424 13.5872 15.074
    endloop
  endfacet
  facet normal -1 0 0
    outer loop
      vertex -30 12.84 12
      vertex -30 3.51576 15.6019
      vertex -30 13.0027 15.1047
    endloop
  endfacet
  facet normal -1 0 -0
    outer loop
      vertex -30 3.51576 15.6019
      vertex -30 12.84 12
      vertex -30 3.32699 12
    endloop
  endfacet
  facet normal 0.00128536 0.0524382 0.998623
    outer loop
      vertex -29.8708 2.6461 15.6474
      vertex -30 3.51576 15.6019
      vertex -29.9855 3.22213 15.6173
    endloop
  endfacet
  facet normal 0.514262 0.856459 -0.0448661
    outer loop
      vertex 28.6667 15.3379 12
      vertex 28.4142 15.6449 14.9662
      vertex 28.6667 15.4937 14.9741
    endloop
  endfacet
  facet normal 0.514031 0.856596 -0.0448999
    outer loop
      vertex 28.4142 15.6449 14.9662
      vertex 28.6667 15.3379 12
      vertex 28.4329 15.4782 12
    endloop
  endfacet
  facet normal 0.146568 0.987844 -0.0517909
    outer loop
      vertex 27.5853 15.7864 12
      vertex 27.294 15.9842 14.9484
      vertex 27.5853 15.9411 14.9507
    endloop
  endfacet
  facet normal 0.146817 0.987808 -0.0517639
    outer loop
      vertex 27.294 15.9842 14.9484
      vertex 27.5853 15.7864 12
      vertex 27.3155 15.8265 12
    endloop
  endfacet
  facet normal 0.243303 0.968622 -0.0507523
    outer loop
      vertex 27.8708 15.7148 12
      vertex 27.8497 15.7201 12
      vertex 27.8708 15.8696 14.9544
    endloop
  endfacet
  facet normal -0 0.052103 0.998642
    outer loop
      vertex -27 15.9986 14.9477
      vertex 27.5853 15.9411 14.9507
      vertex 27 15.9986 14.9477
    endloop
  endfacet
  facet normal 0 0.052103 0.998642
    outer loop
      vertex 27.5853 15.9411 14.9507
      vertex -27 15.9986 14.9477
      vertex -27.5853 15.9411 14.9507
    endloop
  endfacet
  facet normal 0.998787 0.0491751 -0.0025771
    outer loop
      vertex 30 13.0027 15.1047
      vertex 29.9855 13.1345 12
      vertex 29.9855 13.2964 15.0893
    endloop
  endfacet
  facet normal 0.998782 0.0492772 -0.00257275
    outer loop
      vertex 29.9855 13.1345 12
      vertex 30 13.0027 15.1047
      vertex 29.9989 12.8629 12
    endloop
  endfacet
  facet normal -0.802322 -0.596073 0.0312393
    outer loop
      vertex -29.319 1.6152 15.7015
      vertex -29.3353 1.44315 12
      vertex -29.319 1.42121 12
    endloop
  endfacet
  facet normal -0.998845 0.0479795 -0.00251434
    outer loop
      vertex -29.9989 12.8629 12
      vertex -30 12.84 12
      vertex -30 13.0027 15.1047
    endloop
  endfacet
  facet normal -0.998786 -0.0491867 0.0025778
    outer loop
      vertex -30 3.32699 12
      vertex -29.9855 3.22213 15.6173
      vertex -30 3.51576 15.6019
    endloop
  endfacet
  facet normal -0.998786 -0.0491863 0.00257782
    outer loop
      vertex -29.9855 3.22213 15.6173
      vertex -30 3.32699 12
      vertex -29.9855 3.03255 12
    endloop
  endfacet
  facet normal -0.96998 -0.24285 0.0127278
    outer loop
      vertex -29.9424 2.74092 12
      vertex -29.8708 2.6461 15.6474
      vertex -29.9424 2.9313 15.6325
    endloop
  endfacet
  facet normal -0.969947 -0.242981 0.0127238
    outer loop
      vertex -29.8708 2.6461 15.6474
      vertex -29.9424 2.74092 12
      vertex -29.8773 2.48105 12
    endloop
  endfacet
  facet normal -0.740905 0.670689 -0.0351509
    outer loop
      vertex -29.1213 14.9642 12
      vertex -29.319 14.9033 15.0051
      vertex -29.1213 15.1211 14.9937
    endloop
  endfacet
  facet normal -0.740909 0.670685 -0.0351512
    outer loop
      vertex -29.319 14.9033 15.0051
      vertex -29.1213 14.9642 12
      vertex -29.319 14.7458 12
    endloop
  endfacet
  facet normal 0 0.0526389 0.998614
    outer loop
      vertex 27.8708 0.648875 15.7521
      vertex -27 0.519872 15.7589
      vertex 27 0.519872 15.7589
    endloop
  endfacet
  facet normal 0 0.0526389 0.998614
    outer loop
      vertex -27 0.519872 15.7589
      vertex 27.8708 0.648875 15.7521
      vertex -27.8708 0.648875 15.7521
    endloop
  endfacet
  facet normal 0 0.998629 -0.0523419
    outer loop
      vertex 27 15.8441 12
      vertex -27 15.9986 14.9477
      vertex 27 15.9986 14.9477
    endloop
  endfacet
  facet normal 0 0.998629 -0.0523419
    outer loop
      vertex -27 15.9986 14.9477
      vertex 27 15.8441 12
      vertex -27 15.8441 12
    endloop
  endfacet
  facet normal -0 0.0523482 0.998629
    outer loop
      vertex -28.9032 15.3186 14.9833
      vertex 29.7716 14.1492 15.0446
      vertex 28.9032 15.3186 14.9833
    endloop
  endfacet
  facet normal 0 0.0523482 0.998629
    outer loop
      vertex 29.7716 14.1492 15.0446
      vertex -28.9032 15.3186 14.9833
      vertex -29.7716 14.1492 15.0446
    endloop
  endfacet
  facet normal -0.000622974 0.0523401 0.998629
    outer loop
      vertex 29.9424 13.5872 15.074
      vertex 29.8708 2.6461 15.6474
      vertex 30 3.51576 15.6019
    endloop
  endfacet
  facet normal -0.0490975 -0.997425 0.0522738
    outer loop
      vertex -27.2664 0.335986 12
      vertex -27 0.519872 15.7589
      vertex -27.294 0.534302 15.7581
    endloop
  endfacet
  facet normal -0.0490776 -0.997426 0.0522725
    outer loop
      vertex -27 0.519872 15.7589
      vertex -27.2664 0.335986 12
      vertex -27 0.322878 12
    endloop
  endfacet
  facet normal 0.970283 -0.241641 0.0126637
    outer loop
      vertex 29.8708 2.6461 15.6474
      vertex 29.8708 2.45495 12
      vertex 29.8773 2.48105 12
    endloop
  endfacet
  facet normal 0.96998 -0.24285 0.0127278
    outer loop
      vertex 29.8708 2.6461 15.6474
      vertex 29.9424 2.74092 12
      vertex 29.9424 2.9313 15.6325
    endloop
  endfacet
  facet normal 0.969947 -0.242981 0.0127238
    outer loop
      vertex 29.9424 2.74092 12
      vertex 29.8708 2.6461 15.6474
      vertex 29.8773 2.48105 12
    endloop
  endfacet
  facet normal -0.000795546 0.0562904 0.998414
    outer loop
      vertex 27.8708 0.648875 15.7521
      vertex 27.294 0.534302 15.7581
      vertex 27.5853 0.57744 15.7559
    endloop
  endfacet
  facet normal -0.740966 -0.670622 0.0351463
    outer loop
      vertex -29.319 1.42121 12
      vertex -29.1213 1.39736 15.7129
      vertex -29.319 1.6152 15.7015
    endloop
  endfacet
  facet normal -0.740955 -0.670635 0.0351456
    outer loop
      vertex -29.1213 1.39736 15.7129
      vertex -29.319 1.42121 12
      vertex -29.1213 1.20278 12
    endloop
  endfacet
  facet normal 0.000167042 0.0525413 0.998619
    outer loop
      vertex -27.8708 0.648875 15.7521
      vertex -29.7716 2.36929 15.6619
      vertex -29.319 1.6152 15.7015
    endloop
  endfacet
  facet normal 0.000517142 0.0523371 0.998629
    outer loop
      vertex -30 13.0027 15.1047
      vertex -30 3.51576 15.6019
      vertex -29.9855 13.2964 15.0893
    endloop
  endfacet
  facet normal 0.0013872 0.0523357 0.998629
    outer loop
      vertex -29.9855 13.2964 15.0893
      vertex -30 3.51576 15.6019
      vertex -29.9424 13.5872 15.074
    endloop
  endfacet
  facet normal -0.989225 -0.146199 0.0076622
    outer loop
      vertex -29.9855 3.03255 12
      vertex -29.9424 2.9313 15.6325
      vertex -29.9855 3.22213 15.6173
    endloop
  endfacet
  facet normal -0.989226 -0.146198 0.00766225
    outer loop
      vertex -29.9424 2.9313 15.6325
      vertex -29.9855 3.03255 12
      vertex -29.9424 2.74092 12
    endloop
  endfacet
  facet normal 0.000195834 0.0522219 0.998635
    outer loop
      vertex -29.8708 2.6461 15.6474
      vertex -29.9855 3.22213 15.6173
      vertex -29.9424 2.9313 15.6325
    endloop
  endfacet
  facet normal 0.336747 0.940305 -0.0492774
    outer loop
      vertex 28.148 15.6155 12
      vertex 27.8708 15.8696 14.9544
      vertex 28.148 15.7706 14.9596
    endloop
  endfacet
  facet normal 0.33683 0.940276 -0.0492671
    outer loop
      vertex 27.8708 15.8696 14.9544
      vertex 28.148 15.6155 12
      vertex 27.8708 15.7148 12
    endloop
  endfacet
  facet normal 0.000347475 0.0556301 0.998451
    outer loop
      vertex 27.294 15.9842 14.9484
      vertex 27 15.9986 14.9477
      vertex 27.5853 15.9411 14.9507
    endloop
  endfacet
  facet normal -0.0489782 0.997431 -0.0522791
    outer loop
      vertex -27 15.8441 12
      vertex -27.294 15.9842 14.9484
      vertex -27 15.9986 14.9477
    endloop
  endfacet
  facet normal -0.0488541 0.997437 -0.052267
    outer loop
      vertex -27.294 15.9842 14.9484
      vertex -27 15.8441 12
      vertex -27.294 15.8297 12
    endloop
  endfacet
  facet normal 0.998845 0.0479795 -0.00251434
    outer loop
      vertex 30 12.84 12
      vertex 29.9989 12.8629 12
      vertex 30 13.0027 15.1047
    endloop
  endfacet
  facet normal 0.000294449 0.052331 0.99863
    outer loop
      vertex 29.7716 14.1492 15.0446
      vertex 29.7716 2.36929 15.6619
      vertex 29.9424 13.5872 15.074
    endloop
  endfacet
  facet normal 0.941519 0.336499 -0.0176395
    outer loop
      vertex 29.8708 13.8724 15.0591
      vertex 29.7716 13.9896 12
      vertex 29.7716 14.1492 15.0446
    endloop
  endfacet
  facet normal 0.941521 0.336493 -0.0176398
    outer loop
      vertex 29.7716 13.9896 12
      vertex 29.8708 13.8724 15.0591
      vertex 29.8632 13.7333 12
    endloop
  endfacet
  facet normal -0.000167042 0.0525413 0.998619
    outer loop
      vertex 29.7716 2.36929 15.6619
      vertex 27.8708 0.648875 15.7521
      vertex 29.319 1.6152 15.7015
    endloop
  endfacet
  facet normal 0.802322 -0.596073 0.0312393
    outer loop
      vertex 29.319 1.6152 15.7015
      vertex 29.319 1.42121 12
      vertex 29.3353 1.44315 12
    endloop
  endfacet
  facet normal -0.00128536 0.0524382 0.998623
    outer loop
      vertex 30 3.51576 15.6019
      vertex 29.8708 2.6461 15.6474
      vertex 29.9855 3.22213 15.6173
    endloop
  endfacet
  facet normal -0.000195834 0.0522219 0.998635
    outer loop
      vertex 29.9855 3.22213 15.6173
      vertex 29.8708 2.6461 15.6474
      vertex 29.9424 2.9313 15.6325
    endloop
  endfacet
  facet normal -0.427553 -0.902751 0.0473115
    outer loop
      vertex -28.173 0.563376 12
      vertex -28.4142 0.873633 15.7403
      vertex -28.4142 0.677611 12
    endloop
  endfacet
  facet normal -0.427505 -0.902774 0.0473165
    outer loop
      vertex -28.4142 0.873633 15.7403
      vertex -28.173 0.563376 12
      vertex -28.148 0.747921 15.7469
    endloop
  endfacet
  facet normal -0.595629 -0.802159 0.0420405
    outer loop
      vertex -28.6667 0.829171 12
      vertex -28.9032 1.19991 15.7232
      vertex -28.9032 1.00478 12
    endloop
  endfacet
  facet normal -0.595636 -0.802154 0.0420396
    outer loop
      vertex -28.9032 1.19991 15.7232
      vertex -28.6667 0.829171 12
      vertex -28.6667 1.02478 15.7324
    endloop
  endfacet
  facet normal -0.514127 -0.856539 0.0448898
    outer loop
      vertex -28.4142 0.677611 12
      vertex -28.6667 1.02478 15.7324
      vertex -28.6667 0.829171 12
    endloop
  endfacet
  facet normal -0.514129 -0.856537 0.0448895
    outer loop
      vertex -28.6667 1.02478 15.7324
      vertex -28.4142 0.677611 12
      vertex -28.4142 0.873633 15.7403
    endloop
  endfacet
  facet normal -0.243209 -0.968645 0.0507644
    outer loop
      vertex -27.8708 0.648875 15.7521
      vertex -27.8708 0.452236 12
      vertex -27.844 0.445507 12
    endloop
  endfacet
  facet normal -0.6717 -0.739808 0.0387665
    outer loop
      vertex -28.9032 1.00478 12
      vertex -29.1213 1.39736 15.7129
      vertex -29.101 1.18437 12
    endloop
  endfacet
  facet normal -0.671641 -0.739861 0.0387755
    outer loop
      vertex -29.1213 1.39736 15.7129
      vertex -28.9032 1.00478 12
      vertex -28.9032 1.19991 15.7232
    endloop
  endfacet
  facet normal -0.000199979 0.0512927 0.998684
    outer loop
      vertex -27 0.519872 15.7589
      vertex -27.8708 0.648875 15.7521
      vertex -27.294 0.534302 15.7581
    endloop
  endfacet
  facet normal -3.52909e-05 0.0522285 0.998635
    outer loop
      vertex -28.148 0.747921 15.7469
      vertex -29.319 1.6152 15.7015
      vertex -29.1213 1.39736 15.7129
    endloop
  endfacet
  facet normal -0.998787 0.0491751 -0.0025771
    outer loop
      vertex -29.9855 13.1345 12
      vertex -30 13.0027 15.1047
      vertex -29.9855 13.2964 15.0893
    endloop
  endfacet
  facet normal -0.998782 0.0492772 -0.00257275
    outer loop
      vertex -30 13.0027 15.1047
      vertex -29.9855 13.1345 12
      vertex -29.9989 12.8629 12
    endloop
  endfacet
  facet normal -0.989224 0.146211 -0.00766602
    outer loop
      vertex -29.9457 13.4037 12
      vertex -29.9855 13.2964 15.0893
      vertex -29.9424 13.5872 15.074
    endloop
  endfacet
  facet normal -0.989218 0.146251 -0.00766455
    outer loop
      vertex -29.9855 13.2964 15.0893
      vertex -29.9457 13.4037 12
      vertex -29.9855 13.1345 12
    endloop
  endfacet
  facet normal 0.000463831 0.0520047 0.998647
    outer loop
      vertex -29.6458 14.415 15.0307
      vertex -29.7716 14.1492 15.0446
      vertex -28.9032 15.3186 14.9833
    endloop
  endfacet
  facet normal -0.674194 0.737542 -0.0386546
    outer loop
      vertex -29.105 14.9791 12
      vertex -29.1213 14.9642 12
      vertex -29.1213 15.1211 14.9937
    endloop
  endfacet
  facet normal 0.000650336 0.0542688 0.998526
    outer loop
      vertex 27.8708 15.8696 14.9544
      vertex 27.5853 15.9411 14.9507
      vertex 28.148 15.7706 14.9596
    endloop
  endfacet
  facet normal 3.75527e-05 0.0522826 0.998632
    outer loop
      vertex 21.5923 8.35229 15.3484
      vertex 29.7716 14.1492 15.0446
      vertex 21.6 8.50891 15.3402
    endloop
  endfacet
  facet normal 3.28589e-05 0.0522894 0.998632
    outer loop
      vertex 29.7716 14.1492 15.0446
      vertex 21.5923 8.66552 15.332
      vertex 21.6 8.50891 15.3402
    endloop
  endfacet
  facet normal -0.000279546 0.052754 0.998607
    outer loop
      vertex 29.7716 14.1492 15.0446
      vertex 21.5693 8.82062 15.3238
      vertex 21.5923 8.66552 15.332
    endloop
  endfacet
  facet normal 0.000256908 0.0519305 0.998651
    outer loop
      vertex 29.7716 14.1492 15.0446
      vertex 21.5311 8.97273 15.3159
      vertex 21.5693 8.82062 15.3238
    endloop
  endfacet
  facet normal -0.000217392 0.0526835 0.998611
    outer loop
      vertex 29.7716 14.1492 15.0446
      vertex 21.4782 9.12036 15.3081
      vertex 21.5311 8.97273 15.3159
    endloop
  endfacet
  facet normal 9.08917e-05 0.0521765 0.998638
    outer loop
      vertex 29.7716 14.1492 15.0446
      vertex 21.4111 9.26211 15.3007
      vertex 21.4782 9.12036 15.3081
    endloop
  endfacet
  facet normal 0.000153374 0.0520699 0.998643
    outer loop
      vertex 29.7716 14.1492 15.0446
      vertex 21.3304 9.3966 15.2937
      vertex 21.4111 9.26211 15.3007
    endloop
  endfacet
  facet normal 4.62558e-06 0.0523334 0.99863
    outer loop
      vertex 29.7716 14.1492 15.0446
      vertex 21.2368 9.52255 15.2871
      vertex 21.3304 9.3966 15.2937
    endloop
  endfacet
  facet normal -3.30226e-05 0.0524026 0.998626
    outer loop
      vertex 29.7716 14.1492 15.0446
      vertex 21.1314 9.63873 15.281
      vertex 21.2368 9.52255 15.2871
    endloop
  endfacet
  facet normal 5.93927e-05 0.0522261 0.998635
    outer loop
      vertex 29.7716 14.1492 15.0446
      vertex 21.015 9.74403 15.2755
      vertex 21.1314 9.63873 15.281
    endloop
  endfacet
  facet normal -1.23345e-05 0.0523683 0.998628
    outer loop
      vertex 29.7716 14.1492 15.0446
      vertex 20.8889 9.83744 15.2706
      vertex 21.015 9.74403 15.2755
    endloop
  endfacet
  facet normal -0.000248496 0.0528535 0.998602
    outer loop
      vertex 29.7716 14.1492 15.0446
      vertex 20.7542 9.91805 15.2663
      vertex 20.8889 9.83744 15.2706
    endloop
  endfacet
  facet normal 4.45418e-05 0.0522307 0.998635
    outer loop
      vertex 29.7716 14.1492 15.0446
      vertex 20.6123 9.98509 15.2628
      vertex 20.7542 9.91805 15.2663
    endloop
  endfacet
  facet normal 0.00025444 0.0517702 0.998659
    outer loop
      vertex 29.7716 14.1492 15.0446
      vertex 20.4645 10.0379 15.2601
      vertex 20.6123 9.98509 15.2628
    endloop
  endfacet
  facet normal -1.22645e-05 0.0523723 0.998628
    outer loop
      vertex 29.7716 14.1492 15.0446
      vertex 20.3121 10.076 15.2581
      vertex 20.4645 10.0379 15.2601
    endloop
  endfacet
  facet normal -0.000451823 0.0533903 0.998574
    outer loop
      vertex 29.7716 14.1492 15.0446
      vertex 20.1568 10.099 15.2568
      vertex 20.3121 10.076 15.2581
    endloop
  endfacet
  facet normal 1.9519e-05 0.0522745 0.998633
    outer loop
      vertex 29.7716 14.1492 15.0446
      vertex 20 10.1067 15.2564
      vertex 20.1568 10.099 15.2568
    endloop
  endfacet
  facet normal -2.4777e-05 0.0523813 0.998627
    outer loop
      vertex 29.7716 14.1492 15.0446
      vertex 19.8432 10.099 15.2568
      vertex 20 10.1067 15.2564
    endloop
  endfacet
  facet normal 0.000958907 0.0499764 0.99875
    outer loop
      vertex 29.7716 14.1492 15.0446
      vertex 19.6879 10.076 15.2581
      vertex 19.8432 10.099 15.2568
    endloop
  endfacet
  facet normal 5.08675e-05 0.0522184 0.998636
    outer loop
      vertex 29.7716 14.1492 15.0446
      vertex 19.5355 10.0379 15.2601
      vertex 19.6879 10.076 15.2581
    endloop
  endfacet
  facet normal -0 0.0523447 0.998629
    outer loop
      vertex -19.5355 10.0379 15.2601
      vertex 19.5355 10.0379 15.2601
      vertex 29.7716 14.1492 15.0446
    endloop
  endfacet
  facet normal 0 0.0522877 0.998632
    outer loop
      vertex 18.4077 8.66552 15.332
      vertex -18.4 8.50891 15.3402
      vertex 18.4 8.50891 15.3402
    endloop
  endfacet
  facet normal -0 0.0527954 0.998605
    outer loop
      vertex -18.4077 8.66552 15.332
      vertex 18.4077 8.66552 15.332
      vertex 18.4307 8.82062 15.3238
    endloop
  endfacet
  facet normal -0 0.0518662 0.998654
    outer loop
      vertex -18.4307 8.82062 15.3238
      vertex 18.4307 8.82062 15.3238
      vertex 18.4689 8.97273 15.3159
    endloop
  endfacet
  facet normal -0 0.0527612 0.998607
    outer loop
      vertex -18.4689 8.97273 15.3159
      vertex 18.4689 8.97273 15.3159
      vertex 18.5218 9.12036 15.3081
    endloop
  endfacet
  facet normal -0 0.0521336 0.99864
    outer loop
      vertex -18.5218 9.12036 15.3081
      vertex 18.5218 9.12036 15.3081
      vertex 18.5889 9.26211 15.3007
    endloop
  endfacet
  facet normal -0 0.0519781 0.998648
    outer loop
      vertex -18.5889 9.26211 15.3007
      vertex 18.5889 9.26211 15.3007
      vertex 18.6696 9.3966 15.2937
    endloop
  endfacet
  facet normal -0 0.0523299 0.99863
    outer loop
      vertex -18.6696 9.3966 15.2937
      vertex 18.6696 9.3966 15.2937
      vertex 18.7632 9.52255 15.2871
    endloop
  endfacet
  facet normal -0 0.0524325 0.998624
    outer loop
      vertex -18.7632 9.52255 15.2871
      vertex 18.7632 9.52255 15.2871
      vertex 18.8686 9.63873 15.281
    endloop
  endfacet
  facet normal -0 0.0521606 0.998639
    outer loop
      vertex -18.8686 9.63873 15.281
      vertex 18.8686 9.63873 15.281
      vertex 18.985 9.74403 15.2755
    endloop
  endfacet
  facet normal -0 0.0523849 0.998627
    outer loop
      vertex -18.985 9.74403 15.2755
      vertex 18.985 9.74403 15.2755
      vertex 19.1111 9.83744 15.2706
    endloop
  endfacet
  facet normal -0 0.0532675 0.99858
    outer loop
      vertex -19.1111 9.83744 15.2706
      vertex 19.1111 9.83744 15.2706
      vertex 19.2458 9.91805 15.2663
    endloop
  endfacet
  facet normal -0 0.0521366 0.99864
    outer loop
      vertex -19.2458 9.91805 15.2663
      vertex 19.2458 9.91805 15.2663
      vertex 19.3877 9.98509 15.2628
    endloop
  endfacet
  facet normal 0 0.05106 0.998696
    outer loop
      vertex 19.5355 10.0379 15.2601
      vertex -19.5355 10.0379 15.2601
      vertex 19.3877 9.98509 15.2628
    endloop
  endfacet
  facet normal 0 0.0522877 0.998632
    outer loop
      vertex 18.4077 8.66552 15.332
      vertex -18.4077 8.66552 15.332
      vertex -18.4 8.50891 15.3402
    endloop
  endfacet
  facet normal 0 0.0527954 0.998605
    outer loop
      vertex 18.4307 8.82062 15.3238
      vertex -18.4307 8.82062 15.3238
      vertex -18.4077 8.66552 15.332
    endloop
  endfacet
  facet normal 0 0.0518662 0.998654
    outer loop
      vertex 18.4689 8.97273 15.3159
      vertex -18.4689 8.97273 15.3159
      vertex -18.4307 8.82062 15.3238
    endloop
  endfacet
  facet normal 0 0.0527612 0.998607
    outer loop
      vertex 18.5218 9.12036 15.3081
      vertex -18.5218 9.12036 15.3081
      vertex -18.4689 8.97273 15.3159
    endloop
  endfacet
  facet normal 0 0.0521336 0.99864
    outer loop
      vertex 18.5889 9.26211 15.3007
      vertex -18.5889 9.26211 15.3007
      vertex -18.5218 9.12036 15.3081
    endloop
  endfacet
  facet normal 0 0.0519781 0.998648
    outer loop
      vertex 18.6696 9.3966 15.2937
      vertex -18.6696 9.3966 15.2937
      vertex -18.5889 9.26211 15.3007
    endloop
  endfacet
  facet normal 0 0.0523299 0.99863
    outer loop
      vertex 18.7632 9.52255 15.2871
      vertex -18.7632 9.52255 15.2871
      vertex -18.6696 9.3966 15.2937
    endloop
  endfacet
  facet normal 0 0.0524325 0.998624
    outer loop
      vertex 18.8686 9.63873 15.281
      vertex -18.8686 9.63873 15.281
      vertex -18.7632 9.52255 15.2871
    endloop
  endfacet
  facet normal 0 0.0521606 0.998639
    outer loop
      vertex 18.985 9.74403 15.2755
      vertex -18.985 9.74403 15.2755
      vertex -18.8686 9.63873 15.281
    endloop
  endfacet
  facet normal 0 0.0523849 0.998627
    outer loop
      vertex 19.1111 9.83744 15.2706
      vertex -19.1111 9.83744 15.2706
      vertex -18.985 9.74403 15.2755
    endloop
  endfacet
  facet normal 0 0.0532675 0.99858
    outer loop
      vertex 19.2458 9.91805 15.2663
      vertex -19.2458 9.91805 15.2663
      vertex -19.1111 9.83744 15.2706
    endloop
  endfacet
  facet normal 0 0.0521366 0.99864
    outer loop
      vertex 19.3877 9.98509 15.2628
      vertex -19.3877 9.98509 15.2628
      vertex -19.2458 9.91805 15.2663
    endloop
  endfacet
  facet normal 0 0.05106 0.998696
    outer loop
      vertex 19.3877 9.98509 15.2628
      vertex -19.5355 10.0379 15.2601
      vertex -19.3877 9.98509 15.2628
    endloop
  endfacet
  facet normal -0 0.0523447 0.998629
    outer loop
      vertex -29.7716 14.1492 15.0446
      vertex -19.5355 10.0379 15.2601
      vertex 29.7716 14.1492 15.0446
    endloop
  endfacet
  facet normal -5.08675e-05 0.0522184 0.998636
    outer loop
      vertex -19.5355 10.0379 15.2601
      vertex -29.7716 14.1492 15.0446
      vertex -19.6879 10.076 15.2581
    endloop
  endfacet
  facet normal -0.000958907 0.0499764 0.99875
    outer loop
      vertex -19.6879 10.076 15.2581
      vertex -29.7716 14.1492 15.0446
      vertex -19.8432 10.099 15.2568
    endloop
  endfacet
  facet normal 2.4777e-05 0.0523813 0.998627
    outer loop
      vertex -19.8432 10.099 15.2568
      vertex -29.7716 14.1492 15.0446
      vertex -20 10.1067 15.2564
    endloop
  endfacet
  facet normal -3.28589e-05 0.0522894 0.998632
    outer loop
      vertex -29.7716 14.1492 15.0446
      vertex -21.6 8.50891 15.3402
      vertex -21.5923 8.66552 15.332
    endloop
  endfacet
  facet normal 0.000279546 0.052754 0.998607
    outer loop
      vertex -29.7716 14.1492 15.0446
      vertex -21.5923 8.66552 15.332
      vertex -21.5693 8.82062 15.3238
    endloop
  endfacet
  facet normal -0.000256908 0.0519305 0.998651
    outer loop
      vertex -29.7716 14.1492 15.0446
      vertex -21.5693 8.82062 15.3238
      vertex -21.5311 8.97273 15.3159
    endloop
  endfacet
  facet normal 0.000217392 0.0526835 0.998611
    outer loop
      vertex -29.7716 14.1492 15.0446
      vertex -21.5311 8.97273 15.3159
      vertex -21.4782 9.12036 15.3081
    endloop
  endfacet
  facet normal -9.08917e-05 0.0521765 0.998638
    outer loop
      vertex -29.7716 14.1492 15.0446
      vertex -21.4782 9.12036 15.3081
      vertex -21.4111 9.26211 15.3007
    endloop
  endfacet
  facet normal -0.000153374 0.0520699 0.998643
    outer loop
      vertex -29.7716 14.1492 15.0446
      vertex -21.4111 9.26211 15.3007
      vertex -21.3304 9.3966 15.2937
    endloop
  endfacet
  facet normal -4.62558e-06 0.0523334 0.99863
    outer loop
      vertex -29.7716 14.1492 15.0446
      vertex -21.3304 9.3966 15.2937
      vertex -21.2368 9.52255 15.2871
    endloop
  endfacet
  facet normal -1.91402e-06 0.0523341 0.99863
    outer loop
      vertex -21.6 8.50891 15.3402
      vertex -29.7716 14.1492 15.0446
      vertex -27.8708 0.648875 15.7521
    endloop
  endfacet
  facet normal 3.30226e-05 0.0524026 0.998626
    outer loop
      vertex -21.1314 9.63873 15.281
      vertex -29.7716 14.1492 15.0446
      vertex -21.2368 9.52255 15.2871
    endloop
  endfacet
  facet normal -5.93927e-05 0.0522261 0.998635
    outer loop
      vertex -21.015 9.74403 15.2755
      vertex -29.7716 14.1492 15.0446
      vertex -21.1314 9.63873 15.281
    endloop
  endfacet
  facet normal 1.23345e-05 0.0523683 0.998628
    outer loop
      vertex -20.8889 9.83744 15.2706
      vertex -29.7716 14.1492 15.0446
      vertex -21.015 9.74403 15.2755
    endloop
  endfacet
  facet normal 0.000248496 0.0528535 0.998602
    outer loop
      vertex -20.7542 9.91805 15.2663
      vertex -29.7716 14.1492 15.0446
      vertex -20.8889 9.83744 15.2706
    endloop
  endfacet
  facet normal -4.45418e-05 0.0522307 0.998635
    outer loop
      vertex -20.6123 9.98509 15.2628
      vertex -29.7716 14.1492 15.0446
      vertex -20.7542 9.91805 15.2663
    endloop
  endfacet
  facet normal -0.00025444 0.0517702 0.998659
    outer loop
      vertex -20.4645 10.0379 15.2601
      vertex -29.7716 14.1492 15.0446
      vertex -20.6123 9.98509 15.2628
    endloop
  endfacet
  facet normal 1.22645e-05 0.0523723 0.998628
    outer loop
      vertex -20.3121 10.076 15.2581
      vertex -29.7716 14.1492 15.0446
      vertex -20.4645 10.0379 15.2601
    endloop
  endfacet
  facet normal 0.000451823 0.0533903 0.998574
    outer loop
      vertex -20.1568 10.099 15.2568
      vertex -29.7716 14.1492 15.0446
      vertex -20.3121 10.076 15.2581
    endloop
  endfacet
  facet normal -1.9519e-05 0.0522745 0.998633
    outer loop
      vertex -20 10.1067 15.2564
      vertex -29.7716 14.1492 15.0446
      vertex -20.1568 10.099 15.2568
    endloop
  endfacet
  facet normal 8.53017e-07 0.0523342 0.99863
    outer loop
      vertex 29.7716 14.1492 15.0446
      vertex 21.5923 8.35229 15.3484
      vertex 27.8708 0.648875 15.7521
    endloop
  endfacet
  facet normal -0.000187592 0.052181 0.998638
    outer loop
      vertex 21.5693 8.19719 15.3565
      vertex 27.8708 0.648875 15.7521
      vertex 21.5923 8.35229 15.3484
    endloop
  endfacet
  facet normal 0.000172812 0.0524811 0.998622
    outer loop
      vertex 21.5311 8.04509 15.3645
      vertex 27.8708 0.648875 15.7521
      vertex 21.5693 8.19719 15.3565
    endloop
  endfacet
  facet normal -0.000206468 0.0521569 0.998639
    outer loop
      vertex 21.4782 7.89745 15.3722
      vertex 27.8708 0.648875 15.7521
      vertex 21.5311 8.04509 15.3645
    endloop
  endfacet
  facet normal 0.000370974 0.0526647 0.998612
    outer loop
      vertex 21.4111 7.75571 15.3797
      vertex 27.8708 0.648875 15.7521
      vertex 21.4782 7.89745 15.3722
    endloop
  endfacet
  facet normal -0.000235375 0.0521151 0.998641
    outer loop
      vertex 21.3304 7.62121 15.3867
      vertex 27.8708 0.648875 15.7521
      vertex 21.4111 7.75571 15.3797
    endloop
  endfacet
  facet normal -7.20405e-07 0.0523346 0.99863
    outer loop
      vertex 21.2368 7.49527 15.3933
      vertex 27.8708 0.648875 15.7521
      vertex 21.3304 7.62121 15.3867
    endloop
  endfacet
  facet normal 5.19443e-05 0.0523855 0.998627
    outer loop
      vertex 21.1314 7.37909 15.3994
      vertex 27.8708 0.648875 15.7521
      vertex 21.2368 7.49527 15.3933
    endloop
  endfacet
  facet normal -8.23541e-05 0.0522514 0.998634
    outer loop
      vertex 21.015 7.27379 15.4049
      vertex 27.8708 0.648875 15.7521
      vertex 21.1314 7.37909 15.3994
    endloop
  endfacet
  facet normal 2.0389e-05 0.0523574 0.998628
    outer loop
      vertex 20.8889 7.18038 15.4098
      vertex 27.8708 0.648875 15.7521
      vertex 21.015 7.27379 15.4049
    endloop
  endfacet
  facet normal -0.000111093 0.0522173 0.998636
    outer loop
      vertex 20.7542 7.09977 15.414
      vertex 27.8708 0.648875 15.7521
      vertex 20.8889 7.18038 15.4098
    endloop
  endfacet
  facet normal -6.31759e-05 0.05227 0.998633
    outer loop
      vertex 20.6123 7.03273 15.4175
      vertex 27.8708 0.648875 15.7521
      vertex 20.7542 7.09977 15.414
    endloop
  endfacet
  facet normal 0.00014891 0.0525105 0.99862
    outer loop
      vertex 20.4645 6.9799 15.4203
      vertex 27.8708 0.648875 15.7521
      vertex 20.6123 7.03273 15.4175
    endloop
  endfacet
  facet normal 1.63925e-05 0.0523559 0.998628
    outer loop
      vertex 20.3121 6.9418 15.4223
      vertex 27.8708 0.648875 15.7521
      vertex 20.4645 6.9799 15.4203
    endloop
  endfacet
  facet normal -3.2259e-05 0.0522976 0.998632
    outer loop
      vertex 20.1568 6.91879 15.4235
      vertex 27.8708 0.648875 15.7521
      vertex 20.3121 6.9418 15.4223
    endloop
  endfacet
  facet normal -1.81708e-05 0.0523149 0.998631
    outer loop
      vertex 20 6.9111 15.4239
      vertex 27.8708 0.648875 15.7521
      vertex 20.1568 6.91879 15.4235
    endloop
  endfacet
  facet normal 2.0558e-05 0.0523634 0.998628
    outer loop
      vertex 19.8432 6.91879 15.4235
      vertex 27.8708 0.648875 15.7521
      vertex 20 6.9111 15.4239
    endloop
  endfacet
  facet normal 4.70682e-05 0.0523973 0.998626
    outer loop
      vertex 19.6879 6.9418 15.4223
      vertex 27.8708 0.648875 15.7521
      vertex 19.8432 6.91879 15.4235
    endloop
  endfacet
  facet normal -3.15817e-05 0.0522953 0.998632
    outer loop
      vertex 19.5355 6.9799 15.4203
      vertex 27.8708 0.648875 15.7521
      vertex 19.6879 6.9418 15.4223
    endloop
  endfacet
  facet normal -0.000398913 0.051813 0.998657
    outer loop
      vertex 19.3877 7.03273 15.4175
      vertex 27.8708 0.648875 15.7521
      vertex 19.5355 6.9799 15.4203
    endloop
  endfacet
  facet normal 0.000260911 0.0526874 0.998611
    outer loop
      vertex 19.2458 7.09977 15.414
      vertex 27.8708 0.648875 15.7521
      vertex 19.3877 7.03273 15.4175
    endloop
  endfacet
  facet normal -0 0.0520321 0.998645
    outer loop
      vertex -19.2458 7.09977 15.414
      vertex 19.2458 7.09977 15.414
      vertex 19.1111 7.18038 15.4098
    endloop
  endfacet
  facet normal -0 0.0523849 0.998627
    outer loop
      vertex -19.1111 7.18038 15.4098
      vertex 19.1111 7.18038 15.4098
      vertex 18.985 7.27379 15.4049
    endloop
  endfacet
  facet normal -0 0.0522844 0.998632
    outer loop
      vertex -18.4 8.50891 15.3402
      vertex 18.4077 8.35229 15.3484
      vertex 18.4 8.50891 15.3402
    endloop
  endfacet
  facet normal -0 0.0522844 0.998632
    outer loop
      vertex -18.4077 8.35229 15.3484
      vertex 18.4077 8.35229 15.3484
      vertex -18.4 8.50891 15.3402
    endloop
  endfacet
  facet normal 0 0.0521533 0.998639
    outer loop
      vertex 18.4077 8.35229 15.3484
      vertex -18.4077 8.35229 15.3484
      vertex 18.4307 8.19719 15.3565
    endloop
  endfacet
  facet normal -0 0.0521533 0.998639
    outer loop
      vertex -18.4307 8.19719 15.3565
      vertex 18.4307 8.19719 15.3565
      vertex -18.4077 8.35229 15.3484
    endloop
  endfacet
  facet normal 0 0.0525244 0.99862
    outer loop
      vertex 18.4307 8.19719 15.3565
      vertex -18.4307 8.19719 15.3565
      vertex 18.4689 8.04509 15.3645
    endloop
  endfacet
  facet normal -0 0.0525244 0.99862
    outer loop
      vertex -18.4689 8.04509 15.3645
      vertex 18.4689 8.04509 15.3645
      vertex -18.4307 8.19719 15.3565
    endloop
  endfacet
  facet normal 0 0.0520831 0.998643
    outer loop
      vertex 18.4689 8.04509 15.3645
      vertex -18.4689 8.04509 15.3645
      vertex 18.5218 7.89745 15.3722
    endloop
  endfacet
  facet normal -0 0.0520831 0.998643
    outer loop
      vertex -18.5218 7.89745 15.3722
      vertex 18.5218 7.89745 15.3722
      vertex -18.4689 8.04509 15.3645
    endloop
  endfacet
  facet normal 0 0.0528399 0.998603
    outer loop
      vertex 18.5218 7.89745 15.3722
      vertex -18.5218 7.89745 15.3722
      vertex 18.5889 7.75571 15.3797
    endloop
  endfacet
  facet normal -0 0.0528399 0.998603
    outer loop
      vertex -18.5889 7.75571 15.3797
      vertex 18.5889 7.75571 15.3797
      vertex -18.5218 7.89745 15.3722
    endloop
  endfacet
  facet normal 0 0.0519743 0.998648
    outer loop
      vertex 18.5889 7.75571 15.3797
      vertex -18.5889 7.75571 15.3797
      vertex 18.6696 7.62121 15.3867
    endloop
  endfacet
  facet normal -0 0.0519743 0.998648
    outer loop
      vertex -18.6696 7.62121 15.3867
      vertex 18.6696 7.62121 15.3867
      vertex -18.5889 7.75571 15.3797
    endloop
  endfacet
  facet normal 0 0.0523341 0.99863
    outer loop
      vertex 18.6696 7.62121 15.3867
      vertex -18.6696 7.62121 15.3867
      vertex 18.7632 7.49527 15.3933
    endloop
  endfacet
  facet normal -0 0.0523341 0.99863
    outer loop
      vertex -18.7632 7.49527 15.3933
      vertex 18.7632 7.49527 15.3933
      vertex -18.6696 7.62121 15.3867
    endloop
  endfacet
  facet normal 0 0.0524325 0.998624
    outer loop
      vertex 18.7632 7.49527 15.3933
      vertex -18.7632 7.49527 15.3933
      vertex 18.8686 7.37909 15.3994
    endloop
  endfacet
  facet normal -0 0.0524325 0.998624
    outer loop
      vertex -18.8686 7.37909 15.3994
      vertex 18.8686 7.37909 15.3994
      vertex -18.7632 7.49527 15.3933
    endloop
  endfacet
  facet normal 0 0.0521606 0.998639
    outer loop
      vertex 18.8686 7.37909 15.3994
      vertex -18.8686 7.37909 15.3994
      vertex 18.985 7.27379 15.4049
    endloop
  endfacet
  facet normal -0 0.0521606 0.998639
    outer loop
      vertex -18.985 7.27379 15.4049
      vertex 18.985 7.27379 15.4049
      vertex -18.8686 7.37909 15.3994
    endloop
  endfacet
  facet normal 0 0.0523849 0.998627
    outer loop
      vertex -19.1111 7.18038 15.4098
      vertex 18.985 7.27379 15.4049
      vertex -18.985 7.27379 15.4049
    endloop
  endfacet
  facet normal 0 0.0520321 0.998645
    outer loop
      vertex 19.1111 7.18038 15.4098
      vertex -19.1111 7.18038 15.4098
      vertex -19.2458 7.09977 15.414
    endloop
  endfacet
  facet normal 0 0.0523395 0.998629
    outer loop
      vertex 19.2458 7.09977 15.414
      vertex -19.2458 7.09977 15.414
      vertex 27.8708 0.648875 15.7521
    endloop
  endfacet
  facet normal -0.000260911 0.0526874 0.998611
    outer loop
      vertex -27.8708 0.648875 15.7521
      vertex -19.2458 7.09977 15.414
      vertex -19.3877 7.03273 15.4175
    endloop
  endfacet
  facet normal 0.000398913 0.051813 0.998657
    outer loop
      vertex -27.8708 0.648875 15.7521
      vertex -19.3877 7.03273 15.4175
      vertex -19.5355 6.9799 15.4203
    endloop
  endfacet
  facet normal 3.15817e-05 0.0522953 0.998632
    outer loop
      vertex -27.8708 0.648875 15.7521
      vertex -19.5355 6.9799 15.4203
      vertex -19.6879 6.9418 15.4223
    endloop
  endfacet
  facet normal -4.70682e-05 0.0523973 0.998626
    outer loop
      vertex -27.8708 0.648875 15.7521
      vertex -19.6879 6.9418 15.4223
      vertex -19.8432 6.91879 15.4235
    endloop
  endfacet
  facet normal -2.0558e-05 0.0523634 0.998628
    outer loop
      vertex -27.8708 0.648875 15.7521
      vertex -19.8432 6.91879 15.4235
      vertex -20 6.9111 15.4239
    endloop
  endfacet
  facet normal 1.81708e-05 0.0523149 0.998631
    outer loop
      vertex -27.8708 0.648875 15.7521
      vertex -20 6.9111 15.4239
      vertex -20.1568 6.91879 15.4235
    endloop
  endfacet
  facet normal 0 0.0523395 0.998629
    outer loop
      vertex -19.2458 7.09977 15.414
      vertex -27.8708 0.648875 15.7521
      vertex 27.8708 0.648875 15.7521
    endloop
  endfacet
  facet normal 3.2259e-05 0.0522976 0.998632
    outer loop
      vertex -20.3121 6.9418 15.4223
      vertex -27.8708 0.648875 15.7521
      vertex -20.1568 6.91879 15.4235
    endloop
  endfacet
  facet normal -1.63925e-05 0.0523559 0.998628
    outer loop
      vertex -20.4645 6.9799 15.4203
      vertex -27.8708 0.648875 15.7521
      vertex -20.3121 6.9418 15.4223
    endloop
  endfacet
  facet normal -0.00014891 0.0525105 0.99862
    outer loop
      vertex -20.6123 7.03273 15.4175
      vertex -27.8708 0.648875 15.7521
      vertex -20.4645 6.9799 15.4203
    endloop
  endfacet
  facet normal 6.31759e-05 0.05227 0.998633
    outer loop
      vertex -20.7542 7.09977 15.414
      vertex -27.8708 0.648875 15.7521
      vertex -20.6123 7.03273 15.4175
    endloop
  endfacet
  facet normal 0.000111093 0.0522173 0.998636
    outer loop
      vertex -20.8889 7.18038 15.4098
      vertex -27.8708 0.648875 15.7521
      vertex -20.7542 7.09977 15.414
    endloop
  endfacet
  facet normal -2.0389e-05 0.0523574 0.998628
    outer loop
      vertex -21.015 7.27379 15.4049
      vertex -27.8708 0.648875 15.7521
      vertex -20.8889 7.18038 15.4098
    endloop
  endfacet
  facet normal 8.23541e-05 0.0522514 0.998634
    outer loop
      vertex -21.1314 7.37909 15.3994
      vertex -27.8708 0.648875 15.7521
      vertex -21.015 7.27379 15.4049
    endloop
  endfacet
  facet normal -5.19443e-05 0.0523855 0.998627
    outer loop
      vertex -21.2368 7.49527 15.3933
      vertex -27.8708 0.648875 15.7521
      vertex -21.1314 7.37909 15.3994
    endloop
  endfacet
  facet normal 7.20405e-07 0.0523346 0.99863
    outer loop
      vertex -21.3304 7.62121 15.3867
      vertex -27.8708 0.648875 15.7521
      vertex -21.2368 7.49527 15.3933
    endloop
  endfacet
  facet normal 0.000235375 0.0521151 0.998641
    outer loop
      vertex -21.4111 7.75571 15.3797
      vertex -27.8708 0.648875 15.7521
      vertex -21.3304 7.62121 15.3867
    endloop
  endfacet
  facet normal -0.000370974 0.0526647 0.998612
    outer loop
      vertex -21.4782 7.89745 15.3722
      vertex -27.8708 0.648875 15.7521
      vertex -21.4111 7.75571 15.3797
    endloop
  endfacet
  facet normal 0.000206468 0.0521569 0.998639
    outer loop
      vertex -21.5311 8.04509 15.3645
      vertex -27.8708 0.648875 15.7521
      vertex -21.4782 7.89745 15.3722
    endloop
  endfacet
  facet normal -0.000172812 0.0524811 0.998622
    outer loop
      vertex -21.5693 8.19719 15.3565
      vertex -27.8708 0.648875 15.7521
      vertex -21.5311 8.04509 15.3645
    endloop
  endfacet
  facet normal 0.000187592 0.052181 0.998638
    outer loop
      vertex -21.5923 8.35229 15.3484
      vertex -27.8708 0.648875 15.7521
      vertex -21.5693 8.19719 15.3565
    endloop
  endfacet
  facet normal 5.69792e-05 0.0522872 0.998632
    outer loop
      vertex -27.8708 0.648875 15.7521
      vertex -21.5923 8.35229 15.3484
      vertex -21.6 8.50891 15.3402
    endloop
  endfacet
  facet normal -0.146568 0.987845 -0.0517677
    outer loop
      vertex -27.3155 15.8265 12
      vertex -27.5853 15.9411 14.9507
      vertex -27.294 15.9842 14.9484
    endloop
  endfacet
  facet normal -0.146816 0.987807 -0.051789
    outer loop
      vertex -27.5853 15.9411 14.9507
      vertex -27.3155 15.8265 12
      vertex -27.5853 15.7864 12
    endloop
  endfacet
  facet normal -0.000347475 0.0556301 0.998451
    outer loop
      vertex -27.294 15.9842 14.9484
      vertex -27.5853 15.9411 14.9507
      vertex -27 15.9986 14.9477
    endloop
  endfacet
  facet normal 0.904102 0.426731 -0.0223595
    outer loop
      vertex 29.7716 14.1492 15.0446
      vertex 29.6458 14.2562 12
      vertex 29.6458 14.415 15.0307
    endloop
  endfacet
  facet normal 0.904146 0.426638 -0.0223646
    outer loop
      vertex 29.6458 14.2562 12
      vertex 29.7716 14.1492 15.0446
      vertex 29.7716 13.9896 12
    endloop
  endfacet
  facet normal -7.2075e-05 0.0523365 0.99863
    outer loop
      vertex 29.9424 13.5872 15.074
      vertex 29.7716 2.36929 15.6619
      vertex 29.8708 2.6461 15.6474
    endloop
  endfacet
  facet normal 0.428391 0.902355 -0.047305
    outer loop
      vertex 28.4142 15.4894 12
      vertex 28.3944 15.4988 12
      vertex 28.4142 15.6449 14.9662
    endloop
  endfacet
  facet normal 0.740905 0.670689 -0.0351509
    outer loop
      vertex 29.319 14.9033 15.0051
      vertex 29.1213 14.9642 12
      vertex 29.1213 15.1211 14.9937
    endloop
  endfacet
  facet normal 0.740909 0.670685 -0.0351512
    outer loop
      vertex 29.1213 14.9642 12
      vertex 29.319 14.9033 15.0051
      vertex 29.319 14.7458 12
    endloop
  endfacet
  facet normal -0.0015296 0.0508927 0.998703
    outer loop
      vertex 29.319 14.9033 15.0051
      vertex 28.9032 15.3186 14.9833
      vertex 29.4944 14.6672 15.0174
    endloop
  endfacet
  facet normal -0.514031 0.856596 -0.0448999
    outer loop
      vertex -28.6667 15.3379 12
      vertex -28.4142 15.6449 14.9662
      vertex -28.4329 15.4782 12
    endloop
  endfacet
  facet normal -0.514262 0.856459 -0.0448661
    outer loop
      vertex -28.4142 15.6449 14.9662
      vertex -28.6667 15.3379 12
      vertex -28.6667 15.4937 14.9741
    endloop
  endfacet
  facet normal 0.989224 0.146211 -0.00766602
    outer loop
      vertex 29.9855 13.2964 15.0893
      vertex 29.9457 13.4037 12
      vertex 29.9424 13.5872 15.074
    endloop
  endfacet
  facet normal 0.989218 0.146251 -0.00766455
    outer loop
      vertex 29.9457 13.4037 12
      vertex 29.9855 13.2964 15.0893
      vertex 29.9855 13.1345 12
    endloop
  endfacet
  facet normal 0.989293 0.145744 -0.00763805
    outer loop
      vertex 29.9457 13.4037 12
      vertex 29.9424 13.4261 12
      vertex 29.9424 13.5872 15.074
    endloop
  endfacet
  facet normal 0.941523 -0.336488 0.0176344
    outer loop
      vertex 29.7716 2.36929 15.6619
      vertex 29.8708 2.45495 12
      vertex 29.8708 2.6461 15.6474
    endloop
  endfacet
  facet normal 0.941523 -0.336488 0.0176344
    outer loop
      vertex 29.8708 2.45495 12
      vertex 29.7716 2.36929 15.6619
      vertex 29.7716 2.17738 12
    endloop
  endfacet
  facet normal 0.000522726 0.0513249 0.998682
    outer loop
      vertex 28.6667 1.02478 15.7324
      vertex 28.148 0.747921 15.7469
      vertex 28.4142 0.873633 15.7403
    endloop
  endfacet
  facet normal 0.0491844 -0.997421 0.052273
    outer loop
      vertex 27.294 0.534302 15.7581
      vertex 27.2664 0.335986 12
      vertex 27.294 0.337347 12
    endloop
  endfacet
  facet normal 1.68335e-05 0.0524514 0.998623
    outer loop
      vertex -29.319 1.6152 15.7015
      vertex -29.7716 2.36929 15.6619
      vertex -29.4944 1.85134 15.6891
    endloop
  endfacet
  facet normal -0.857656 -0.513518 0.0269116
    outer loop
      vertex -29.6458 1.91087 12
      vertex -29.4944 1.85134 15.6891
      vertex -29.6458 2.10351 15.6759
    endloop
  endfacet
  facet normal -0.857696 -0.513452 0.0269143
    outer loop
      vertex -29.4944 1.85134 15.6891
      vertex -29.6458 1.91087 12
      vertex -29.5084 1.68135 12
    endloop
  endfacet
  facet normal -5.42235e-05 0.0522002 0.998637
    outer loop
      vertex -28.148 0.747921 15.7469
      vertex -29.1213 1.39736 15.7129
      vertex -28.6667 1.02478 15.7324
    endloop
  endfacet
  facet normal 2.38919e-05 0.052331 0.99863
    outer loop
      vertex 29.7716 14.1492 15.0446
      vertex 27.8708 0.648875 15.7521
      vertex 29.7716 2.36929 15.6619
    endloop
  endfacet
  facet normal 0.00130593 0.0518459 0.998654
    outer loop
      vertex -29.8708 13.8724 15.0591
      vertex -29.9424 13.5872 15.074
      vertex -29.7716 14.1492 15.0446
    endloop
  endfacet
  facet normal -0.000522726 0.0513249 0.998682
    outer loop
      vertex -28.148 0.747921 15.7469
      vertex -28.6667 1.02478 15.7324
      vertex -28.4142 0.873633 15.7403
    endloop
  endfacet
  facet normal -0.00149214 0.0504504 0.998725
    outer loop
      vertex -28.6667 1.02478 15.7324
      vertex -29.1213 1.39736 15.7129
      vertex -28.9032 1.19991 15.7232
    endloop
  endfacet
  facet normal -0.427043 -0.902992 0.0473241
    outer loop
      vertex -28.148 0.747921 15.7469
      vertex -28.173 0.563376 12
      vertex -28.148 0.551553 12
    endloop
  endfacet
  facet normal -0.336881 -0.940257 0.0492771
    outer loop
      vertex -27.8708 0.452236 12
      vertex -28.148 0.747921 15.7469
      vertex -28.148 0.551553 12
    endloop
  endfacet
  facet normal -0.336886 -0.940255 0.0492766
    outer loop
      vertex -28.148 0.747921 15.7469
      vertex -27.8708 0.452236 12
      vertex -27.8708 0.648875 15.7521
    endloop
  endfacet
  facet normal -0.969016 0.246659 -0.0129267
    outer loop
      vertex -29.9368 13.4481 12
      vertex -29.9424 13.4261 12
      vertex -29.9424 13.5872 15.074
    endloop
  endfacet
  facet normal -0 0.052469 0.998623
    outer loop
      vertex -28.6667 15.4937 14.9741
      vertex 28.9032 15.3186 14.9833
      vertex 28.6667 15.4937 14.9741
    endloop
  endfacet
  facet normal 0 0.052469 0.998623
    outer loop
      vertex 28.9032 15.3186 14.9833
      vertex -28.6667 15.4937 14.9741
      vertex -28.9032 15.3186 14.9833
    endloop
  endfacet
  facet normal -0.941519 0.336499 -0.0176395
    outer loop
      vertex -29.7716 13.9896 12
      vertex -29.8708 13.8724 15.0591
      vertex -29.7716 14.1492 15.0446
    endloop
  endfacet
  facet normal -0.941521 0.336493 -0.0176398
    outer loop
      vertex -29.8708 13.8724 15.0591
      vertex -29.7716 13.9896 12
      vertex -29.8632 13.7333 12
    endloop
  endfacet
  facet normal -0.000294449 0.052331 0.99863
    outer loop
      vertex -29.7716 14.1492 15.0446
      vertex -29.9424 13.5872 15.074
      vertex -29.7716 2.36929 15.6619
    endloop
  endfacet
  facet normal 0.00160853 0.0508138 0.998707
    outer loop
      vertex -29.1213 15.1211 14.9937
      vertex -29.319 14.9033 15.0051
      vertex -28.9032 15.3186 14.9833
    endloop
  endfacet
  facet normal -0.513302 0.857031 -0.044929
    outer loop
      vertex -28.4142 15.4894 12
      vertex -28.4329 15.4782 12
      vertex -28.4142 15.6449 14.9662
    endloop
  endfacet
  facet normal -0.147018 0.987779 -0.0517609
    outer loop
      vertex -27.294 15.8297 12
      vertex -27.3155 15.8265 12
      vertex -27.294 15.9842 14.9484
    endloop
  endfacet
  facet normal 0.0489782 0.997431 -0.0522667
    outer loop
      vertex 27.294 15.8297 12
      vertex 27 15.9986 14.9477
      vertex 27.294 15.9842 14.9484
    endloop
  endfacet
  facet normal 0.048854 0.997437 -0.0522794
    outer loop
      vertex 27 15.9986 14.9477
      vertex 27.294 15.8297 12
      vertex 27 15.8441 12
    endloop
  endfacet
  facet normal -0.00160853 0.0508138 0.998707
    outer loop
      vertex 29.1213 15.1211 14.9937
      vertex 28.9032 15.3186 14.9833
      vertex 29.319 14.9033 15.0051
    endloop
  endfacet
  facet normal 0.857688 0.513465 -0.0269304
    outer loop
      vertex 29.6458 14.415 15.0307
      vertex 29.5058 14.4899 12
      vertex 29.4944 14.6672 15.0174
    endloop
  endfacet
  facet normal 0.857538 0.513716 -0.0269172
    outer loop
      vertex 29.5058 14.4899 12
      vertex 29.6458 14.415 15.0307
      vertex 29.6458 14.2562 12
    endloop
  endfacet
  facet normal 0.00125814 0.0534159 0.998572
    outer loop
      vertex 29.4944 14.6672 15.0174
      vertex 28.9032 15.3186 14.9833
      vertex 29.6458 14.415 15.0307
    endloop
  endfacet
  facet normal 0.59557 0.802202 -0.0420555
    outer loop
      vertex 28.9032 15.1622 12
      vertex 28.6667 15.4937 14.9741
      vertex 28.9032 15.3186 14.9833
    endloop
  endfacet
  facet normal 0.595829 0.802012 -0.0420139
    outer loop
      vertex 28.6667 15.4937 14.9741
      vertex 28.9032 15.1622 12
      vertex 28.6667 15.3379 12
    endloop
  endfacet
  facet normal -0 0.0521775 0.998638
    outer loop
      vertex -28.4142 15.6449 14.9662
      vertex 28.6667 15.4937 14.9741
      vertex 28.4142 15.6449 14.9662
    endloop
  endfacet
  facet normal 0 0.0521775 0.998638
    outer loop
      vertex 28.6667 15.4937 14.9741
      vertex -28.4142 15.6449 14.9662
      vertex -28.6667 15.4937 14.9741
    endloop
  endfacet
  facet normal 0.000258866 0.0529804 0.998596
    outer loop
      vertex 28.148 15.7706 14.9596
      vertex 27.5853 15.9411 14.9507
      vertex 28.4142 15.6449 14.9662
    endloop
  endfacet
  facet normal 0.427472 0.902789 -0.0473203
    outer loop
      vertex 28.3944 15.4988 12
      vertex 28.148 15.7706 14.9596
      vertex 28.4142 15.6449 14.9662
    endloop
  endfacet
  facet normal 0.42756 0.902748 -0.0473092
    outer loop
      vertex 28.148 15.7706 14.9596
      vertex 28.3944 15.4988 12
      vertex 28.148 15.6155 12
    endloop
  endfacet
  facet normal -0.00130593 0.0518459 0.998654
    outer loop
      vertex 29.8708 13.8724 15.0591
      vertex 29.7716 14.1492 15.0446
      vertex 29.9424 13.5872 15.074
    endloop
  endfacet
  facet normal 0.969016 0.246659 -0.0129267
    outer loop
      vertex 29.9424 13.4261 12
      vertex 29.9368 13.4481 12
      vertex 29.9424 13.5872 15.074
    endloop
  endfacet
  facet normal -0.0013872 0.0523357 0.998629
    outer loop
      vertex 29.9855 13.2964 15.0893
      vertex 29.9424 13.5872 15.074
      vertex 30 3.51576 15.6019
    endloop
  endfacet
  facet normal -0.000517142 0.0523371 0.998629
    outer loop
      vertex 30 13.0027 15.1047
      vertex 29.9855 13.2964 15.0893
      vertex 30 3.51576 15.6019
    endloop
  endfacet
  facet normal 0.90461 -0.425655 0.0223074
    outer loop
      vertex 29.7716 2.36929 15.6619
      vertex 29.7601 2.15294 12
      vertex 29.7716 2.17738 12
    endloop
  endfacet
  facet normal 0.24305 -0.968684 0.050766
    outer loop
      vertex 27.5853 0.380604 12
      vertex 27.8708 0.648875 15.7521
      vertex 27.5853 0.57744 15.7559
    endloop
  endfacet
  facet normal 0.243026 -0.96869 0.0507682
    outer loop
      vertex 27.8708 0.648875 15.7521
      vertex 27.5853 0.380604 12
      vertex 27.844 0.445507 12
    endloop
  endfacet
  facet normal 0.595636 -0.802154 0.0420396
    outer loop
      vertex 28.6667 0.829171 12
      vertex 28.9032 1.19991 15.7232
      vertex 28.6667 1.02478 15.7324
    endloop
  endfacet
  facet normal 0.595629 -0.802159 0.0420405
    outer loop
      vertex 28.9032 1.19991 15.7232
      vertex 28.6667 0.829171 12
      vertex 28.9032 1.00478 12
    endloop
  endfacet
  facet normal 0.857246 -0.514201 0.0269471
    outer loop
      vertex 29.4944 1.85134 15.6891
      vertex 29.4944 1.65801 12
      vertex 29.5084 1.68135 12
    endloop
  endfacet
  facet normal -0.00258944 0.0538243 0.998547
    outer loop
      vertex 29.7716 2.36929 15.6619
      vertex 29.4944 1.85134 15.6891
      vertex 29.6458 2.10351 15.6759
    endloop
  endfacet
  facet normal 0.00258944 0.0538243 0.998547
    outer loop
      vertex -29.4944 1.85134 15.6891
      vertex -29.7716 2.36929 15.6619
      vertex -29.6458 2.10351 15.6759
    endloop
  endfacet
  facet normal -0.904093 -0.42675 0.0223737
    outer loop
      vertex -29.7601 2.15294 12
      vertex -29.6458 2.10351 15.6759
      vertex -29.7716 2.36929 15.6619
    endloop
  endfacet
  facet normal -0.904038 -0.426866 0.0223704
    outer loop
      vertex -29.6458 2.10351 15.6759
      vertex -29.7601 2.15294 12
      vertex -29.6458 1.91087 12
    endloop
  endfacet
  facet normal 0.146731 -0.987821 0.0517698
    outer loop
      vertex 27.294 0.534302 15.7581
      vertex 27.294 0.337347 12
      vertex 27.3214 0.341417 12
    endloop
  endfacet
  facet normal -2.38919e-05 0.052331 0.99863
    outer loop
      vertex -29.7716 14.1492 15.0446
      vertex -29.7716 2.36929 15.6619
      vertex -27.8708 0.648875 15.7521
    endloop
  endfacet
  facet normal -0.595829 0.802012 -0.0420139
    outer loop
      vertex -28.9032 15.1622 12
      vertex -28.6667 15.4937 14.9741
      vertex -28.6667 15.3379 12
    endloop
  endfacet
  facet normal -0.59557 0.802202 -0.0420555
    outer loop
      vertex -28.6667 15.4937 14.9741
      vertex -28.9032 15.1622 12
      vertex -28.9032 15.3186 14.9833
    endloop
  endfacet
  facet normal -0.858371 0.512326 -0.0268609
    outer loop
      vertex -29.4944 14.509 12
      vertex -29.5058 14.4899 12
      vertex -29.4944 14.6672 15.0174
    endloop
  endfacet
  facet normal -0.941192 0.337409 -0.0176806
    outer loop
      vertex -29.8632 13.7333 12
      vertex -29.8708 13.7121 12
      vertex -29.8708 13.8724 15.0591
    endloop
  endfacet
  facet normal -0.96998 0.242851 -0.0127256
    outer loop
      vertex -29.8708 13.7121 12
      vertex -29.9424 13.5872 15.074
      vertex -29.8708 13.8724 15.0591
    endloop
  endfacet
  facet normal -0.970064 0.242516 -0.0127412
    outer loop
      vertex -29.9424 13.5872 15.074
      vertex -29.8708 13.7121 12
      vertex -29.9368 13.4481 12
    endloop
  endfacet
  facet normal -0.000258866 0.0529804 0.998596
    outer loop
      vertex -28.148 15.7706 14.9596
      vertex -28.4142 15.6449 14.9662
      vertex -27.5853 15.9411 14.9507
    endloop
  endfacet
  facet normal -0.000650336 0.0542688 0.998526
    outer loop
      vertex -27.8708 15.8696 14.9544
      vertex -28.148 15.7706 14.9596
      vertex -27.5853 15.9411 14.9507
    endloop
  endfacet
  facet normal -0.242912 0.968718 -0.0507882
    outer loop
      vertex -27.8497 15.7201 12
      vertex -27.5853 15.9411 14.9507
      vertex -27.5853 15.7864 12
    endloop
  endfacet
  facet normal -0.243241 0.968637 -0.0507527
    outer loop
      vertex -27.5853 15.9411 14.9507
      vertex -27.8497 15.7201 12
      vertex -27.8708 15.8696 14.9544
    endloop
  endfacet
  facet normal 0.147018 0.987779 -0.0517609
    outer loop
      vertex 27.3155 15.8265 12
      vertex 27.294 15.8297 12
      vertex 27.294 15.9842 14.9484
    endloop
  endfacet
  facet normal 0.674194 0.737542 -0.0386546
    outer loop
      vertex 29.1213 14.9642 12
      vertex 29.105 14.9791 12
      vertex 29.1213 15.1211 14.9937
    endloop
  endfacet
  facet normal 0.671744 0.739769 -0.0387469
    outer loop
      vertex 29.105 14.9791 12
      vertex 28.9032 15.3186 14.9833
      vertex 29.1213 15.1211 14.9937
    endloop
  endfacet
  facet normal 0.671454 0.74003 -0.0387962
    outer loop
      vertex 28.9032 15.3186 14.9833
      vertex 29.105 14.9791 12
      vertex 28.9032 15.1622 12
    endloop
  endfacet
  facet normal -0.000463831 0.0520047 0.998647
    outer loop
      vertex 29.6458 14.415 15.0307
      vertex 28.9032 15.3186 14.9833
      vertex 29.7716 14.1492 15.0446
    endloop
  endfacet
  facet normal 0.96998 0.242851 -0.0127256
    outer loop
      vertex 29.9424 13.5872 15.074
      vertex 29.8708 13.7121 12
      vertex 29.8708 13.8724 15.0591
    endloop
  endfacet
  facet normal 0.970064 0.242516 -0.0127412
    outer loop
      vertex 29.8708 13.7121 12
      vertex 29.9424 13.5872 15.074
      vertex 29.9368 13.4481 12
    endloop
  endfacet
  facet normal 0.941192 0.337409 -0.0176806
    outer loop
      vertex 29.8708 13.7121 12
      vertex 29.8632 13.7333 12
      vertex 29.8708 13.8724 15.0591
    endloop
  endfacet
  facet normal 0.146676 -0.987829 0.0517699
    outer loop
      vertex 27.3214 0.341417 12
      vertex 27.5853 0.57744 15.7559
      vertex 27.294 0.534302 15.7581
    endloop
  endfacet
  facet normal 0.146684 -0.987828 0.0517692
    outer loop
      vertex 27.5853 0.57744 15.7559
      vertex 27.3214 0.341417 12
      vertex 27.5853 0.380604 12
    endloop
  endfacet
  facet normal 0.514129 -0.856537 0.0448895
    outer loop
      vertex 28.4142 0.677611 12
      vertex 28.6667 1.02478 15.7324
      vertex 28.4142 0.873633 15.7403
    endloop
  endfacet
  facet normal 0.514127 -0.856539 0.0448898
    outer loop
      vertex 28.6667 1.02478 15.7324
      vertex 28.4142 0.677611 12
      vertex 28.6667 0.829171 12
    endloop
  endfacet
  facet normal 0.671277 -0.740191 0.0387908
    outer loop
      vertex 29.1213 1.39736 15.7129
      vertex 29.101 1.18437 12
      vertex 29.1213 1.20278 12
    endloop
  endfacet
  facet normal 0.00010564 0.0521338 0.99864
    outer loop
      vertex 29.319 1.6152 15.7015
      vertex 27.8708 0.648875 15.7521
      vertex 28.148 0.747921 15.7469
    endloop
  endfacet
  facet normal 0.427505 -0.902774 0.0473165
    outer loop
      vertex 28.173 0.563376 12
      vertex 28.4142 0.873633 15.7403
      vertex 28.148 0.747921 15.7469
    endloop
  endfacet
  facet normal 0.427553 -0.902751 0.0473115
    outer loop
      vertex 28.4142 0.873633 15.7403
      vertex 28.173 0.563376 12
      vertex 28.4142 0.677611 12
    endloop
  endfacet
  facet normal 0.336886 -0.940255 0.0492766
    outer loop
      vertex 27.8708 0.452236 12
      vertex 28.148 0.747921 15.7469
      vertex 27.8708 0.648875 15.7521
    endloop
  endfacet
  facet normal 0.336881 -0.940257 0.0492771
    outer loop
      vertex 28.148 0.747921 15.7469
      vertex 27.8708 0.452236 12
      vertex 28.148 0.551553 12
    endloop
  endfacet
  facet normal 0.857656 -0.513518 0.0269116
    outer loop
      vertex 29.4944 1.85134 15.6891
      vertex 29.6458 1.91087 12
      vertex 29.6458 2.10351 15.6759
    endloop
  endfacet
  facet normal 0.857696 -0.513452 0.0269143
    outer loop
      vertex 29.6458 1.91087 12
      vertex 29.4944 1.85134 15.6891
      vertex 29.5084 1.68135 12
    endloop
  endfacet
  facet normal 0.904093 -0.42675 0.0223737
    outer loop
      vertex 29.6458 2.10351 15.6759
      vertex 29.7601 2.15294 12
      vertex 29.7716 2.36929 15.6619
    endloop
  endfacet
  facet normal 0.904038 -0.426866 0.0223704
    outer loop
      vertex 29.7601 2.15294 12
      vertex 29.6458 2.10351 15.6759
      vertex 29.6458 1.91087 12
    endloop
  endfacet
  facet normal 0.000199979 0.0512927 0.998684
    outer loop
      vertex 27.8708 0.648875 15.7521
      vertex 27 0.519872 15.7589
      vertex 27.294 0.534302 15.7581
    endloop
  endfacet
  facet normal 0.0490975 -0.997425 0.0522724
    outer loop
      vertex 27 0.322878 12
      vertex 27.294 0.534302 15.7581
      vertex 27 0.519872 15.7589
    endloop
  endfacet
  facet normal 0.0490776 -0.997426 0.052274
    outer loop
      vertex 27.294 0.534302 15.7581
      vertex 27 0.322878 12
      vertex 27.2664 0.335986 12
    endloop
  endfacet
  facet normal 0.000795546 0.0562904 0.998414
    outer loop
      vertex -27.294 0.534302 15.7581
      vertex -27.8708 0.648875 15.7521
      vertex -27.5853 0.57744 15.7559
    endloop
  endfacet
  facet normal -0.24305 -0.968684 0.0507677
    outer loop
      vertex -27.844 0.445507 12
      vertex -27.5853 0.57744 15.7559
      vertex -27.8708 0.648875 15.7521
    endloop
  endfacet
  facet normal -0.243026 -0.96869 0.0507663
    outer loop
      vertex -27.5853 0.57744 15.7559
      vertex -27.844 0.445507 12
      vertex -27.5853 0.380604 12
    endloop
  endfacet
  facet normal -0 0.052258 0.998634
    outer loop
      vertex -27.5853 15.9411 14.9507
      vertex 28.4142 15.6449 14.9662
      vertex 27.5853 15.9411 14.9507
    endloop
  endfacet
  facet normal 0 0.052258 0.998634
    outer loop
      vertex 28.4142 15.6449 14.9662
      vertex -27.5853 15.9411 14.9507
      vertex -28.4142 15.6449 14.9662
    endloop
  endfacet
  facet normal -0.00125814 0.0534159 0.998572
    outer loop
      vertex -29.4944 14.6672 15.0174
      vertex -29.6458 14.415 15.0307
      vertex -28.9032 15.3186 14.9833
    endloop
  endfacet
  facet normal -0.857688 0.513465 -0.0269304
    outer loop
      vertex -29.5058 14.4899 12
      vertex -29.6458 14.415 15.0307
      vertex -29.4944 14.6672 15.0174
    endloop
  endfacet
  facet normal -0.857538 0.513716 -0.0269172
    outer loop
      vertex -29.6458 14.415 15.0307
      vertex -29.5058 14.4899 12
      vertex -29.6458 14.2562 12
    endloop
  endfacet
  facet normal -0.803112 0.595012 -0.0311851
    outer loop
      vertex -29.319 14.7458 12
      vertex -29.4944 14.6672 15.0174
      vertex -29.319 14.9033 15.0051
    endloop
  endfacet
  facet normal -0.803178 0.594922 -0.0311913
    outer loop
      vertex -29.4944 14.6672 15.0174
      vertex -29.319 14.7458 12
      vertex -29.4944 14.509 12
    endloop
  endfacet
  facet normal -0.33683 0.940276 -0.0492671
    outer loop
      vertex -28.148 15.6155 12
      vertex -27.8708 15.8696 14.9544
      vertex -27.8708 15.7148 12
    endloop
  endfacet
  facet normal -0.336747 0.940305 -0.0492774
    outer loop
      vertex -27.8708 15.8696 14.9544
      vertex -28.148 15.6155 12
      vertex -28.148 15.7706 14.9596
    endloop
  endfacet
  facet normal -0.243303 0.968622 -0.0507523
    outer loop
      vertex -27.8497 15.7201 12
      vertex -27.8708 15.7148 12
      vertex -27.8708 15.8696 14.9544
    endloop
  endfacet
  facet normal 0.513302 0.857031 -0.044929
    outer loop
      vertex 28.4329 15.4782 12
      vertex 28.4142 15.4894 12
      vertex 28.4142 15.6449 14.9662
    endloop
  endfacet
  facet normal 0.803112 0.595012 -0.0311851
    outer loop
      vertex 29.4944 14.6672 15.0174
      vertex 29.319 14.7458 12
      vertex 29.319 14.9033 15.0051
    endloop
  endfacet
  facet normal 0.803178 0.594922 -0.0311913
    outer loop
      vertex 29.319 14.7458 12
      vertex 29.4944 14.6672 15.0174
      vertex 29.4944 14.509 12
    endloop
  endfacet
  facet normal 0.858371 0.512326 -0.0268609
    outer loop
      vertex 29.5058 14.4899 12
      vertex 29.4944 14.509 12
      vertex 29.4944 14.6672 15.0174
    endloop
  endfacet
  facet normal 0.00149214 0.0504504 0.998725
    outer loop
      vertex 29.1213 1.39736 15.7129
      vertex 28.6667 1.02478 15.7324
      vertex 28.9032 1.19991 15.7232
    endloop
  endfacet
  facet normal 0.671641 -0.739861 0.0387755
    outer loop
      vertex 28.9032 1.00478 12
      vertex 29.1213 1.39736 15.7129
      vertex 28.9032 1.19991 15.7232
    endloop
  endfacet
  facet normal 0.6717 -0.739808 0.0387665
    outer loop
      vertex 29.1213 1.39736 15.7129
      vertex 28.9032 1.00478 12
      vertex 29.101 1.18437 12
    endloop
  endfacet
  facet normal 0.803166 -0.594938 0.0311782
    outer loop
      vertex 29.319 1.6152 15.7015
      vertex 29.4944 1.65801 12
      vertex 29.4944 1.85134 15.6891
    endloop
  endfacet
  facet normal 0.803266 -0.594804 0.0311845
    outer loop
      vertex 29.4944 1.65801 12
      vertex 29.319 1.6152 15.7015
      vertex 29.3353 1.44315 12
    endloop
  endfacet
  facet normal -1.68335e-05 0.0524514 0.998623
    outer loop
      vertex 29.7716 2.36929 15.6619
      vertex 29.319 1.6152 15.7015
      vertex 29.4944 1.85134 15.6891
    endloop
  endfacet
  facet normal 0.243209 -0.968645 0.0507644
    outer loop
      vertex 27.8708 0.648875 15.7521
      vertex 27.844 0.445507 12
      vertex 27.8708 0.452236 12
    endloop
  endfacet
  facet normal -0.146731 -0.987821 0.0517698
    outer loop
      vertex -27.294 0.534302 15.7581
      vertex -27.3214 0.341417 12
      vertex -27.294 0.337347 12
    endloop
  endfacet
  facet normal -0.0491844 -0.997421 0.052273
    outer loop
      vertex -27.294 0.534302 15.7581
      vertex -27.294 0.337347 12
      vertex -27.2664 0.335986 12
    endloop
  endfacet
  facet normal -0.42756 0.902748 -0.0473092
    outer loop
      vertex -28.3944 15.4988 12
      vertex -28.148 15.7706 14.9596
      vertex -28.148 15.6155 12
    endloop
  endfacet
  facet normal -0.427472 0.902789 -0.0473203
    outer loop
      vertex -28.148 15.7706 14.9596
      vertex -28.3944 15.4988 12
      vertex -28.4142 15.6449 14.9662
    endloop
  endfacet
  facet normal -0.428391 0.902355 -0.047305
    outer loop
      vertex -28.3944 15.4988 12
      vertex -28.4142 15.4894 12
      vertex -28.4142 15.6449 14.9662
    endloop
  endfacet
  facet normal 0.740966 -0.670622 0.0351463
    outer loop
      vertex 29.1213 1.39736 15.7129
      vertex 29.319 1.42121 12
      vertex 29.319 1.6152 15.7015
    endloop
  endfacet
  facet normal 0.740955 -0.670635 0.0351456
    outer loop
      vertex 29.319 1.42121 12
      vertex 29.1213 1.39736 15.7129
      vertex 29.1213 1.20278 12
    endloop
  endfacet
  facet normal 3.52909e-05 0.0522285 0.998635
    outer loop
      vertex 29.319 1.6152 15.7015
      vertex 28.148 0.747921 15.7469
      vertex 29.1213 1.39736 15.7129
    endloop
  endfacet
  facet normal 5.42235e-05 0.0522002 0.998637
    outer loop
      vertex 29.1213 1.39736 15.7129
      vertex 28.148 0.747921 15.7469
      vertex 28.6667 1.02478 15.7324
    endloop
  endfacet
  facet normal 0.427043 -0.902992 0.0473241
    outer loop
      vertex 28.148 0.747921 15.7469
      vertex 28.148 0.551553 12
      vertex 28.173 0.563376 12
    endloop
  endfacet
  facet normal 0 0 -1
    outer loop
      vertex 26.5 -5 0
      vertex 30.5 -1 0
      vertex 30.4807 -1.39206 0
    endloop
  endfacet
  facet normal -0 0 -1
    outer loop
      vertex 30.5 -1 0
      vertex 26.5 -5 0
      vertex 30.5 30 0
    endloop
  endfacet
  facet normal 0 0 -1
    outer loop
      vertex 26.5 -5 0
      vertex 30.4807 -1.39206 0
      vertex 30.4231 -1.78035 0
    endloop
  endfacet
  facet normal 0 0 -1
    outer loop
      vertex 26.5 34 0
      vertex 30.5 30 0
      vertex 26.5 -5 0
    endloop
  endfacet
  facet normal 0 0 -1
    outer loop
      vertex 26.5 -5 0
      vertex 30.4231 -1.78035 0
      vertex 30.3278 -2.16113 0
    endloop
  endfacet
  facet normal 0 0 -1
    outer loop
      vertex 30.5 30 0
      vertex 26.5 34 0
      vertex 30.4807 30.3921 0
    endloop
  endfacet
  facet normal 0 0 -1
    outer loop
      vertex 26.5 -5 0
      vertex 30.3278 -2.16113 0
      vertex 30.1955 -2.53073 0
    endloop
  endfacet
  facet normal 0 0 -1
    outer loop
      vertex 30.4807 30.3921 0
      vertex 26.5 34 0
      vertex 30.4231 30.7803 0
    endloop
  endfacet
  facet normal 0 0 -1
    outer loop
      vertex 26.5 -5 0
      vertex 30.1955 -2.53073 0
      vertex 30.0277 -2.88557 0
    endloop
  endfacet
  facet normal 0 0 -1
    outer loop
      vertex 30.4231 30.7803 0
      vertex 26.5 34 0
      vertex 30.3278 31.1611 0
    endloop
  endfacet
  facet normal 0 0 -1
    outer loop
      vertex 26.5 -5 0
      vertex 30.0277 -2.88557 0
      vertex 29.8259 -3.22227 0
    endloop
  endfacet
  facet normal 0 0 -1
    outer loop
      vertex 30.3278 31.1611 0
      vertex 26.5 34 0
      vertex 30.1955 31.5307 0
    endloop
  endfacet
  facet normal 0 0 -1
    outer loop
      vertex 26.5 -5 0
      vertex 29.8259 -3.22227 0
      vertex 29.592 -3.53757 0
    endloop
  endfacet
  facet normal 0 0 -1
    outer loop
      vertex 30.1955 31.5307 0
      vertex 26.5 34 0
      vertex 30.0277 31.8856 0
    endloop
  endfacet
  facet normal 0 0 -1
    outer loop
      vertex 26.5 -5 0
      vertex 29.592 -3.53757 0
      vertex 29.3284 -3.82841 0
    endloop
  endfacet
  facet normal 0 0 -1
    outer loop
      vertex 30.0277 31.8856 0
      vertex 26.5 34 0
      vertex 29.8259 32.2223 0
    endloop
  endfacet
  facet normal 0 0 -1
    outer loop
      vertex 26.5 -5 0
      vertex 29.3284 -3.82841 0
      vertex 29.0376 -4.09204 0
    endloop
  endfacet
  facet normal 0 0 -1
    outer loop
      vertex 29.8259 32.2223 0
      vertex 26.5 34 0
      vertex 29.592 32.5376 0
    endloop
  endfacet
  facet normal 0 0 -1
    outer loop
      vertex 26.5 -5 0
      vertex 29.0376 -4.09204 0
      vertex 28.7223 -4.32587 0
    endloop
  endfacet
  facet normal 0 0 -1
    outer loop
      vertex 29.592 32.5376 0
      vertex 26.5 34 0
      vertex 29.3284 32.8284 0
    endloop
  endfacet
  facet normal 0 0 -1
    outer loop
      vertex 26.5 -5 0
      vertex 28.7223 -4.32587 0
      vertex 28.3856 -4.52768 0
    endloop
  endfacet
  facet normal 0 0 -1
    outer loop
      vertex 29.3284 32.8284 0
      vertex 26.5 34 0
      vertex 29.0376 33.092 0
    endloop
  endfacet
  facet normal 0 0 -1
    outer loop
      vertex 26.5 -5 0
      vertex 28.3856 -4.52768 0
      vertex 28.0307 -4.69551 0
    endloop
  endfacet
  facet normal 0 0 -1
    outer loop
      vertex 29.0376 33.092 0
      vertex 26.5 34 0
      vertex 28.7223 33.3259 0
    endloop
  endfacet
  facet normal 0 0 -1
    outer loop
      vertex 26.5 -5 0
      vertex 28.0307 -4.69551 0
      vertex 27.6611 -4.82776 0
    endloop
  endfacet
  facet normal 0 0 -1
    outer loop
      vertex 28.7223 33.3259 0
      vertex 26.5 34 0
      vertex 28.3856 33.5277 0
    endloop
  endfacet
  facet normal 0 0 -1
    outer loop
      vertex 26.5 -5 0
      vertex 27.6611 -4.82776 0
      vertex 27.2803 -4.92313 0
    endloop
  endfacet
  facet normal 0 0 -1
    outer loop
      vertex 28.3856 33.5277 0
      vertex 26.5 34 0
      vertex 28.0307 33.6955 0
    endloop
  endfacet
  facet normal 0 0 -1
    outer loop
      vertex 26.5 -5 0
      vertex 27.2803 -4.92313 0
      vertex 26.8921 -4.98073 0
    endloop
  endfacet
  facet normal 0 0 -1
    outer loop
      vertex 28.0307 33.6955 0
      vertex 26.5 34 0
      vertex 27.6611 33.8278 0
    endloop
  endfacet
  facet normal 0 0 -1
    outer loop
      vertex 27.6611 33.8278 0
      vertex 26.5 34 0
      vertex 27.2803 33.9231 0
    endloop
  endfacet
  facet normal 0 0 -1
    outer loop
      vertex 27.2803 33.9231 0
      vertex 26.5 34 0
      vertex 26.8921 33.9807 0
    endloop
  endfacet
  facet normal 0 0 -1
    outer loop
      vertex -26.5 -5 0
      vertex 26.5 34 0
      vertex 26.5 -5 0
    endloop
  endfacet
  facet normal 0 0 -1
    outer loop
      vertex -26.5 -5 0
      vertex -26.5 34 0
      vertex 26.5 34 0
    endloop
  endfacet
  facet normal 0 0 -1
    outer loop
      vertex -30.5 -1 0
      vertex -26.5 -5 0
      vertex -26.8921 -4.98073 0
    endloop
  endfacet
  facet normal 0 0 -1
    outer loop
      vertex -26.5 -5 0
      vertex -30.5 -1 0
      vertex -26.5 34 0
    endloop
  endfacet
  facet normal 0 0 -1
    outer loop
      vertex -30.5 -1 0
      vertex -26.8921 -4.98073 0
      vertex -27.2803 -4.92313 0
    endloop
  endfacet
  facet normal 0 0 -1
    outer loop
      vertex -30.5 30 0
      vertex -26.5 34 0
      vertex -30.5 -1 0
    endloop
  endfacet
  facet normal 0 0 -1
    outer loop
      vertex -30.5 -1 0
      vertex -27.2803 -4.92313 0
      vertex -27.6611 -4.82776 0
    endloop
  endfacet
  facet normal 0 0 -1
    outer loop
      vertex -26.5 34 0
      vertex -30.5 30 0
      vertex -26.8921 33.9807 0
    endloop
  endfacet
  facet normal 0 0 -1
    outer loop
      vertex -30.5 -1 0
      vertex -27.6611 -4.82776 0
      vertex -28.0307 -4.69551 0
    endloop
  endfacet
  facet normal 0 0 -1
    outer loop
      vertex -26.8921 33.9807 0
      vertex -30.5 30 0
      vertex -27.2803 33.9231 0
    endloop
  endfacet
  facet normal 0 0 -1
    outer loop
      vertex -30.5 -1 0
      vertex -28.0307 -4.69551 0
      vertex -28.3856 -4.52768 0
    endloop
  endfacet
  facet normal 0 0 -1
    outer loop
      vertex -27.2803 33.9231 0
      vertex -30.5 30 0
      vertex -27.6611 33.8278 0
    endloop
  endfacet
  facet normal 0 0 -1
    outer loop
      vertex -30.5 -1 0
      vertex -28.3856 -4.52768 0
      vertex -28.7223 -4.32587 0
    endloop
  endfacet
  facet normal 0 0 -1
    outer loop
      vertex -27.6611 33.8278 0
      vertex -30.5 30 0
      vertex -28.0307 33.6955 0
    endloop
  endfacet
  facet normal 0 0 -1
    outer loop
      vertex -30.5 -1 0
      vertex -28.7223 -4.32587 0
      vertex -29.0376 -4.09204 0
    endloop
  endfacet
  facet normal 0 0 -1
    outer loop
      vertex -28.0307 33.6955 0
      vertex -30.5 30 0
      vertex -28.3856 33.5277 0
    endloop
  endfacet
  facet normal 0 0 -1
    outer loop
      vertex -30.5 -1 0
      vertex -29.0376 -4.09204 0
      vertex -29.3284 -3.82841 0
    endloop
  endfacet
  facet normal 0 0 -1
    outer loop
      vertex -28.3856 33.5277 0
      vertex -30.5 30 0
      vertex -28.7223 33.3259 0
    endloop
  endfacet
  facet normal 0 0 -1
    outer loop
      vertex -30.5 -1 0
      vertex -29.3284 -3.82841 0
      vertex -29.592 -3.53757 0
    endloop
  endfacet
  facet normal 0 0 -1
    outer loop
      vertex -28.7223 33.3259 0
      vertex -30.5 30 0
      vertex -29.0376 33.092 0
    endloop
  endfacet
  facet normal 0 0 -1
    outer loop
      vertex -30.5 -1 0
      vertex -29.592 -3.53757 0
      vertex -29.8259 -3.22227 0
    endloop
  endfacet
  facet normal 0 0 -1
    outer loop
      vertex -29.0376 33.092 0
      vertex -30.5 30 0
      vertex -29.3284 32.8284 0
    endloop
  endfacet
  facet normal 0 0 -1
    outer loop
      vertex -30.5 -1 0
      vertex -29.8259 -3.22227 0
      vertex -30.0277 -2.88557 0
    endloop
  endfacet
  facet normal 0 0 -1
    outer loop
      vertex -29.3284 32.8284 0
      vertex -30.5 30 0
      vertex -29.592 32.5376 0
    endloop
  endfacet
  facet normal 0 0 -1
    outer loop
      vertex -30.5 -1 0
      vertex -30.0277 -2.88557 0
      vertex -30.1955 -2.53073 0
    endloop
  endfacet
  facet normal 0 0 -1
    outer loop
      vertex -29.592 32.5376 0
      vertex -30.5 30 0
      vertex -29.8259 32.2223 0
    endloop
  endfacet
  facet normal 0 0 -1
    outer loop
      vertex -30.5 -1 0
      vertex -30.1955 -2.53073 0
      vertex -30.3278 -2.16113 0
    endloop
  endfacet
  facet normal 0 0 -1
    outer loop
      vertex -29.8259 32.2223 0
      vertex -30.5 30 0
      vertex -30.0277 31.8856 0
    endloop
  endfacet
  facet normal 0 0 -1
    outer loop
      vertex -30.5 -1 0
      vertex -30.3278 -2.16113 0
      vertex -30.4231 -1.78035 0
    endloop
  endfacet
  facet normal 0 0 -1
    outer loop
      vertex -30.0277 31.8856 0
      vertex -30.5 30 0
      vertex -30.1955 31.5307 0
    endloop
  endfacet
  facet normal 0 0 -1
    outer loop
      vertex -30.5 -1 0
      vertex -30.4231 -1.78035 0
      vertex -30.4807 -1.39206 0
    endloop
  endfacet
  facet normal 0 0 -1
    outer loop
      vertex -30.1955 31.5307 0
      vertex -30.5 30 0
      vertex -30.3278 31.1611 0
    endloop
  endfacet
  facet normal 0 0 -1
    outer loop
      vertex -30.3278 31.1611 0
      vertex -30.5 30 0
      vertex -30.4231 30.7803 0
    endloop
  endfacet
  facet normal 0 0 -1
    outer loop
      vertex -30.4231 30.7803 0
      vertex -30.5 30 0
      vertex -30.4807 30.3921 0
    endloop
  endfacet
  facet normal 0.302837 -0.505253 -0.80809
    outer loop
      vertex 29.3856 -5.52768 1
      vertex 28.7223 -4.32587 0
      vertex 29.7223 -5.32587 1
    endloop
  endfacet
  facet normal 0.302837 -0.505253 -0.80809
    outer loop
      vertex 28.7223 -4.32587 0
      vertex 29.3856 -5.52768 1
      vertex 28.3856 -4.52768 0
    endloop
  endfacet
  facet normal -0.505262 -0.302827 -0.808088
    outer loop
      vertex -31.0277 -3.88557 1
      vertex -29.8259 -3.22227 0
      vertex -30.8259 -4.22227 1
    endloop
  endfacet
  facet normal -0.505262 -0.302827 -0.808088
    outer loop
      vertex -29.8259 -3.22227 0
      vertex -31.0277 -3.88557 1
      vertex -30.0277 -2.88557 0
    endloop
  endfacet
  facet normal -0.97008 -0.242787 0
    outer loop
      vertex -31.3278 -3.16113 1
      vertex -31.4231 -2.78035 11
      vertex -31.4231 -2.78035 1
    endloop
  endfacet
  facet normal -0.97008 -0.242787 0
    outer loop
      vertex -31.4231 -2.78035 11
      vertex -31.3278 -3.16113 1
      vertex -31.3278 -3.16113 11
    endloop
  endfacet
  facet normal -0.904016 -0.427499 0
    outer loop
      vertex -31.0277 -3.88557 1
      vertex -31.1955 -3.53073 11
      vertex -31.1955 -3.53073 1
    endloop
  endfacet
  facet normal -0.904016 -0.427499 0
    outer loop
      vertex -31.1955 -3.53073 11
      vertex -31.0277 -3.88557 1
      vertex -31.0277 -3.88557 11
    endloop
  endfacet
  facet normal -0.302827 0.505262 0.808088
    outer loop
      vertex -29.3856 34.5277 11
      vertex -28.7223 33.3259 12
      vertex -28.3856 33.5277 12
    endloop
  endfacet
  facet normal -0.302827 0.505262 0.808088
    outer loop
      vertex -28.7223 33.3259 12
      vertex -29.3856 34.5277 11
      vertex -29.7223 34.3259 11
    endloop
  endfacet
  facet normal 0.904016 -0.427499 0
    outer loop
      vertex 31.0277 -3.88557 11
      vertex 31.1955 -3.53073 1
      vertex 31.1955 -3.53073 11
    endloop
  endfacet
  facet normal 0.904016 -0.427499 0
    outer loop
      vertex 31.1955 -3.53073 1
      vertex 31.0277 -3.88557 11
      vertex 31.0277 -3.88557 1
    endloop
  endfacet
  facet normal 0.671607 0.740908 -0
    outer loop
      vertex 30.3284 33.8284 1
      vertex 30.0376 34.092 11
      vertex 30.3284 33.8284 11
    endloop
  endfacet
  facet normal 0.671607 0.740908 0
    outer loop
      vertex 30.0376 34.092 11
      vertex 30.3284 33.8284 1
      vertex 30.0376 34.092 1
    endloop
  endfacet
  facet normal -0.85774 -0.514084 0
    outer loop
      vertex -30.8259 -4.22227 1
      vertex -31.0277 -3.88557 11
      vertex -31.0277 -3.88557 1
    endloop
  endfacet
  facet normal -0.85774 -0.514084 0
    outer loop
      vertex -31.0277 -3.88557 11
      vertex -30.8259 -4.22227 1
      vertex -30.8259 -4.22227 11
    endloop
  endfacet
  facet normal 0 1 -0
    outer loop
      vertex 27.5 35 1
      vertex -27.5 35 11
      vertex 27.5 35 11
    endloop
  endfacet
  facet normal 0 1 0
    outer loop
      vertex -27.5 35 11
      vertex 27.5 35 1
      vertex -27.5 35 1
    endloop
  endfacet
  facet normal -0.998791 -0.0491676 0
    outer loop
      vertex -31.4807 -2.39206 1
      vertex -31.5 -2 11
      vertex -31.5 -2 1
    endloop
  endfacet
  facet normal -0.998791 -0.0491676 0
    outer loop
      vertex -31.5 -2 11
      vertex -31.4807 -2.39206 1
      vertex -31.4807 -2.39206 11
    endloop
  endfacet
  facet normal -0.256692 0.542908 0.7996
    outer loop
      vertex -29.0307 34.6955 11
      vertex -28.3856 33.5277 12
      vertex -28.0307 33.6955 12
    endloop
  endfacet
  facet normal -0.256692 0.542908 0.7996
    outer loop
      vertex -28.3856 33.5277 12
      vertex -29.0307 34.6955 11
      vertex -29.3856 34.5277 11
    endloop
  endfacet
  facet normal 0 -0.707107 -0.707107
    outer loop
      vertex -26.5 -5 0
      vertex 27.5 -6 1
      vertex -27.5 -6 1
    endloop
  endfacet
  facet normal 0 -0.707107 -0.707107
    outer loop
      vertex 27.5 -6 1
      vertex -26.5 -5 0
      vertex 26.5 -5 0
    endloop
  endfacet
  facet normal 0 0.707107 0.707107
    outer loop
      vertex 27.5 35 11
      vertex -26.5 34 12
      vertex 26.5 34 12
    endloop
  endfacet
  facet normal 0 0.707107 0.707107
    outer loop
      vertex -26.5 34 12
      vertex 27.5 35 11
      vertex -27.5 35 11
    endloop
  endfacet
  facet normal -1 0 0
    outer loop
      vertex -31.5 -2 1
      vertex -31.5 31 11
      vertex -31.5 31 1
    endloop
  endfacet
  facet normal -1 -0 0
    outer loop
      vertex -31.5 31 11
      vertex -31.5 -2 1
      vertex -31.5 -2 11
    endloop
  endfacet
  facet normal -0.689524 -0.0339433 0.723467
    outer loop
      vertex -31.5 -2 11
      vertex -30.4807 -1.39206 12
      vertex -30.5 -1 12
    endloop
  endfacet
  facet normal -0.689524 -0.0339433 0.723467
    outer loop
      vertex -30.4807 -1.39206 12
      vertex -31.5 -2 11
      vertex -31.4807 -2.39206 11
    endloop
  endfacet
  facet normal -0.707107 0 0.707107
    outer loop
      vertex -31.5 31 11
      vertex -30.5 -1 12
      vertex -30.5 30 12
    endloop
  endfacet
  facet normal -0.707107 0 0.707107
    outer loop
      vertex -30.5 -1 12
      vertex -31.5 31 11
      vertex -31.5 -2 11
    endloop
  endfacet
  facet normal -0.653623 -0.0969602 -0.750583
    outer loop
      vertex -31.4807 -2.39206 1
      vertex -30.4231 -1.78035 0
      vertex -31.4231 -2.78035 1
    endloop
  endfacet
  facet normal -0.653623 -0.0969602 -0.750583
    outer loop
      vertex -30.4231 -1.78035 0
      vertex -31.4807 -2.39206 1
      vertex -30.4807 -1.39206 0
    endloop
  endfacet
  facet normal 0.346473 0.46705 0.813523
    outer loop
      vertex 29.7223 34.3259 11
      vertex 29.0376 33.092 12
      vertex 30.0376 34.092 11
    endloop
  endfacet
  facet normal 0.346473 0.46705 0.813523
    outer loop
      vertex 29.0376 33.092 12
      vertex 29.7223 34.3259 11
      vertex 28.7223 33.3259 12
    endloop
  endfacet
  facet normal -0.388063 0.428106 -0.816169
    outer loop
      vertex -29.3284 32.8284 0
      vertex -30.0376 34.092 1
      vertex -29.0376 33.092 0
    endloop
  endfacet
  facet normal -0.388063 0.428106 -0.816169
    outer loop
      vertex -30.0376 34.092 1
      vertex -29.3284 32.8284 0
      vertex -30.3284 33.8284 1
    endloop
  endfacet
  facet normal 0.740954 -0.671556 0
    outer loop
      vertex 30.3284 -4.82841 11
      vertex 30.592 -4.53757 1
      vertex 30.592 -4.53757 11
    endloop
  endfacet
  facet normal 0.740954 -0.671556 0
    outer loop
      vertex 30.592 -4.53757 1
      vertex 30.3284 -4.82841 11
      vertex 30.3284 -4.82841 1
    endloop
  endfacet
  facet normal -0.302837 -0.505253 -0.80809
    outer loop
      vertex -29.3856 -5.52768 1
      vertex -28.7223 -4.32587 0
      vertex -28.3856 -4.52768 0
    endloop
  endfacet
  facet normal -0.302837 -0.505253 -0.80809
    outer loop
      vertex -28.7223 -4.32587 0
      vertex -29.3856 -5.52768 1
      vertex -29.7223 -5.32587 1
    endloop
  endfacet
  facet normal -0.154442 0.617121 0.771563
    outer loop
      vertex -28.2803 34.9231 11
      vertex -27.6611 33.8278 12
      vertex -27.2803 33.9231 12
    endloop
  endfacet
  facet normal -0.154442 0.617121 0.771563
    outer loop
      vertex -27.6611 33.8278 12
      vertex -28.2803 34.9231 11
      vertex -28.6611 34.8278 11
    endloop
  endfacet
  facet normal -0.505262 0.302827 0.808088
    outer loop
      vertex -31.0277 32.8856 11
      vertex -29.8259 32.2223 12
      vertex -30.8259 33.2223 11
    endloop
  endfacet
  facet normal -0.505262 0.302827 0.808088
    outer loop
      vertex -29.8259 32.2223 12
      vertex -31.0277 32.8856 11
      vertex -30.0277 31.8856 12
    endloop
  endfacet
  facet normal -0.617116 -0.154449 -0.771565
    outer loop
      vertex -31.4231 -2.78035 1
      vertex -30.3278 -2.16113 0
      vertex -31.3278 -3.16113 1
    endloop
  endfacet
  facet normal -0.617116 -0.154449 -0.771565
    outer loop
      vertex -30.3278 -2.16113 0
      vertex -31.4231 -2.78035 1
      vertex -30.4231 -1.78035 0
    endloop
  endfacet
  facet normal -0.653623 -0.0969602 0.750583
    outer loop
      vertex -31.4807 -2.39206 11
      vertex -30.4231 -1.78035 12
      vertex -30.4807 -1.39206 12
    endloop
  endfacet
  facet normal -0.653623 -0.0969602 0.750583
    outer loop
      vertex -30.4231 -1.78035 12
      vertex -31.4807 -2.39206 11
      vertex -31.4231 -2.78035 11
    endloop
  endfacet
  facet normal 0 0 1
    outer loop
      vertex 26.5 34 12
      vertex 30.5 30 12
      vertex 30.4807 30.3921 12
    endloop
  endfacet
  facet normal 0 0 1
    outer loop
      vertex 30.5 30 12
      vertex 30 12.84 12
      vertex 30.5 -1 12
    endloop
  endfacet
  facet normal 0 0 1
    outer loop
      vertex 26.5 34 12
      vertex 30.4807 30.3921 12
      vertex 30.4231 30.7803 12
    endloop
  endfacet
  facet normal -0 0 1
    outer loop
      vertex 30 3.32699 12
      vertex 30.5 -1 12
      vertex 30 12.84 12
    endloop
  endfacet
  facet normal 0 0 1
    outer loop
      vertex 26.5 34 12
      vertex 30.4231 30.7803 12
      vertex 30.3278 31.1611 12
    endloop
  endfacet
  facet normal -0 0 1
    outer loop
      vertex 29.9855 3.03255 12
      vertex 30.5 -1 12
      vertex 30 3.32699 12
    endloop
  endfacet
  facet normal 0 0 1
    outer loop
      vertex 26.5 34 12
      vertex 30.3278 31.1611 12
      vertex 30.1955 31.5307 12
    endloop
  endfacet
  facet normal -0 0 1
    outer loop
      vertex 29.9424 2.74092 12
      vertex 30.5 -1 12
      vertex 29.9855 3.03255 12
    endloop
  endfacet
  facet normal 0 0 1
    outer loop
      vertex 26.5 34 12
      vertex 30.1955 31.5307 12
      vertex 30.0277 31.8856 12
    endloop
  endfacet
  facet normal -0 0 1
    outer loop
      vertex 29.8773 2.48105 12
      vertex 30.5 -1 12
      vertex 29.9424 2.74092 12
    endloop
  endfacet
  facet normal -0 0 1
    outer loop
      vertex 29.8708 2.45495 12
      vertex 30.5 -1 12
      vertex 29.8773 2.48105 12
    endloop
  endfacet
  facet normal 0 0 1
    outer loop
      vertex 30.5 30 12
      vertex 29.9989 12.8629 12
      vertex 30 12.84 12
    endloop
  endfacet
  facet normal 0 0 1
    outer loop
      vertex 30.5 30 12
      vertex 29.9855 13.1345 12
      vertex 29.9989 12.8629 12
    endloop
  endfacet
  facet normal 0 0 1
    outer loop
      vertex 30.5 30 12
      vertex 29.9457 13.4037 12
      vertex 29.9855 13.1345 12
    endloop
  endfacet
  facet normal 0 0 1
    outer loop
      vertex 30.5 30 12
      vertex 29.9424 13.4261 12
      vertex 29.9457 13.4037 12
    endloop
  endfacet
  facet normal 0 0 1
    outer loop
      vertex 30.5 30 12
      vertex 29.9368 13.4481 12
      vertex 29.9424 13.4261 12
    endloop
  endfacet
  facet normal 0 0 1
    outer loop
      vertex 30.5 30 12
      vertex 29.8708 13.7121 12
      vertex 29.9368 13.4481 12
    endloop
  endfacet
  facet normal 0 0 1
    outer loop
      vertex 30.5 30 12
      vertex 29.8632 13.7333 12
      vertex 29.8708 13.7121 12
    endloop
  endfacet
  facet normal 0 0 1
    outer loop
      vertex 26.5 34 12
      vertex 30.0277 31.8856 12
      vertex 29.8259 32.2223 12
    endloop
  endfacet
  facet normal 0 0 1
    outer loop
      vertex 30.5 30 12
      vertex 29.7716 13.9896 12
      vertex 29.8632 13.7333 12
    endloop
  endfacet
  facet normal 0 0 1
    outer loop
      vertex 30.5 30 12
      vertex 29.6458 14.2562 12
      vertex 29.7716 13.9896 12
    endloop
  endfacet
  facet normal 0 0 1
    outer loop
      vertex 26.5 34 12
      vertex 29.8259 32.2223 12
      vertex 29.592 32.5376 12
    endloop
  endfacet
  facet normal 0 0 1
    outer loop
      vertex 30.5 30 12
      vertex 29.5058 14.4899 12
      vertex 29.6458 14.2562 12
    endloop
  endfacet
  facet normal 0 0 1
    outer loop
      vertex 30.5 30 12
      vertex 29.4944 14.509 12
      vertex 29.5058 14.4899 12
    endloop
  endfacet
  facet normal 0 0 1
    outer loop
      vertex 26.5 34 12
      vertex 29.592 32.5376 12
      vertex 29.3284 32.8284 12
    endloop
  endfacet
  facet normal 0 0 1
    outer loop
      vertex 30.5 30 12
      vertex 29.319 14.7458 12
      vertex 29.4944 14.509 12
    endloop
  endfacet
  facet normal 0 0 1
    outer loop
      vertex 30.5 30 12
      vertex 29.1213 14.9642 12
      vertex 29.319 14.7458 12
    endloop
  endfacet
  facet normal 0 0 1
    outer loop
      vertex 30.5 30 12
      vertex 29.105 14.9791 12
      vertex 29.1213 14.9642 12
    endloop
  endfacet
  facet normal 0 0 1
    outer loop
      vertex 26.5 34 12
      vertex 29.3284 32.8284 12
      vertex 29.0376 33.092 12
    endloop
  endfacet
  facet normal 0 0 1
    outer loop
      vertex 30.5 30 12
      vertex 28.9032 15.1622 12
      vertex 29.105 14.9791 12
    endloop
  endfacet
  facet normal 0 0 1
    outer loop
      vertex 26.5 34 12
      vertex 29.0376 33.092 12
      vertex 28.7223 33.3259 12
    endloop
  endfacet
  facet normal 0 0 1
    outer loop
      vertex 30.5 30 12
      vertex 28.6667 15.3379 12
      vertex 28.9032 15.1622 12
    endloop
  endfacet
  facet normal 0 0 1
    outer loop
      vertex 30.5 30 12
      vertex 28.4329 15.4782 12
      vertex 28.6667 15.3379 12
    endloop
  endfacet
  facet normal 0 0 1
    outer loop
      vertex 30.5 30 12
      vertex 28.4142 15.4894 12
      vertex 28.4329 15.4782 12
    endloop
  endfacet
  facet normal 0 0 1
    outer loop
      vertex 30.5 30 12
      vertex 28.3944 15.4988 12
      vertex 28.4142 15.4894 12
    endloop
  endfacet
  facet normal 0 0 1
    outer loop
      vertex 26.5 34 12
      vertex 28.7223 33.3259 12
      vertex 28.3856 33.5277 12
    endloop
  endfacet
  facet normal 0 0 1
    outer loop
      vertex 30.5 30 12
      vertex 28.148 15.6155 12
      vertex 28.3944 15.4988 12
    endloop
  endfacet
  facet normal 0 0 1
    outer loop
      vertex 26.5 34 12
      vertex 28.3856 33.5277 12
      vertex 28.0307 33.6955 12
    endloop
  endfacet
  facet normal 0 0 1
    outer loop
      vertex 30.5 30 12
      vertex 27.8708 15.7148 12
      vertex 28.148 15.6155 12
    endloop
  endfacet
  facet normal 0 0 1
    outer loop
      vertex 30.5 30 12
      vertex 27.8497 15.7201 12
      vertex 27.8708 15.7148 12
    endloop
  endfacet
  facet normal 0 0 1
    outer loop
      vertex 26.5 34 12
      vertex 28.0307 33.6955 12
      vertex 27.6611 33.8278 12
    endloop
  endfacet
  facet normal 0 0 1
    outer loop
      vertex 30.5 30 12
      vertex 27.5853 15.7864 12
      vertex 27.8497 15.7201 12
    endloop
  endfacet
  facet normal 0 0 1
    outer loop
      vertex 30.5 30 12
      vertex 27.3155 15.8265 12
      vertex 27.5853 15.7864 12
    endloop
  endfacet
  facet normal 0 0 1
    outer loop
      vertex 30.5 30 12
      vertex 27.294 15.8297 12
      vertex 27.3155 15.8265 12
    endloop
  endfacet
  facet normal 0 0 1
    outer loop
      vertex 26.5 34 12
      vertex 27.6611 33.8278 12
      vertex 27.2803 33.9231 12
    endloop
  endfacet
  facet normal 0 0 1
    outer loop
      vertex 30.5 30 12
      vertex 27 15.8441 12
      vertex 27.294 15.8297 12
    endloop
  endfacet
  facet normal 0 0 1
    outer loop
      vertex 26.5 34 12
      vertex 27.2803 33.9231 12
      vertex 26.8921 33.9807 12
    endloop
  endfacet
  facet normal 0 0 1
    outer loop
      vertex 30.5 30 12
      vertex 26.5 34 12
      vertex 27 15.8441 12
    endloop
  endfacet
  facet normal -0 0 1
    outer loop
      vertex -26.5 34 12
      vertex 27 15.8441 12
      vertex 26.5 34 12
    endloop
  endfacet
  facet normal 0 0 1
    outer loop
      vertex -30.5 30 12
      vertex -26.5 34 12
      vertex -26.8921 33.9807 12
    endloop
  endfacet
  facet normal 0 0 1
    outer loop
      vertex -26.5 34 12
      vertex -27 15.8441 12
      vertex 27 15.8441 12
    endloop
  endfacet
  facet normal 0 0 1
    outer loop
      vertex -30.5 30 12
      vertex -26.8921 33.9807 12
      vertex -27.2803 33.9231 12
    endloop
  endfacet
  facet normal 0 0 1
    outer loop
      vertex -26.5 34 12
      vertex -30.5 30 12
      vertex -27 15.8441 12
    endloop
  endfacet
  facet normal 0 0 1
    outer loop
      vertex -27 15.8441 12
      vertex -30.5 30 12
      vertex -27.294 15.8297 12
    endloop
  endfacet
  facet normal 0 0 1
    outer loop
      vertex -27.294 15.8297 12
      vertex -30.5 30 12
      vertex -27.3155 15.8265 12
    endloop
  endfacet
  facet normal 0 0 1
    outer loop
      vertex -30.5 30 12
      vertex -27.2803 33.9231 12
      vertex -27.6611 33.8278 12
    endloop
  endfacet
  facet normal 0 0 1
    outer loop
      vertex -27.3155 15.8265 12
      vertex -30.5 30 12
      vertex -27.5853 15.7864 12
    endloop
  endfacet
  facet normal 0 0 1
    outer loop
      vertex -27.5853 15.7864 12
      vertex -30.5 30 12
      vertex -27.8497 15.7201 12
    endloop
  endfacet
  facet normal 0 0 1
    outer loop
      vertex -30.5 30 12
      vertex -27.6611 33.8278 12
      vertex -28.0307 33.6955 12
    endloop
  endfacet
  facet normal 0 0 1
    outer loop
      vertex -27.8497 15.7201 12
      vertex -30.5 30 12
      vertex -27.8708 15.7148 12
    endloop
  endfacet
  facet normal 0 0 1
    outer loop
      vertex -30.5 30 12
      vertex -28.0307 33.6955 12
      vertex -28.3856 33.5277 12
    endloop
  endfacet
  facet normal 0 0 1
    outer loop
      vertex -27.8708 15.7148 12
      vertex -30.5 30 12
      vertex -28.148 15.6155 12
    endloop
  endfacet
  facet normal 0 0 1
    outer loop
      vertex -28.148 15.6155 12
      vertex -30.5 30 12
      vertex -28.3944 15.4988 12
    endloop
  endfacet
  facet normal 0 0 1
    outer loop
      vertex -28.3944 15.4988 12
      vertex -30.5 30 12
      vertex -28.4142 15.4894 12
    endloop
  endfacet
  facet normal 0 0 1
    outer loop
      vertex -28.4142 15.4894 12
      vertex -30.5 30 12
      vertex -28.4329 15.4782 12
    endloop
  endfacet
  facet normal 0 0 1
    outer loop
      vertex -30.5 30 12
      vertex -28.3856 33.5277 12
      vertex -28.7223 33.3259 12
    endloop
  endfacet
  facet normal 0 0 1
    outer loop
      vertex -28.4329 15.4782 12
      vertex -30.5 30 12
      vertex -28.6667 15.3379 12
    endloop
  endfacet
  facet normal 0 0 1
    outer loop
      vertex -30.5 30 12
      vertex -28.7223 33.3259 12
      vertex -29.0376 33.092 12
    endloop
  endfacet
  facet normal 0 0 1
    outer loop
      vertex -28.6667 15.3379 12
      vertex -30.5 30 12
      vertex -28.9032 15.1622 12
    endloop
  endfacet
  facet normal 0 0 1
    outer loop
      vertex -28.9032 15.1622 12
      vertex -30.5 30 12
      vertex -29.105 14.9791 12
    endloop
  endfacet
  facet normal 0 0 1
    outer loop
      vertex -29.105 14.9791 12
      vertex -30.5 30 12
      vertex -29.1213 14.9642 12
    endloop
  endfacet
  facet normal 0 0 1
    outer loop
      vertex -30.5 30 12
      vertex -29.0376 33.092 12
      vertex -29.3284 32.8284 12
    endloop
  endfacet
  facet normal 0 0 1
    outer loop
      vertex -29.1213 14.9642 12
      vertex -30.5 30 12
      vertex -29.319 14.7458 12
    endloop
  endfacet
  facet normal 0 0 1
    outer loop
      vertex -29.319 14.7458 12
      vertex -30.5 30 12
      vertex -29.4944 14.509 12
    endloop
  endfacet
  facet normal 0 0 1
    outer loop
      vertex -30.5 30 12
      vertex -29.3284 32.8284 12
      vertex -29.592 32.5376 12
    endloop
  endfacet
  facet normal 0 0 1
    outer loop
      vertex -29.4944 14.509 12
      vertex -30.5 30 12
      vertex -29.5058 14.4899 12
    endloop
  endfacet
  facet normal 0 0 1
    outer loop
      vertex -29.5058 14.4899 12
      vertex -30.5 30 12
      vertex -29.6458 14.2562 12
    endloop
  endfacet
  facet normal 0 0 1
    outer loop
      vertex -30.5 30 12
      vertex -29.592 32.5376 12
      vertex -29.8259 32.2223 12
    endloop
  endfacet
  facet normal 0 0 1
    outer loop
      vertex -29.6458 14.2562 12
      vertex -30.5 30 12
      vertex -29.7716 13.9896 12
    endloop
  endfacet
  facet normal 0 0 1
    outer loop
      vertex -29.7716 13.9896 12
      vertex -30.5 30 12
      vertex -29.8632 13.7333 12
    endloop
  endfacet
  facet normal 0 0 1
    outer loop
      vertex -29.8632 13.7333 12
      vertex -30.5 30 12
      vertex -29.8708 13.7121 12
    endloop
  endfacet
  facet normal 0 0 1
    outer loop
      vertex -29.8708 13.7121 12
      vertex -30.5 30 12
      vertex -29.9368 13.4481 12
    endloop
  endfacet
  facet normal 0 0 1
    outer loop
      vertex -29.9368 13.4481 12
      vertex -30.5 30 12
      vertex -29.9424 13.4261 12
    endloop
  endfacet
  facet normal 0 0 1
    outer loop
      vertex -29.9424 13.4261 12
      vertex -30.5 30 12
      vertex -29.9457 13.4037 12
    endloop
  endfacet
  facet normal 0 0 1
    outer loop
      vertex -29.9457 13.4037 12
      vertex -30.5 30 12
      vertex -29.9855 13.1345 12
    endloop
  endfacet
  facet normal 0 0 1
    outer loop
      vertex -29.9855 13.1345 12
      vertex -30.5 30 12
      vertex -29.9989 12.8629 12
    endloop
  endfacet
  facet normal 0 0 1
    outer loop
      vertex -29.9989 12.8629 12
      vertex -30.5 30 12
      vertex -30 12.84 12
    endloop
  endfacet
  facet normal 0 0 1
    outer loop
      vertex -30.5 30 12
      vertex -29.8259 32.2223 12
      vertex -30.0277 31.8856 12
    endloop
  endfacet
  facet normal -0 0 1
    outer loop
      vertex 29.7716 2.17738 12
      vertex 30.5 -1 12
      vertex 29.8708 2.45495 12
    endloop
  endfacet
  facet normal -0 0 1
    outer loop
      vertex 29.7601 2.15294 12
      vertex 30.5 -1 12
      vertex 29.7716 2.17738 12
    endloop
  endfacet
  facet normal -0 0 1
    outer loop
      vertex 29.6458 1.91087 12
      vertex 30.5 -1 12
      vertex 29.7601 2.15294 12
    endloop
  endfacet
  facet normal -0 0 1
    outer loop
      vertex 29.5084 1.68135 12
      vertex 30.5 -1 12
      vertex 29.6458 1.91087 12
    endloop
  endfacet
  facet normal -0 0 1
    outer loop
      vertex 29.4944 1.65801 12
      vertex 30.5 -1 12
      vertex 29.5084 1.68135 12
    endloop
  endfacet
  facet normal -0 0 1
    outer loop
      vertex 29.3353 1.44315 12
      vertex 30.5 -1 12
      vertex 29.4944 1.65801 12
    endloop
  endfacet
  facet normal -0 0 1
    outer loop
      vertex 29.319 1.42121 12
      vertex 30.5 -1 12
      vertex 29.3353 1.44315 12
    endloop
  endfacet
  facet normal -0 0 1
    outer loop
      vertex 29.1213 1.20278 12
      vertex 30.5 -1 12
      vertex 29.319 1.42121 12
    endloop
  endfacet
  facet normal -0 0 1
    outer loop
      vertex 29.101 1.18437 12
      vertex 30.5 -1 12
      vertex 29.1213 1.20278 12
    endloop
  endfacet
  facet normal -0 0 1
    outer loop
      vertex 28.9032 1.00478 12
      vertex 30.5 -1 12
      vertex 29.101 1.18437 12
    endloop
  endfacet
  facet normal -0 0 1
    outer loop
      vertex 28.6667 0.829171 12
      vertex 30.5 -1 12
      vertex 28.9032 1.00478 12
    endloop
  endfacet
  facet normal -0 0 1
    outer loop
      vertex 28.4142 0.677611 12
      vertex 30.5 -1 12
      vertex 28.6667 0.829171 12
    endloop
  endfacet
  facet normal -0 0 1
    outer loop
      vertex 28.173 0.563376 12
      vertex 30.5 -1 12
      vertex 28.4142 0.677611 12
    endloop
  endfacet
  facet normal -0 0 1
    outer loop
      vertex 28.148 0.551553 12
      vertex 30.5 -1 12
      vertex 28.173 0.563376 12
    endloop
  endfacet
  facet normal 0 0 1
    outer loop
      vertex 30.5 -1 12
      vertex 28.148 0.551553 12
      vertex 30.4807 -1.39206 12
    endloop
  endfacet
  facet normal -0 0 1
    outer loop
      vertex 27.8708 0.452236 12
      vertex 30.4807 -1.39206 12
      vertex 28.148 0.551553 12
    endloop
  endfacet
  facet normal 0 0 1
    outer loop
      vertex 30.4807 -1.39206 12
      vertex 27.8708 0.452236 12
      vertex 30.4231 -1.78035 12
    endloop
  endfacet
  facet normal 0 0 1
    outer loop
      vertex 30.4231 -1.78035 12
      vertex 27.8708 0.452236 12
      vertex 30.3278 -2.16113 12
    endloop
  endfacet
  facet normal -0 0 1
    outer loop
      vertex 27.844 0.445507 12
      vertex 30.3278 -2.16113 12
      vertex 27.8708 0.452236 12
    endloop
  endfacet
  facet normal 0 0 1
    outer loop
      vertex 30.3278 -2.16113 12
      vertex 27.844 0.445507 12
      vertex 30.1955 -2.53073 12
    endloop
  endfacet
  facet normal -0 0 1
    outer loop
      vertex 27.5853 0.380604 12
      vertex 30.1955 -2.53073 12
      vertex 27.844 0.445507 12
    endloop
  endfacet
  facet normal 0 0 1
    outer loop
      vertex 30.1955 -2.53073 12
      vertex 27.5853 0.380604 12
      vertex 30.0277 -2.88557 12
    endloop
  endfacet
  facet normal 0 0 1
    outer loop
      vertex 30.0277 -2.88557 12
      vertex 27.5853 0.380604 12
      vertex 29.8259 -3.22227 12
    endloop
  endfacet
  facet normal 0 0 1
    outer loop
      vertex 29.8259 -3.22227 12
      vertex 27.5853 0.380604 12
      vertex 29.592 -3.53757 12
    endloop
  endfacet
  facet normal -0 0 1
    outer loop
      vertex 27.3214 0.341417 12
      vertex 29.592 -3.53757 12
      vertex 27.5853 0.380604 12
    endloop
  endfacet
  facet normal 0 0 1
    outer loop
      vertex 29.592 -3.53757 12
      vertex 27.3214 0.341417 12
      vertex 29.3284 -3.82841 12
    endloop
  endfacet
  facet normal -0 0 1
    outer loop
      vertex 27.294 0.337347 12
      vertex 29.3284 -3.82841 12
      vertex 27.3214 0.341417 12
    endloop
  endfacet
  facet normal 0 0 1
    outer loop
      vertex 29.3284 -3.82841 12
      vertex 27.294 0.337347 12
      vertex 29.0376 -4.09204 12
    endloop
  endfacet
  facet normal 0 0 1
    outer loop
      vertex 29.0376 -4.09204 12
      vertex 27.294 0.337347 12
      vertex 28.7223 -4.32587 12
    endloop
  endfacet
  facet normal -0 0 1
    outer loop
      vertex 27.2664 0.335986 12
      vertex 28.7223 -4.32587 12
      vertex 27.294 0.337347 12
    endloop
  endfacet
  facet normal 0 0 1
    outer loop
      vertex 28.7223 -4.32587 12
      vertex 27.2664 0.335986 12
      vertex 28.3856 -4.52768 12
    endloop
  endfacet
  facet normal -0 0 1
    outer loop
      vertex 27 0.322878 12
      vertex 28.3856 -4.52768 12
      vertex 27.2664 0.335986 12
    endloop
  endfacet
  facet normal 0 0 1
    outer loop
      vertex 28.3856 -4.52768 12
      vertex 27 0.322878 12
      vertex 28.0307 -4.69551 12
    endloop
  endfacet
  facet normal 0 0 1
    outer loop
      vertex 28.0307 -4.69551 12
      vertex 27 0.322878 12
      vertex 27.6611 -4.82776 12
    endloop
  endfacet
  facet normal 0 0 1
    outer loop
      vertex 27.6611 -4.82776 12
      vertex 27 0.322878 12
      vertex 27.2803 -4.92313 12
    endloop
  endfacet
  facet normal 0 0 1
    outer loop
      vertex 27 0.322878 12
      vertex 26.8921 -4.98073 12
      vertex 27.2803 -4.92313 12
    endloop
  endfacet
  facet normal 0 0 1
    outer loop
      vertex 27 0.322878 12
      vertex 26.5 -5 12
      vertex 26.8921 -4.98073 12
    endloop
  endfacet
  facet normal 0 0 1
    outer loop
      vertex 27 0.322878 12
      vertex -26.5 -5 12
      vertex 26.5 -5 12
    endloop
  endfacet
  facet normal -0 0 1
    outer loop
      vertex -27 0.322878 12
      vertex -26.5 -5 12
      vertex 27 0.322878 12
    endloop
  endfacet
  facet normal 0 0 1
    outer loop
      vertex -26.5 -5 12
      vertex -27 0.322878 12
      vertex -26.8921 -4.98073 12
    endloop
  endfacet
  facet normal 0 0 1
    outer loop
      vertex -28.3856 -4.52768 12
      vertex -27 0.322878 12
      vertex -27.2664 0.335986 12
    endloop
  endfacet
  facet normal 0 0 1
    outer loop
      vertex -27 0.322878 12
      vertex -27.2803 -4.92313 12
      vertex -26.8921 -4.98073 12
    endloop
  endfacet
  facet normal 0 0 1
    outer loop
      vertex -28.7223 -4.32587 12
      vertex -27.2664 0.335986 12
      vertex -27.294 0.337347 12
    endloop
  endfacet
  facet normal 0 0 1
    outer loop
      vertex -29.3284 -3.82841 12
      vertex -27.294 0.337347 12
      vertex -27.3214 0.341417 12
    endloop
  endfacet
  facet normal 0 0 1
    outer loop
      vertex -29.592 -3.53757 12
      vertex -27.3214 0.341417 12
      vertex -27.5853 0.380604 12
    endloop
  endfacet
  facet normal 0 0 1
    outer loop
      vertex -27 0.322878 12
      vertex -27.6611 -4.82776 12
      vertex -27.2803 -4.92313 12
    endloop
  endfacet
  facet normal 0 0 1
    outer loop
      vertex -30.1955 -2.53073 12
      vertex -27.5853 0.380604 12
      vertex -27.844 0.445507 12
    endloop
  endfacet
  facet normal 0 0 1
    outer loop
      vertex -30.3278 -2.16113 12
      vertex -27.844 0.445507 12
      vertex -27.8708 0.452236 12
    endloop
  endfacet
  facet normal 0 0 1
    outer loop
      vertex -27 0.322878 12
      vertex -28.0307 -4.69551 12
      vertex -27.6611 -4.82776 12
    endloop
  endfacet
  facet normal 0 0 1
    outer loop
      vertex -30.4807 -1.39206 12
      vertex -27.8708 0.452236 12
      vertex -28.148 0.551553 12
    endloop
  endfacet
  facet normal 0 0 1
    outer loop
      vertex -30.5 -1 12
      vertex -28.148 0.551553 12
      vertex -28.173 0.563376 12
    endloop
  endfacet
  facet normal 0 0 1
    outer loop
      vertex -27 0.322878 12
      vertex -28.3856 -4.52768 12
      vertex -28.0307 -4.69551 12
    endloop
  endfacet
  facet normal 0 0 1
    outer loop
      vertex -30.5 -1 12
      vertex -28.173 0.563376 12
      vertex -28.4142 0.677611 12
    endloop
  endfacet
  facet normal 0 0 1
    outer loop
      vertex -30.5 -1 12
      vertex -28.4142 0.677611 12
      vertex -28.6667 0.829171 12
    endloop
  endfacet
  facet normal 0 0 1
    outer loop
      vertex -27.2664 0.335986 12
      vertex -28.7223 -4.32587 12
      vertex -28.3856 -4.52768 12
    endloop
  endfacet
  facet normal 0 0 1
    outer loop
      vertex -30.5 -1 12
      vertex -28.6667 0.829171 12
      vertex -28.9032 1.00478 12
    endloop
  endfacet
  facet normal 0 0 1
    outer loop
      vertex -27.294 0.337347 12
      vertex -29.0376 -4.09204 12
      vertex -28.7223 -4.32587 12
    endloop
  endfacet
  facet normal 0 0 1
    outer loop
      vertex -30.5 -1 12
      vertex -28.9032 1.00478 12
      vertex -29.101 1.18437 12
    endloop
  endfacet
  facet normal 0 0 1
    outer loop
      vertex -30.5 -1 12
      vertex -29.101 1.18437 12
      vertex -29.1213 1.20278 12
    endloop
  endfacet
  facet normal 0 0 1
    outer loop
      vertex -30.5 -1 12
      vertex -29.1213 1.20278 12
      vertex -29.319 1.42121 12
    endloop
  endfacet
  facet normal 0 0 1
    outer loop
      vertex -27.294 0.337347 12
      vertex -29.3284 -3.82841 12
      vertex -29.0376 -4.09204 12
    endloop
  endfacet
  facet normal 0 0 1
    outer loop
      vertex -30.5 -1 12
      vertex -29.319 1.42121 12
      vertex -29.3353 1.44315 12
    endloop
  endfacet
  facet normal 0 0 1
    outer loop
      vertex -30.5 -1 12
      vertex -29.3353 1.44315 12
      vertex -29.4944 1.65801 12
    endloop
  endfacet
  facet normal 0 0 1
    outer loop
      vertex -30.5 -1 12
      vertex -29.4944 1.65801 12
      vertex -29.5084 1.68135 12
    endloop
  endfacet
  facet normal 0 0 1
    outer loop
      vertex -27.3214 0.341417 12
      vertex -29.592 -3.53757 12
      vertex -29.3284 -3.82841 12
    endloop
  endfacet
  facet normal 0 0 1
    outer loop
      vertex -30.5 -1 12
      vertex -29.5084 1.68135 12
      vertex -29.6458 1.91087 12
    endloop
  endfacet
  facet normal 0 0 1
    outer loop
      vertex -30.5 -1 12
      vertex -29.6458 1.91087 12
      vertex -29.7601 2.15294 12
    endloop
  endfacet
  facet normal 0 0 1
    outer loop
      vertex -30.5 -1 12
      vertex -29.7601 2.15294 12
      vertex -29.7716 2.17738 12
    endloop
  endfacet
  facet normal 0 0 1
    outer loop
      vertex -28.148 0.551553 12
      vertex -30.5 -1 12
      vertex -30.4807 -1.39206 12
    endloop
  endfacet
  facet normal 0 0 1
    outer loop
      vertex -30.5 -1 12
      vertex -29.7716 2.17738 12
      vertex -29.8708 2.45495 12
    endloop
  endfacet
  facet normal 0 0 1
    outer loop
      vertex -30.5 -1 12
      vertex -29.8708 2.45495 12
      vertex -29.8773 2.48105 12
    endloop
  endfacet
  facet normal 0 0 1
    outer loop
      vertex -30.5 -1 12
      vertex -29.8773 2.48105 12
      vertex -29.9424 2.74092 12
    endloop
  endfacet
  facet normal 0 0 1
    outer loop
      vertex -30.5 -1 12
      vertex -29.9424 2.74092 12
      vertex -29.9855 3.03255 12
    endloop
  endfacet
  facet normal 0 0 1
    outer loop
      vertex -30.5 -1 12
      vertex -29.9855 3.03255 12
      vertex -30 3.32699 12
    endloop
  endfacet
  facet normal 0 0 1
    outer loop
      vertex -27.5853 0.380604 12
      vertex -29.8259 -3.22227 12
      vertex -29.592 -3.53757 12
    endloop
  endfacet
  facet normal 0 0 1
    outer loop
      vertex -30.5 -1 12
      vertex -30 12.84 12
      vertex -30.5 30 12
    endloop
  endfacet
  facet normal 0 0 1
    outer loop
      vertex -30.5 30 12
      vertex -30.0277 31.8856 12
      vertex -30.1955 31.5307 12
    endloop
  endfacet
  facet normal 0 0 1
    outer loop
      vertex -30 12.84 12
      vertex -30.5 -1 12
      vertex -30 3.32699 12
    endloop
  endfacet
  facet normal 0 0 1
    outer loop
      vertex -30.5 30 12
      vertex -30.1955 31.5307 12
      vertex -30.3278 31.1611 12
    endloop
  endfacet
  facet normal 0 0 1
    outer loop
      vertex -27.5853 0.380604 12
      vertex -30.0277 -2.88557 12
      vertex -29.8259 -3.22227 12
    endloop
  endfacet
  facet normal 0 0 1
    outer loop
      vertex -30.5 30 12
      vertex -30.3278 31.1611 12
      vertex -30.4231 30.7803 12
    endloop
  endfacet
  facet normal 0 0 1
    outer loop
      vertex -27.5853 0.380604 12
      vertex -30.1955 -2.53073 12
      vertex -30.0277 -2.88557 12
    endloop
  endfacet
  facet normal 0 0 1
    outer loop
      vertex -30.5 30 12
      vertex -30.4231 30.7803 12
      vertex -30.4807 30.3921 12
    endloop
  endfacet
  facet normal 0 0 1
    outer loop
      vertex -27.844 0.445507 12
      vertex -30.3278 -2.16113 12
      vertex -30.1955 -2.53073 12
    endloop
  endfacet
  facet normal 0 0 1
    outer loop
      vertex -27.8708 0.452236 12
      vertex -30.4231 -1.78035 12
      vertex -30.3278 -2.16113 12
    endloop
  endfacet
  facet normal 0 0 1
    outer loop
      vertex -27.8708 0.452236 12
      vertex -30.4807 -1.39206 12
      vertex -30.4231 -1.78035 12
    endloop
  endfacet
  facet normal -0.740908 0.671607 0
    outer loop
      vertex -30.592 33.5376 1
      vertex -30.3284 33.8284 11
      vertex -30.3284 33.8284 1
    endloop
  endfacet
  facet normal -0.740908 0.671607 0
    outer loop
      vertex -30.3284 33.8284 11
      vertex -30.592 33.5376 1
      vertex -30.592 33.5376 11
    endloop
  endfacet
  facet normal -0.707107 0 -0.707107
    outer loop
      vertex -30.5 -1 0
      vertex -31.5 31 1
      vertex -30.5 30 0
    endloop
  endfacet
  facet normal -0.707107 -0 -0.707107
    outer loop
      vertex -31.5 31 1
      vertex -30.5 -1 0
      vertex -31.5 -2 1
    endloop
  endfacet
  facet normal 0.542908 0.256692 0.7996
    outer loop
      vertex 30.0277 31.8856 12
      vertex 31.1955 32.5307 11
      vertex 31.0277 32.8856 11
    endloop
  endfacet
  facet normal 0.542908 0.256692 0.7996
    outer loop
      vertex 31.1955 32.5307 11
      vertex 30.0277 31.8856 12
      vertex 30.1955 31.5307 12
    endloop
  endfacet
  facet normal 0.388063 0.428106 0.816169
    outer loop
      vertex 30.0376 34.092 11
      vertex 29.3284 32.8284 12
      vertex 30.3284 33.8284 11
    endloop
  endfacet
  facet normal 0.388063 0.428106 0.816169
    outer loop
      vertex 29.3284 32.8284 12
      vertex 30.0376 34.092 11
      vertex 29.0376 33.092 12
    endloop
  endfacet
  facet normal 1 0 0
    outer loop
      vertex 31.5 31 11
      vertex 31.5 29.2 9
      vertex 31.5 31 1
    endloop
  endfacet
  facet normal 1 0 0
    outer loop
      vertex 31.5 31 11
      vertex 31.5 28 9
      vertex 31.5 29.2 9
    endloop
  endfacet
  facet normal 1 0 0
    outer loop
      vertex 31.5 28 9
      vertex 31.5 26.8 9
      vertex 31.5 28 3
    endloop
  endfacet
  facet normal 1 0 0
    outer loop
      vertex 31.5 31 11
      vertex 31.5 26.8 9
      vertex 31.5 28 9
    endloop
  endfacet
  facet normal 1 0 0
    outer loop
      vertex 31.5 31 11
      vertex 31.5 25.6 9
      vertex 31.5 26.8 9
    endloop
  endfacet
  facet normal 1 0 0
    outer loop
      vertex 31.5 25.6 9
      vertex 31.5 24.4 9
      vertex 31.5 25.6 3
    endloop
  endfacet
  facet normal 1 0 0
    outer loop
      vertex 31.5 31 11
      vertex 31.5 24.4 9
      vertex 31.5 25.6 9
    endloop
  endfacet
  facet normal 1 0 0
    outer loop
      vertex 31.5 31 11
      vertex 31.5 23.2 9
      vertex 31.5 24.4 9
    endloop
  endfacet
  facet normal 1 0 0
    outer loop
      vertex 31.5 23.2 9
      vertex 31.5 22 9
      vertex 31.5 23.2 3
    endloop
  endfacet
  facet normal 1 0 0
    outer loop
      vertex 31.5 31 11
      vertex 31.5 22 9
      vertex 31.5 23.2 9
    endloop
  endfacet
  facet normal 1 0 0
    outer loop
      vertex 31.5 31 11
      vertex 31.5 20.8 9
      vertex 31.5 22 9
    endloop
  endfacet
  facet normal 1 0 0
    outer loop
      vertex 31.5 20.8 9
      vertex 31.5 19.6 9
      vertex 31.5 20.8 3
    endloop
  endfacet
  facet normal 1 0 0
    outer loop
      vertex 31.5 31 11
      vertex 31.5 19.6 9
      vertex 31.5 20.8 9
    endloop
  endfacet
  facet normal 1 0 0
    outer loop
      vertex 31.5 31 11
      vertex 31.5 18.4 9
      vertex 31.5 19.6 9
    endloop
  endfacet
  facet normal 1 0 0
    outer loop
      vertex 31.5 18.4 9
      vertex 31.5 17.2 9
      vertex 31.5 18.4 3
    endloop
  endfacet
  facet normal 1 0 0
    outer loop
      vertex 31.5 31 11
      vertex 31.5 17.2 9
      vertex 31.5 18.4 9
    endloop
  endfacet
  facet normal 1 0 0
    outer loop
      vertex 31.5 31 11
      vertex 31.5 16 9
      vertex 31.5 17.2 9
    endloop
  endfacet
  facet normal 1 0 0
    outer loop
      vertex 31.5 16 9
      vertex 31.5 14.8 9
      vertex 31.5 16 3
    endloop
  endfacet
  facet normal 1 0 0
    outer loop
      vertex 31.5 31 11
      vertex 31.5 14.8 9
      vertex 31.5 16 9
    endloop
  endfacet
  facet normal 1 0 0
    outer loop
      vertex 31.5 31 11
      vertex 31.5 13.6 9
      vertex 31.5 14.8 9
    endloop
  endfacet
  facet normal 1 0 0
    outer loop
      vertex 31.5 13.6 9
      vertex 31.5 12.4 9
      vertex 31.5 13.6 3
    endloop
  endfacet
  facet normal 1 -0 0
    outer loop
      vertex 31.5 -2 11
      vertex 31.5 13.6 9
      vertex 31.5 31 11
    endloop
  endfacet
  facet normal 1 0 0
    outer loop
      vertex 31.5 13.6 9
      vertex 31.5 -2 11
      vertex 31.5 12.4 9
    endloop
  endfacet
  facet normal 1 0 0
    outer loop
      vertex 31.5 11.2 9
      vertex 31.5 10 9
      vertex 31.5 11.2 3
    endloop
  endfacet
  facet normal 1 0 0
    outer loop
      vertex 31.5 12.4 9
      vertex 31.5 -2 11
      vertex 31.5 11.2 9
    endloop
  endfacet
  facet normal 1 0 0
    outer loop
      vertex 31.5 11.2 9
      vertex 31.5 -2 11
      vertex 31.5 10 9
    endloop
  endfacet
  facet normal 1 0 0
    outer loop
      vertex 31.5 8.8 9
      vertex 31.5 -2 11
      vertex 31.5 8.8 3
    endloop
  endfacet
  facet normal 1 0 0
    outer loop
      vertex 31.5 10 9
      vertex 31.5 -2 11
      vertex 31.5 8.8 9
    endloop
  endfacet
  facet normal 1 -0 0
    outer loop
      vertex 31.5 29.2 3
      vertex 31.5 31 1
      vertex 31.5 29.2 9
    endloop
  endfacet
  facet normal 1 -0 0
    outer loop
      vertex 31.5 28 3
      vertex 31.5 31 1
      vertex 31.5 29.2 3
    endloop
  endfacet
  facet normal 1 0 0
    outer loop
      vertex 31.5 26.8 3
      vertex 31.5 28 3
      vertex 31.5 26.8 9
    endloop
  endfacet
  facet normal 1 -0 0
    outer loop
      vertex 31.5 26.8 3
      vertex 31.5 31 1
      vertex 31.5 28 3
    endloop
  endfacet
  facet normal 1 -0 0
    outer loop
      vertex 31.5 25.6 3
      vertex 31.5 31 1
      vertex 31.5 26.8 3
    endloop
  endfacet
  facet normal 1 0 0
    outer loop
      vertex 31.5 24.4 3
      vertex 31.5 25.6 3
      vertex 31.5 24.4 9
    endloop
  endfacet
  facet normal 1 -0 0
    outer loop
      vertex 31.5 24.4 3
      vertex 31.5 31 1
      vertex 31.5 25.6 3
    endloop
  endfacet
  facet normal 1 -0 0
    outer loop
      vertex 31.5 23.2 3
      vertex 31.5 31 1
      vertex 31.5 24.4 3
    endloop
  endfacet
  facet normal 1 0 0
    outer loop
      vertex 31.5 22 3
      vertex 31.5 23.2 3
      vertex 31.5 22 9
    endloop
  endfacet
  facet normal 1 -0 0
    outer loop
      vertex 31.5 22 3
      vertex 31.5 31 1
      vertex 31.5 23.2 3
    endloop
  endfacet
  facet normal 1 -0 0
    outer loop
      vertex 31.5 20.8 3
      vertex 31.5 31 1
      vertex 31.5 22 3
    endloop
  endfacet
  facet normal 1 0 0
    outer loop
      vertex 31.5 19.6 3
      vertex 31.5 20.8 3
      vertex 31.5 19.6 9
    endloop
  endfacet
  facet normal 1 -0 0
    outer loop
      vertex 31.5 19.6 3
      vertex 31.5 31 1
      vertex 31.5 20.8 3
    endloop
  endfacet
  facet normal 1 -0 0
    outer loop
      vertex 31.5 18.4 3
      vertex 31.5 31 1
      vertex 31.5 19.6 3
    endloop
  endfacet
  facet normal 1 0 0
    outer loop
      vertex 31.5 17.2 3
      vertex 31.5 18.4 3
      vertex 31.5 17.2 9
    endloop
  endfacet
  facet normal 1 -0 0
    outer loop
      vertex 31.5 17.2 3
      vertex 31.5 31 1
      vertex 31.5 18.4 3
    endloop
  endfacet
  facet normal 1 -0 0
    outer loop
      vertex 31.5 16 3
      vertex 31.5 31 1
      vertex 31.5 17.2 3
    endloop
  endfacet
  facet normal 1 0 0
    outer loop
      vertex 31.5 14.8 3
      vertex 31.5 16 3
      vertex 31.5 14.8 9
    endloop
  endfacet
  facet normal 1 -0 0
    outer loop
      vertex 31.5 14.8 3
      vertex 31.5 31 1
      vertex 31.5 16 3
    endloop
  endfacet
  facet normal 1 -0 0
    outer loop
      vertex 31.5 13.6 3
      vertex 31.5 31 1
      vertex 31.5 14.8 3
    endloop
  endfacet
  facet normal 1 0 0
    outer loop
      vertex 31.5 12.4 3
      vertex 31.5 13.6 3
      vertex 31.5 12.4 9
    endloop
  endfacet
  facet normal 1 0 0
    outer loop
      vertex 31.5 -2 1
      vertex 31.5 13.6 3
      vertex 31.5 12.4 3
    endloop
  endfacet
  facet normal 1 0 0
    outer loop
      vertex 31.5 -2 1
      vertex 31.5 12.4 3
      vertex 31.5 11.2 3
    endloop
  endfacet
  facet normal 1 0 0
    outer loop
      vertex 31.5 10 3
      vertex 31.5 11.2 3
      vertex 31.5 10 9
    endloop
  endfacet
  facet normal 1 0 0
    outer loop
      vertex 31.5 -2 1
      vertex 31.5 11.2 3
      vertex 31.5 10 3
    endloop
  endfacet
  facet normal 1 0 0
    outer loop
      vertex 31.5 -2 1
      vertex 31.5 10 3
      vertex 31.5 8.8 3
    endloop
  endfacet
  facet normal 1 0 0
    outer loop
      vertex 31.5 13.6 3
      vertex 31.5 -2 1
      vertex 31.5 31 1
    endloop
  endfacet
  facet normal 1 0 0
    outer loop
      vertex 31.5 -2 1
      vertex 31.5 8.8 3
      vertex 31.5 -2 11
    endloop
  endfacet
  facet normal 0 0.707107 -0.707107
    outer loop
      vertex 26.5 34 0
      vertex -27.5 35 1
      vertex 27.5 35 1
    endloop
  endfacet
  facet normal 0 0.707107 -0.707107
    outer loop
      vertex -27.5 35 1
      vertex 26.5 34 0
      vertex -26.5 34 0
    endloop
  endfacet
  facet normal 0 -1 0
    outer loop
      vertex -19 -6 3.6
      vertex -15 -6 5.1
      vertex -27.5 -6 5.1
    endloop
  endfacet
  facet normal 0 -1 0
    outer loop
      vertex -9 -6 4.6
      vertex 4 -6 3.8
      vertex 0 -6 4.6
    endloop
  endfacet
  facet normal 0 -1 0
    outer loop
      vertex -19 -6 2.6
      vertex -15 -6 5.1
      vertex -19 -6 3.6
    endloop
  endfacet
  facet normal 0 -1 0
    outer loop
      vertex 27.5 -6 1
      vertex 15 -6 3.8
      vertex 4 -6 3.8
    endloop
  endfacet
  facet normal 0 -1 0
    outer loop
      vertex 15 -6 3.8
      vertex 27.5 -6 1
      vertex 18 -6 3.8
    endloop
  endfacet
  facet normal 0 -1 -0
    outer loop
      vertex -15 -6 5.1
      vertex -19 -6 2.6
      vertex -9 -6 4.6
    endloop
  endfacet
  facet normal 0 -1 0
    outer loop
      vertex -19 -6 3.6
      vertex -27.5 -6 5.1
      vertex -25 -6 3.6
    endloop
  endfacet
  facet normal 0 -1 0
    outer loop
      vertex -27.5 -6 5.1
      vertex -25 -6 2.6
      vertex -25 -6 3.6
    endloop
  endfacet
  facet normal 0 -1 -0
    outer loop
      vertex -25 -6 2.6
      vertex -27.5 -6 1
      vertex -19 -6 2.6
    endloop
  endfacet
  facet normal 0 -1 0
    outer loop
      vertex -27.5 -6 1
      vertex -25 -6 2.6
      vertex -27.5 -6 5.1
    endloop
  endfacet
  facet normal 0 -1 0
    outer loop
      vertex 15 -6 3.8
      vertex 18 -6 8.2
      vertex 15 -6 8.2
    endloop
  endfacet
  facet normal 0 -1 -0
    outer loop
      vertex 18 -6 8.2
      vertex 15 -6 3.8
      vertex 18 -6 3.8
    endloop
  endfacet
  facet normal 0 -1 0
    outer loop
      vertex -27.5 -6 11
      vertex 4 -6 8.2
      vertex 27.5 -6 11
    endloop
  endfacet
  facet normal 0 -1 0
    outer loop
      vertex -27.5 -6 11
      vertex -9 -6 7.4
      vertex 4 -6 8.2
    endloop
  endfacet
  facet normal 0 -1 0
    outer loop
      vertex -15 -6 6.9
      vertex -27.5 -6 11
      vertex -27.5 -6 6.9
    endloop
  endfacet
  facet normal 0 -1 0
    outer loop
      vertex -27.5 -6 11
      vertex -15 -6 6.9
      vertex -9 -6 7.4
    endloop
  endfacet
  facet normal 0 -1 0
    outer loop
      vertex -15 -6 5.1
      vertex -9 -6 7.4
      vertex -15 -6 6.9
    endloop
  endfacet
  facet normal 0 -1 -0
    outer loop
      vertex -9 -6 7.4
      vertex -15 -6 5.1
      vertex -9 -6 4.6
    endloop
  endfacet
  facet normal 0 -1 0
    outer loop
      vertex 15 -6 8.2
      vertex 27.5 -6 11
      vertex 4 -6 8.2
    endloop
  endfacet
  facet normal 0 -1 0
    outer loop
      vertex 18 -6 8.2
      vertex 27.5 -6 11
      vertex 15 -6 8.2
    endloop
  endfacet
  facet normal 0 -1 -0
    outer loop
      vertex 27.5 -6 11
      vertex 18 -6 8.2
      vertex 27.5 -6 8.2
    endloop
  endfacet
  facet normal 0 -1 0
    outer loop
      vertex 0 -6 7.4
      vertex 4 -6 8.2
      vertex -9 -6 7.4
    endloop
  endfacet
  facet normal 0 -1 0
    outer loop
      vertex 0 -6 4.6
      vertex 4 -6 8.2
      vertex 0 -6 7.4
    endloop
  endfacet
  facet normal 0 -1 -0
    outer loop
      vertex 4 -6 8.2
      vertex 0 -6 4.6
      vertex 4 -6 3.8
    endloop
  endfacet
  facet normal 0 -1 -0
    outer loop
      vertex -9 -6 4.6
      vertex -19 -6 2.6
      vertex 4 -6 3.8
    endloop
  endfacet
  facet normal 0 -1 0
    outer loop
      vertex -27.5 -6 1
      vertex 4 -6 3.8
      vertex -19 -6 2.6
    endloop
  endfacet
  facet normal 0 -1 -0
    outer loop
      vertex 4 -6 3.8
      vertex -27.5 -6 1
      vertex 27.5 -6 1
    endloop
  endfacet
  facet normal 0 -1 0
    outer loop
      vertex 18 -6 3.8
      vertex 27.5 -6 1
      vertex 27.5 -6 3.8
    endloop
  endfacet
  facet normal 0 -1 0
    outer loop
      vertex 19 -6 5.5
      vertex 27.5 -6 6.5
      vertex 19 -6 6.5
    endloop
  endfacet
  facet normal 0 -1 -0
    outer loop
      vertex 27.5 -6 6.5
      vertex 19 -6 5.5
      vertex 27.5 -6 5.5
    endloop
  endfacet
  facet normal 0 -1 0
    outer loop
      vertex 5 -6 5.5
      vertex 14 -6 6.5
      vertex 5 -6 6.5
    endloop
  endfacet
  facet normal 0 -1 -0
    outer loop
      vertex 14 -6 6.5
      vertex 5 -6 5.5
      vertex 14 -6 5.5
    endloop
  endfacet
  facet normal -0.0338885 -0.689553 -0.723442
    outer loop
      vertex -27.5 -6 1
      vertex -26.8921 -4.98073 0
      vertex -26.5 -5 0
    endloop
  endfacet
  facet normal -0.0338885 -0.689553 -0.723442
    outer loop
      vertex -26.8921 -4.98073 0
      vertex -27.5 -6 1
      vertex -27.8921 -5.98073 1
    endloop
  endfacet
  facet normal -0.514102 -0.857729 0
    outer loop
      vertex -29.7223 -5.32587 1
      vertex -29.3856 -5.52768 11
      vertex -29.7223 -5.32587 11
    endloop
  endfacet
  facet normal -0.514102 -0.857729 -0
    outer loop
      vertex -29.3856 -5.52768 11
      vertex -29.7223 -5.32587 1
      vertex -29.3856 -5.52768 1
    endloop
  endfacet
  facet normal -0.580047 -0.20763 0.787677
    outer loop
      vertex -31.3278 -3.16113 11
      vertex -30.1955 -2.53073 12
      vertex -30.3278 -2.16113 12
    endloop
  endfacet
  facet normal -0.580047 -0.20763 0.787677
    outer loop
      vertex -30.1955 -2.53073 12
      vertex -31.3278 -3.16113 11
      vertex -31.1955 -3.53073 11
    endloop
  endfacet
  facet normal -0.689524 -0.0339433 -0.723467
    outer loop
      vertex -31.5 -2 1
      vertex -30.4807 -1.39206 0
      vertex -31.4807 -2.39206 1
    endloop
  endfacet
  facet normal -0.689524 -0.0339433 -0.723467
    outer loop
      vertex -30.4807 -1.39206 0
      vertex -31.5 -2 1
      vertex -30.5 -1 0
    endloop
  endfacet
  facet normal -0.428106 0.388063 0.816169
    outer loop
      vertex -30.592 33.5376 11
      vertex -29.3284 32.8284 12
      vertex -30.3284 33.8284 11
    endloop
  endfacet
  facet normal -0.428106 0.388063 0.816169
    outer loop
      vertex -29.3284 32.8284 12
      vertex -30.592 33.5376 11
      vertex -29.592 32.5376 12
    endloop
  endfacet
  facet normal -0.998791 0.0491626 0
    outer loop
      vertex -31.5 31 1
      vertex -31.4807 31.3921 11
      vertex -31.4807 31.3921 1
    endloop
  endfacet
  facet normal -0.998791 0.0491626 0
    outer loop
      vertex -31.4807 31.3921 11
      vertex -31.5 31 1
      vertex -31.5 31 11
    endloop
  endfacet
  facet normal -0.542908 0.256692 0.7996
    outer loop
      vertex -31.1955 32.5307 11
      vertex -30.0277 31.8856 12
      vertex -31.0277 32.8856 11
    endloop
  endfacet
  facet normal -0.542908 0.256692 0.7996
    outer loop
      vertex -30.0277 31.8856 12
      vertex -31.1955 32.5307 11
      vertex -30.1955 31.5307 12
    endloop
  endfacet
  facet normal -0.46705 0.346473 -0.813523
    outer loop
      vertex -30.8259 33.2223 1
      vertex -29.592 32.5376 0
      vertex -29.8259 32.2223 0
    endloop
  endfacet
  facet normal -0.46705 0.346473 -0.813523
    outer loop
      vertex -29.592 32.5376 0
      vertex -30.8259 33.2223 1
      vertex -30.592 33.5376 1
    endloop
  endfacet
  facet normal -0.542908 0.256692 -0.7996
    outer loop
      vertex -31.1955 32.5307 1
      vertex -30.0277 31.8856 0
      vertex -30.1955 31.5307 0
    endloop
  endfacet
  facet normal -0.542908 0.256692 -0.7996
    outer loop
      vertex -30.0277 31.8856 0
      vertex -31.1955 32.5307 1
      vertex -31.0277 32.8856 1
    endloop
  endfacet
  facet normal -0.904044 0.42744 0
    outer loop
      vertex -31.1955 32.5307 1
      vertex -31.0277 32.8856 11
      vertex -31.0277 32.8856 1
    endloop
  endfacet
  facet normal -0.904044 0.42744 0
    outer loop
      vertex -31.0277 32.8856 11
      vertex -31.1955 32.5307 1
      vertex -31.1955 32.5307 11
    endloop
  endfacet
  facet normal 0.46705 0.346473 0.813523
    outer loop
      vertex 29.592 32.5376 12
      vertex 30.8259 33.2223 11
      vertex 30.592 33.5376 11
    endloop
  endfacet
  facet normal 0.46705 0.346473 0.813523
    outer loop
      vertex 30.8259 33.2223 11
      vertex 29.592 32.5376 12
      vertex 29.8259 32.2223 12
    endloop
  endfacet
  facet normal 0.689524 -0.0339433 -0.723467
    outer loop
      vertex 30.4807 -1.39206 0
      vertex 31.5 -2 1
      vertex 31.4807 -2.39206 1
    endloop
  endfacet
  facet normal 0.689524 -0.0339433 -0.723467
    outer loop
      vertex 31.5 -2 1
      vertex 30.4807 -1.39206 0
      vertex 30.5 -1 0
    endloop
  endfacet
  facet normal 0.256692 0.542908 -0.7996
    outer loop
      vertex 28.3856 33.5277 0
      vertex 29.0307 34.6955 1
      vertex 29.3856 34.5277 1
    endloop
  endfacet
  facet normal 0.256692 0.542908 -0.7996
    outer loop
      vertex 29.0307 34.6955 1
      vertex 28.3856 33.5277 0
      vertex 28.0307 33.6955 0
    endloop
  endfacet
  facet normal 0.0339399 0.689526 0.723466
    outer loop
      vertex 27.5 35 11
      vertex 26.8921 33.9807 12
      vertex 27.8921 34.9807 11
    endloop
  endfacet
  facet normal 0.0339399 0.689526 0.723466
    outer loop
      vertex 26.8921 33.9807 12
      vertex 27.5 35 11
      vertex 26.5 34 12
    endloop
  endfacet
  facet normal 0.346411 -0.467106 -0.813518
    outer loop
      vertex 29.7223 -5.32587 1
      vertex 29.0376 -4.09204 0
      vertex 30.0376 -5.09204 1
    endloop
  endfacet
  facet normal 0.346411 -0.467106 -0.813518
    outer loop
      vertex 29.0376 -4.09204 0
      vertex 29.7223 -5.32587 1
      vertex 28.7223 -4.32587 0
    endloop
  endfacet
  facet normal 0.671649 -0.74087 0
    outer loop
      vertex 30.0376 -5.09204 1
      vertex 30.3284 -4.82841 11
      vertex 30.0376 -5.09204 11
    endloop
  endfacet
  facet normal 0.671649 -0.74087 0
    outer loop
      vertex 30.3284 -4.82841 11
      vertex 30.0376 -5.09204 1
      vertex 30.3284 -4.82841 1
    endloop
  endfacet
  facet normal 0.207568 -0.580092 0.78766
    outer loop
      vertex 28.0307 -4.69551 12
      vertex 28.6611 -5.82776 11
      vertex 29.0307 -5.69551 11
    endloop
  endfacet
  facet normal 0.207568 -0.580092 0.78766
    outer loop
      vertex 28.6611 -5.82776 11
      vertex 28.0307 -4.69551 12
      vertex 27.6611 -4.82776 12
    endloop
  endfacet
  facet normal 0.595679 -0.803223 0
    outer loop
      vertex 29.7223 -5.32587 1
      vertex 30.0376 -5.09204 11
      vertex 29.7223 -5.32587 11
    endloop
  endfacet
  facet normal 0.595679 -0.803223 0
    outer loop
      vertex 30.0376 -5.09204 11
      vertex 29.7223 -5.32587 1
      vertex 30.0376 -5.09204 1
    endloop
  endfacet
  facet normal 0.689524 -0.0339433 0.723467
    outer loop
      vertex 30.4807 -1.39206 12
      vertex 31.5 -2 11
      vertex 30.5 -1 12
    endloop
  endfacet
  facet normal 0.689524 -0.0339433 0.723467
    outer loop
      vertex 31.5 -2 11
      vertex 30.4807 -1.39206 12
      vertex 31.4807 -2.39206 11
    endloop
  endfacet
  facet normal -0.595679 -0.803223 0
    outer loop
      vertex -30.0376 -5.09204 1
      vertex -29.7223 -5.32587 11
      vertex -30.0376 -5.09204 11
    endloop
  endfacet
  facet normal -0.595679 -0.803223 -0
    outer loop
      vertex -29.7223 -5.32587 11
      vertex -30.0376 -5.09204 1
      vertex -29.7223 -5.32587 1
    endloop
  endfacet
  facet normal -0.0969809 -0.653611 -0.750592
    outer loop
      vertex -27.8921 -5.98073 1
      vertex -27.2803 -4.92313 0
      vertex -26.8921 -4.98073 0
    endloop
  endfacet
  facet normal -0.0969809 -0.653611 -0.750592
    outer loop
      vertex -27.2803 -4.92313 0
      vertex -27.8921 -5.98073 1
      vertex -28.2803 -5.92313 1
    endloop
  endfacet
  facet normal -0.346411 -0.467106 0.813518
    outer loop
      vertex -29.0376 -4.09204 12
      vertex -29.7223 -5.32587 11
      vertex -28.7223 -4.32587 12
    endloop
  endfacet
  facet normal -0.346411 -0.467106 0.813518
    outer loop
      vertex -29.7223 -5.32587 11
      vertex -29.0376 -4.09204 12
      vertex -30.0376 -5.09204 11
    endloop
  endfacet
  facet normal -0.346411 -0.467106 -0.813518
    outer loop
      vertex -29.7223 -5.32587 1
      vertex -29.0376 -4.09204 0
      vertex -28.7223 -4.32587 0
    endloop
  endfacet
  facet normal -0.346411 -0.467106 -0.813518
    outer loop
      vertex -29.0376 -4.09204 0
      vertex -29.7223 -5.32587 1
      vertex -30.0376 -5.09204 1
    endloop
  endfacet
  facet normal -0.46705 -0.346473 -0.813523
    outer loop
      vertex -30.8259 -4.22227 1
      vertex -29.592 -3.53757 0
      vertex -30.592 -4.53757 1
    endloop
  endfacet
  facet normal -0.46705 -0.346473 -0.813523
    outer loop
      vertex -29.592 -3.53757 0
      vertex -30.8259 -4.22227 1
      vertex -29.8259 -3.22227 0
    endloop
  endfacet
  facet normal -0.20763 0.580047 -0.787677
    outer loop
      vertex -28.0307 33.6955 0
      vertex -28.6611 34.8278 1
      vertex -27.6611 33.8278 0
    endloop
  endfacet
  facet normal -0.20763 0.580047 -0.787677
    outer loop
      vertex -28.6611 34.8278 1
      vertex -28.0307 33.6955 0
      vertex -29.0307 34.6955 1
    endloop
  endfacet
  facet normal -0.0339399 0.689526 0.723466
    outer loop
      vertex -27.5 35 11
      vertex -26.8921 33.9807 12
      vertex -26.5 34 12
    endloop
  endfacet
  facet normal -0.0339399 0.689526 0.723466
    outer loop
      vertex -26.8921 33.9807 12
      vertex -27.5 35 11
      vertex -27.8921 34.9807 11
    endloop
  endfacet
  facet normal -0.0969809 0.653611 0.750592
    outer loop
      vertex -27.8921 34.9807 11
      vertex -27.2803 33.9231 12
      vertex -26.8921 33.9807 12
    endloop
  endfacet
  facet normal -0.0969809 0.653611 0.750592
    outer loop
      vertex -27.2803 33.9231 12
      vertex -27.8921 34.9807 11
      vertex -28.2803 34.9231 11
    endloop
  endfacet
  facet normal -0.302827 0.505262 -0.808088
    outer loop
      vertex -28.7223 33.3259 0
      vertex -29.3856 34.5277 1
      vertex -28.3856 33.5277 0
    endloop
  endfacet
  facet normal -0.302827 0.505262 -0.808088
    outer loop
      vertex -29.3856 34.5277 1
      vertex -28.7223 33.3259 0
      vertex -29.7223 34.3259 1
    endloop
  endfacet
  facet normal -0.9415 -0.337014 0
    outer loop
      vertex -31.1955 -3.53073 1
      vertex -31.3278 -3.16113 11
      vertex -31.3278 -3.16113 1
    endloop
  endfacet
  facet normal -0.9415 -0.337014 0
    outer loop
      vertex -31.3278 -3.16113 11
      vertex -31.1955 -3.53073 1
      vertex -31.1955 -3.53073 11
    endloop
  endfacet
  facet normal -0.617116 -0.154449 0.771565
    outer loop
      vertex -31.4231 -2.78035 11
      vertex -30.3278 -2.16113 12
      vertex -30.4231 -1.78035 12
    endloop
  endfacet
  facet normal -0.617116 -0.154449 0.771565
    outer loop
      vertex -30.3278 -2.16113 12
      vertex -31.4231 -2.78035 11
      vertex -31.3278 -3.16113 11
    endloop
  endfacet
  facet normal -0.989176 -0.146737 0
    outer loop
      vertex -31.4231 -2.78035 1
      vertex -31.4807 -2.39206 11
      vertex -31.4807 -2.39206 1
    endloop
  endfacet
  facet normal -0.989176 -0.146737 0
    outer loop
      vertex -31.4807 -2.39206 11
      vertex -31.4231 -2.78035 1
      vertex -31.4231 -2.78035 11
    endloop
  endfacet
  facet normal -0.580047 -0.20763 -0.787677
    outer loop
      vertex -31.3278 -3.16113 1
      vertex -30.1955 -2.53073 0
      vertex -31.1955 -3.53073 1
    endloop
  endfacet
  facet normal -0.580047 -0.20763 -0.787677
    outer loop
      vertex -30.1955 -2.53073 0
      vertex -31.3278 -3.16113 1
      vertex -30.3278 -2.16113 0
    endloop
  endfacet
  facet normal -0.346473 0.46705 0.813523
    outer loop
      vertex -29.7223 34.3259 11
      vertex -29.0376 33.092 12
      vertex -28.7223 33.3259 12
    endloop
  endfacet
  facet normal -0.346473 0.46705 0.813523
    outer loop
      vertex -29.0376 33.092 12
      vertex -29.7223 34.3259 11
      vertex -30.0376 34.092 11
    endloop
  endfacet
  facet normal -0.388063 0.428106 0.816169
    outer loop
      vertex -30.0376 34.092 11
      vertex -29.3284 32.8284 12
      vertex -29.0376 33.092 12
    endloop
  endfacet
  facet normal -0.388063 0.428106 0.816169
    outer loop
      vertex -29.3284 32.8284 12
      vertex -30.0376 34.092 11
      vertex -30.3284 33.8284 11
    endloop
  endfacet
  facet normal -0.689526 0.0339399 0.723466
    outer loop
      vertex -31.5 31 11
      vertex -30.4807 30.3921 12
      vertex -31.4807 31.3921 11
    endloop
  endfacet
  facet normal -0.689526 0.0339399 0.723466
    outer loop
      vertex -30.4807 30.3921 12
      vertex -31.5 31 11
      vertex -30.5 30 12
    endloop
  endfacet
  facet normal -0.580047 0.20763 -0.787677
    outer loop
      vertex -31.3278 32.1611 1
      vertex -30.1955 31.5307 0
      vertex -30.3278 31.1611 0
    endloop
  endfacet
  facet normal -0.580047 0.20763 -0.787677
    outer loop
      vertex -30.1955 31.5307 0
      vertex -31.3278 32.1611 1
      vertex -31.1955 32.5307 1
    endloop
  endfacet
  facet normal -0.617121 0.154442 0.771563
    outer loop
      vertex -31.4231 31.7803 11
      vertex -30.3278 31.1611 12
      vertex -31.3278 32.1611 11
    endloop
  endfacet
  facet normal -0.617121 0.154442 0.771563
    outer loop
      vertex -30.3278 31.1611 12
      vertex -31.4231 31.7803 11
      vertex -30.4231 30.7803 12
    endloop
  endfacet
  facet normal -0.617121 0.154442 -0.771563
    outer loop
      vertex -31.4231 31.7803 1
      vertex -30.3278 31.1611 0
      vertex -30.4231 30.7803 0
    endloop
  endfacet
  facet normal -0.617121 0.154442 -0.771563
    outer loop
      vertex -30.3278 31.1611 0
      vertex -31.4231 31.7803 1
      vertex -31.3278 32.1611 1
    endloop
  endfacet
  facet normal -0.85774 0.514084 0
    outer loop
      vertex -31.0277 32.8856 1
      vertex -30.8259 33.2223 11
      vertex -30.8259 33.2223 1
    endloop
  endfacet
  facet normal -0.85774 0.514084 0
    outer loop
      vertex -30.8259 33.2223 11
      vertex -31.0277 32.8856 1
      vertex -31.0277 32.8856 11
    endloop
  endfacet
  facet normal -0.46705 0.346473 0.813523
    outer loop
      vertex -30.8259 33.2223 11
      vertex -29.592 32.5376 12
      vertex -30.592 33.5376 11
    endloop
  endfacet
  facet normal -0.46705 0.346473 0.813523
    outer loop
      vertex -29.592 32.5376 12
      vertex -30.8259 33.2223 11
      vertex -29.8259 32.2223 12
    endloop
  endfacet
  facet normal -0.428106 0.388063 -0.816169
    outer loop
      vertex -30.592 33.5376 1
      vertex -29.3284 32.8284 0
      vertex -29.592 32.5376 0
    endloop
  endfacet
  facet normal -0.428106 0.388063 -0.816169
    outer loop
      vertex -29.3284 32.8284 0
      vertex -30.592 33.5376 1
      vertex -30.3284 33.8284 1
    endloop
  endfacet
  facet normal 0.998791 0.0491626 0
    outer loop
      vertex 31.5 31 11
      vertex 31.4807 31.3921 1
      vertex 31.4807 31.3921 11
    endloop
  endfacet
  facet normal 0.998791 0.0491626 0
    outer loop
      vertex 31.4807 31.3921 1
      vertex 31.5 31 11
      vertex 31.5 31 1
    endloop
  endfacet
  facet normal 0.542908 0.256692 -0.7996
    outer loop
      vertex 30.0277 31.8856 0
      vertex 31.1955 32.5307 1
      vertex 30.1955 31.5307 0
    endloop
  endfacet
  facet normal 0.542908 0.256692 -0.7996
    outer loop
      vertex 31.1955 32.5307 1
      vertex 30.0277 31.8856 0
      vertex 31.0277 32.8856 1
    endloop
  endfacet
  facet normal 0.580047 0.20763 0.787677
    outer loop
      vertex 30.1955 31.5307 12
      vertex 31.3278 32.1611 11
      vertex 31.1955 32.5307 11
    endloop
  endfacet
  facet normal 0.580047 0.20763 0.787677
    outer loop
      vertex 31.3278 32.1611 11
      vertex 30.1955 31.5307 12
      vertex 30.3278 31.1611 12
    endloop
  endfacet
  facet normal 0.154442 0.617121 -0.771563
    outer loop
      vertex 27.6611 33.8278 0
      vertex 28.2803 34.9231 1
      vertex 28.6611 34.8278 1
    endloop
  endfacet
  facet normal 0.154442 0.617121 -0.771563
    outer loop
      vertex 28.2803 34.9231 1
      vertex 27.6611 33.8278 0
      vertex 27.2803 33.9231 0
    endloop
  endfacet
  facet normal 0.302827 0.505262 -0.808088
    outer loop
      vertex 28.7223 33.3259 0
      vertex 29.3856 34.5277 1
      vertex 29.7223 34.3259 1
    endloop
  endfacet
  facet normal 0.302827 0.505262 -0.808088
    outer loop
      vertex 29.3856 34.5277 1
      vertex 28.7223 33.3259 0
      vertex 28.3856 33.5277 0
    endloop
  endfacet
  facet normal 0.0491626 0.998791 -0
    outer loop
      vertex 27.8921 34.9807 1
      vertex 27.5 35 11
      vertex 27.8921 34.9807 11
    endloop
  endfacet
  facet normal 0.0491626 0.998791 0
    outer loop
      vertex 27.5 35 11
      vertex 27.8921 34.9807 1
      vertex 27.5 35 1
    endloop
  endfacet
  facet normal 0.0969809 0.653611 0.750592
    outer loop
      vertex 27.8921 34.9807 11
      vertex 27.2803 33.9231 12
      vertex 28.2803 34.9231 11
    endloop
  endfacet
  facet normal 0.0969809 0.653611 0.750592
    outer loop
      vertex 27.2803 33.9231 12
      vertex 27.8921 34.9807 11
      vertex 26.8921 33.9807 12
    endloop
  endfacet
  facet normal -0.427503 -0.904014 0
    outer loop
      vertex -29.3856 -5.52768 1
      vertex -29.0307 -5.69551 11
      vertex -29.3856 -5.52768 11
    endloop
  endfacet
  facet normal -0.427503 -0.904014 -0
    outer loop
      vertex -29.0307 -5.69551 11
      vertex -29.3856 -5.52768 1
      vertex -29.0307 -5.69551 1
    endloop
  endfacet
  facet normal 0.427503 -0.904014 0
    outer loop
      vertex 29.0307 -5.69551 1
      vertex 29.3856 -5.52768 11
      vertex 29.0307 -5.69551 11
    endloop
  endfacet
  facet normal 0.427503 -0.904014 0
    outer loop
      vertex 29.3856 -5.52768 11
      vertex 29.0307 -5.69551 1
      vertex 29.3856 -5.52768 1
    endloop
  endfacet
  facet normal 0.0490864 -0.998795 0
    outer loop
      vertex 27.5 -6 8.2
      vertex 27.8921 -5.98073 11
      vertex 27.5 -6 11
    endloop
  endfacet
  facet normal 0.0490864 -0.998795 0
    outer loop
      vertex 27.8921 -5.98073 11
      vertex 27.5 -6 8.2
      vertex 27.8921 -5.98073 8.2
    endloop
  endfacet
  facet normal 0.0490864 -0.998795 0
    outer loop
      vertex 27.5 -6 1
      vertex 27.8921 -5.98073 3.8
      vertex 27.5 -6 3.8
    endloop
  endfacet
  facet normal 0.0490864 -0.998795 0
    outer loop
      vertex 27.8921 -5.98073 3.8
      vertex 27.5 -6 1
      vertex 27.8921 -5.98073 1
    endloop
  endfacet
  facet normal 0.0490864 -0.998795 0
    outer loop
      vertex 27.5 -6 5.5
      vertex 27.8921 -5.98073 6.5
      vertex 27.5 -6 6.5
    endloop
  endfacet
  facet normal 0.0490864 -0.998795 0
    outer loop
      vertex 27.8921 -5.98073 6.5
      vertex 27.5 -6 5.5
      vertex 27.8921 -5.98073 5.5
    endloop
  endfacet
  facet normal 0.46705 -0.346473 0.813523
    outer loop
      vertex 29.592 -3.53757 12
      vertex 30.8259 -4.22227 11
      vertex 29.8259 -3.22227 12
    endloop
  endfacet
  facet normal 0.46705 -0.346473 0.813523
    outer loop
      vertex 30.8259 -4.22227 11
      vertex 29.592 -3.53757 12
      vertex 30.592 -4.53757 11
    endloop
  endfacet
  facet normal 0.707107 -0 0.707107
    outer loop
      vertex 30.5 -1 12
      vertex 31.5 31 11
      vertex 30.5 30 12
    endloop
  endfacet
  facet normal 0.707107 0 0.707107
    outer loop
      vertex 31.5 31 11
      vertex 30.5 -1 12
      vertex 31.5 -2 11
    endloop
  endfacet
  facet normal -0.671649 -0.74087 0
    outer loop
      vertex -30.3284 -4.82841 1
      vertex -30.0376 -5.09204 11
      vertex -30.3284 -4.82841 11
    endloop
  endfacet
  facet normal -0.671649 -0.74087 -0
    outer loop
      vertex -30.0376 -5.09204 11
      vertex -30.3284 -4.82841 1
      vertex -30.0376 -5.09204 1
    endloop
  endfacet
  facet normal -0.740954 -0.671556 0
    outer loop
      vertex -30.3284 -4.82841 1
      vertex -30.592 -4.53757 11
      vertex -30.592 -4.53757 1
    endloop
  endfacet
  facet normal -0.740954 -0.671556 0
    outer loop
      vertex -30.592 -4.53757 11
      vertex -30.3284 -4.82841 1
      vertex -30.3284 -4.82841 11
    endloop
  endfacet
  facet normal -0.256725 -0.542882 -0.799607
    outer loop
      vertex -29.0307 -5.69551 1
      vertex -28.3856 -4.52768 0
      vertex -28.0307 -4.69551 0
    endloop
  endfacet
  facet normal -0.256725 -0.542882 -0.799607
    outer loop
      vertex -28.3856 -4.52768 0
      vertex -29.0307 -5.69551 1
      vertex -29.3856 -5.52768 1
    endloop
  endfacet
  facet normal -0.207568 -0.580092 -0.78766
    outer loop
      vertex -28.6611 -5.82776 1
      vertex -28.0307 -4.69551 0
      vertex -27.6611 -4.82776 0
    endloop
  endfacet
  facet normal -0.207568 -0.580092 -0.78766
    outer loop
      vertex -28.0307 -4.69551 0
      vertex -28.6611 -5.82776 1
      vertex -29.0307 -5.69551 1
    endloop
  endfacet
  facet normal 0 -0.707107 0.707107
    outer loop
      vertex -27.5 -6 11
      vertex 26.5 -5 12
      vertex -26.5 -5 12
    endloop
  endfacet
  facet normal 0 -0.707107 0.707107
    outer loop
      vertex 26.5 -5 12
      vertex -27.5 -6 11
      vertex 27.5 -6 11
    endloop
  endfacet
  facet normal -0.154539 -0.617056 0.771595
    outer loop
      vertex -27.6611 -4.82776 12
      vertex -28.2803 -5.92313 11
      vertex -27.2803 -4.92313 12
    endloop
  endfacet
  facet normal -0.154539 -0.617056 0.771595
    outer loop
      vertex -28.2803 -5.92313 11
      vertex -27.6611 -4.82776 12
      vertex -28.6611 -5.82776 11
    endloop
  endfacet
  facet normal -0.154539 -0.617056 -0.771595
    outer loop
      vertex -28.2803 -5.92313 1
      vertex -27.6611 -4.82776 0
      vertex -27.2803 -4.92313 0
    endloop
  endfacet
  facet normal -0.154539 -0.617056 -0.771595
    outer loop
      vertex -27.6611 -4.82776 0
      vertex -28.2803 -5.92313 1
      vertex -28.6611 -5.82776 1
    endloop
  endfacet
  facet normal -0.428134 -0.388035 -0.816168
    outer loop
      vertex -30.592 -4.53757 1
      vertex -29.3284 -3.82841 0
      vertex -30.3284 -4.82841 1
    endloop
  endfacet
  facet normal -0.428134 -0.388035 -0.816168
    outer loop
      vertex -29.3284 -3.82841 0
      vertex -30.592 -4.53757 1
      vertex -29.592 -3.53757 0
    endloop
  endfacet
  facet normal -0.388087 -0.428083 -0.81617
    outer loop
      vertex -30.0376 -5.09204 1
      vertex -29.3284 -3.82841 0
      vertex -29.0376 -4.09204 0
    endloop
  endfacet
  facet normal -0.388087 -0.428083 -0.81617
    outer loop
      vertex -29.3284 -3.82841 0
      vertex -30.0376 -5.09204 1
      vertex -30.3284 -4.82841 1
    endloop
  endfacet
  facet normal -0.20763 0.580047 0.787677
    outer loop
      vertex -28.6611 34.8278 11
      vertex -28.0307 33.6955 12
      vertex -27.6611 33.8278 12
    endloop
  endfacet
  facet normal -0.20763 0.580047 0.787677
    outer loop
      vertex -28.0307 33.6955 12
      vertex -28.6611 34.8278 11
      vertex -29.0307 34.6955 11
    endloop
  endfacet
  facet normal -0.337014 0.9415 0
    outer loop
      vertex -28.6611 34.8278 1
      vertex -29.0307 34.6955 11
      vertex -28.6611 34.8278 11
    endloop
  endfacet
  facet normal -0.337014 0.9415 0
    outer loop
      vertex -29.0307 34.6955 11
      vertex -28.6611 34.8278 1
      vertex -29.0307 34.6955 1
    endloop
  endfacet
  facet normal -0.671607 0.740908 0
    outer loop
      vertex -30.0376 34.092 1
      vertex -30.3284 33.8284 11
      vertex -30.0376 34.092 11
    endloop
  endfacet
  facet normal -0.671607 0.740908 0
    outer loop
      vertex -30.3284 33.8284 11
      vertex -30.0376 34.092 1
      vertex -30.3284 33.8284 1
    endloop
  endfacet
  facet normal -0.542883 -0.256724 -0.799607
    outer loop
      vertex -31.1955 -3.53073 1
      vertex -30.0277 -2.88557 0
      vertex -31.0277 -3.88557 1
    endloop
  endfacet
  facet normal -0.542883 -0.256724 -0.799607
    outer loop
      vertex -30.0277 -2.88557 0
      vertex -31.1955 -3.53073 1
      vertex -30.1955 -2.53073 0
    endloop
  endfacet
  facet normal -0.580047 0.20763 0.787677
    outer loop
      vertex -31.3278 32.1611 11
      vertex -30.1955 31.5307 12
      vertex -31.1955 32.5307 11
    endloop
  endfacet
  facet normal -0.580047 0.20763 0.787677
    outer loop
      vertex -30.1955 31.5307 12
      vertex -31.3278 32.1611 11
      vertex -30.3278 31.1611 12
    endloop
  endfacet
  facet normal -0.989171 0.14677 0
    outer loop
      vertex -31.4807 31.3921 1
      vertex -31.4231 31.7803 11
      vertex -31.4231 31.7803 1
    endloop
  endfacet
  facet normal -0.989171 0.14677 0
    outer loop
      vertex -31.4231 31.7803 11
      vertex -31.4807 31.3921 1
      vertex -31.4807 31.3921 11
    endloop
  endfacet
  facet normal -0.653611 0.0969809 0.750592
    outer loop
      vertex -31.4807 31.3921 11
      vertex -30.4231 30.7803 12
      vertex -31.4231 31.7803 11
    endloop
  endfacet
  facet normal -0.653611 0.0969809 0.750592
    outer loop
      vertex -30.4231 30.7803 12
      vertex -31.4807 31.3921 11
      vertex -30.4807 30.3921 12
    endloop
  endfacet
  facet normal -0.653611 0.0969809 -0.750592
    outer loop
      vertex -31.4807 31.3921 1
      vertex -30.4231 30.7803 0
      vertex -30.4807 30.3921 0
    endloop
  endfacet
  facet normal -0.653611 0.0969809 -0.750592
    outer loop
      vertex -30.4231 30.7803 0
      vertex -31.4807 31.3921 1
      vertex -31.4231 31.7803 1
    endloop
  endfacet
  facet normal -0.689526 0.0339399 -0.723466
    outer loop
      vertex -31.5 31 1
      vertex -30.4807 30.3921 0
      vertex -30.5 30 0
    endloop
  endfacet
  facet normal -0.689526 0.0339399 -0.723466
    outer loop
      vertex -30.4807 30.3921 0
      vertex -31.5 31 1
      vertex -31.4807 31.3921 1
    endloop
  endfacet
  facet normal -0.803137 0.595794 0
    outer loop
      vertex -30.8259 33.2223 1
      vertex -30.592 33.5376 11
      vertex -30.592 33.5376 1
    endloop
  endfacet
  facet normal -0.803137 0.595794 0
    outer loop
      vertex -30.592 33.5376 11
      vertex -30.8259 33.2223 1
      vertex -30.8259 33.2223 11
    endloop
  endfacet
  facet normal -0.505262 0.302827 -0.808088
    outer loop
      vertex -31.0277 32.8856 1
      vertex -29.8259 32.2223 0
      vertex -30.0277 31.8856 0
    endloop
  endfacet
  facet normal -0.505262 0.302827 -0.808088
    outer loop
      vertex -29.8259 32.2223 0
      vertex -31.0277 32.8856 1
      vertex -30.8259 33.2223 1
    endloop
  endfacet
  facet normal 0.46705 0.346473 -0.813523
    outer loop
      vertex 29.592 32.5376 0
      vertex 30.8259 33.2223 1
      vertex 29.8259 32.2223 0
    endloop
  endfacet
  facet normal 0.46705 0.346473 -0.813523
    outer loop
      vertex 30.8259 33.2223 1
      vertex 29.592 32.5376 0
      vertex 30.592 33.5376 1
    endloop
  endfacet
  facet normal 0.803137 0.595794 0
    outer loop
      vertex 30.8259 33.2223 11
      vertex 30.592 33.5376 1
      vertex 30.592 33.5376 11
    endloop
  endfacet
  facet normal 0.803137 0.595794 0
    outer loop
      vertex 30.592 33.5376 1
      vertex 30.8259 33.2223 11
      vertex 30.8259 33.2223 1
    endloop
  endfacet
  facet normal 0.428106 0.388063 -0.816169
    outer loop
      vertex 29.3284 32.8284 0
      vertex 30.592 33.5376 1
      vertex 29.592 32.5376 0
    endloop
  endfacet
  facet normal 0.428106 0.388063 -0.816169
    outer loop
      vertex 30.592 33.5376 1
      vertex 29.3284 32.8284 0
      vertex 30.3284 33.8284 1
    endloop
  endfacet
  facet normal 0.505262 0.302827 -0.808088
    outer loop
      vertex 29.8259 32.2223 0
      vertex 31.0277 32.8856 1
      vertex 30.0277 31.8856 0
    endloop
  endfacet
  facet normal 0.505262 0.302827 -0.808088
    outer loop
      vertex 31.0277 32.8856 1
      vertex 29.8259 32.2223 0
      vertex 30.8259 33.2223 1
    endloop
  endfacet
  facet normal 0.617121 0.154442 0.771563
    outer loop
      vertex 30.3278 31.1611 12
      vertex 31.4231 31.7803 11
      vertex 31.3278 32.1611 11
    endloop
  endfacet
  facet normal 0.617121 0.154442 0.771563
    outer loop
      vertex 31.4231 31.7803 11
      vertex 30.3278 31.1611 12
      vertex 30.4231 30.7803 12
    endloop
  endfacet
  facet normal 0.989176 -0.146737 0
    outer loop
      vertex 31.4231 -2.78035 11
      vertex 31.4807 -2.39206 1
      vertex 31.4807 -2.39206 11
    endloop
  endfacet
  facet normal 0.989176 -0.146737 0
    outer loop
      vertex 31.4807 -2.39206 1
      vertex 31.4231 -2.78035 11
      vertex 31.4231 -2.78035 1
    endloop
  endfacet
  facet normal 0.653611 0.0969809 -0.750592
    outer loop
      vertex 30.4231 30.7803 0
      vertex 31.4807 31.3921 1
      vertex 30.4807 30.3921 0
    endloop
  endfacet
  facet normal 0.653611 0.0969809 -0.750592
    outer loop
      vertex 31.4807 31.3921 1
      vertex 30.4231 30.7803 0
      vertex 31.4231 31.7803 1
    endloop
  endfacet
  facet normal 0.42744 0.904044 -0
    outer loop
      vertex 29.3856 34.5277 1
      vertex 29.0307 34.6955 11
      vertex 29.3856 34.5277 11
    endloop
  endfacet
  facet normal 0.42744 0.904044 0
    outer loop
      vertex 29.0307 34.6955 11
      vertex 29.3856 34.5277 1
      vertex 29.0307 34.6955 1
    endloop
  endfacet
  facet normal 0.514084 0.85774 -0
    outer loop
      vertex 29.7223 34.3259 1
      vertex 29.3856 34.5277 11
      vertex 29.7223 34.3259 11
    endloop
  endfacet
  facet normal 0.514084 0.85774 0
    outer loop
      vertex 29.3856 34.5277 11
      vertex 29.7223 34.3259 1
      vertex 29.3856 34.5277 1
    endloop
  endfacet
  facet normal 0.595794 0.803137 -0
    outer loop
      vertex 30.0376 34.092 1
      vertex 29.7223 34.3259 11
      vertex 30.0376 34.092 11
    endloop
  endfacet
  facet normal 0.595794 0.803137 0
    outer loop
      vertex 29.7223 34.3259 11
      vertex 30.0376 34.092 1
      vertex 29.7223 34.3259 1
    endloop
  endfacet
  facet normal 0.14677 0.989171 -0
    outer loop
      vertex 28.2803 34.9231 1
      vertex 27.8921 34.9807 11
      vertex 28.2803 34.9231 11
    endloop
  endfacet
  facet normal 0.14677 0.989171 0
    outer loop
      vertex 27.8921 34.9807 11
      vertex 28.2803 34.9231 1
      vertex 27.8921 34.9807 1
    endloop
  endfacet
  facet normal 0.20763 0.580047 0.787677
    outer loop
      vertex 28.6611 34.8278 11
      vertex 28.0307 33.6955 12
      vertex 29.0307 34.6955 11
    endloop
  endfacet
  facet normal 0.20763 0.580047 0.787677
    outer loop
      vertex 28.0307 33.6955 12
      vertex 28.6611 34.8278 11
      vertex 27.6611 33.8278 12
    endloop
  endfacet
  facet normal 0.154442 0.617121 0.771563
    outer loop
      vertex 28.2803 34.9231 11
      vertex 27.6611 33.8278 12
      vertex 28.6611 34.8278 11
    endloop
  endfacet
  facet normal 0.154442 0.617121 0.771563
    outer loop
      vertex 27.6611 33.8278 12
      vertex 28.2803 34.9231 11
      vertex 27.2803 33.9231 12
    endloop
  endfacet
  facet normal 0.242775 0.970083 -0
    outer loop
      vertex 28.6611 34.8278 1
      vertex 28.2803 34.9231 11
      vertex 28.6611 34.8278 11
    endloop
  endfacet
  facet normal 0.242775 0.970083 0
    outer loop
      vertex 28.2803 34.9231 11
      vertex 28.6611 34.8278 1
      vertex 28.2803 34.9231 1
    endloop
  endfacet
  facet normal -0.514084 0.85774 0
    outer loop
      vertex -29.3856 34.5277 1
      vertex -29.7223 34.3259 11
      vertex -29.3856 34.5277 11
    endloop
  endfacet
  facet normal -0.514084 0.85774 0
    outer loop
      vertex -29.7223 34.3259 11
      vertex -29.3856 34.5277 1
      vertex -29.7223 34.3259 1
    endloop
  endfacet
  facet normal -0.14677 0.989171 0
    outer loop
      vertex -27.8921 34.9807 1
      vertex -28.2803 34.9231 11
      vertex -27.8921 34.9807 11
    endloop
  endfacet
  facet normal -0.14677 0.989171 0
    outer loop
      vertex -28.2803 34.9231 11
      vertex -27.8921 34.9807 1
      vertex -28.2803 34.9231 1
    endloop
  endfacet
  facet normal 0.428134 -0.388035 -0.816168
    outer loop
      vertex 29.3284 -3.82841 0
      vertex 30.592 -4.53757 1
      vertex 30.3284 -4.82841 1
    endloop
  endfacet
  facet normal 0.428134 -0.388035 -0.816168
    outer loop
      vertex 30.592 -4.53757 1
      vertex 29.3284 -3.82841 0
      vertex 29.592 -3.53757 0
    endloop
  endfacet
  facet normal 0.46705 -0.346473 -0.813523
    outer loop
      vertex 29.592 -3.53757 0
      vertex 30.8259 -4.22227 1
      vertex 30.592 -4.53757 1
    endloop
  endfacet
  facet normal 0.46705 -0.346473 -0.813523
    outer loop
      vertex 30.8259 -4.22227 1
      vertex 29.592 -3.53757 0
      vertex 29.8259 -3.22227 0
    endloop
  endfacet
  facet normal 0.0338885 -0.689553 0.723442
    outer loop
      vertex 26.8921 -4.98073 12
      vertex 27.5 -6 11
      vertex 27.8921 -5.98073 11
    endloop
  endfacet
  facet normal 0.0338885 -0.689553 0.723442
    outer loop
      vertex 27.5 -6 11
      vertex 26.8921 -4.98073 12
      vertex 26.5 -5 12
    endloop
  endfacet
  facet normal 0.0338885 -0.689553 -0.723442
    outer loop
      vertex 27.5 -6 1
      vertex 26.8921 -4.98073 0
      vertex 27.8921 -5.98073 1
    endloop
  endfacet
  facet normal 0.0338885 -0.689553 -0.723442
    outer loop
      vertex 26.8921 -4.98073 0
      vertex 27.5 -6 1
      vertex 26.5 -5 0
    endloop
  endfacet
  facet normal 0.242943 -0.970041 0
    outer loop
      vertex 28.2803 -5.92313 8.2
      vertex 28.6611 -5.82776 11
      vertex 28.2803 -5.92313 11
    endloop
  endfacet
  facet normal 0.242943 -0.970041 0
    outer loop
      vertex 28.6611 -5.82776 11
      vertex 28.2803 -5.92313 8.2
      vertex 28.6611 -5.82776 8.2
    endloop
  endfacet
  facet normal 0.242943 -0.970041 0
    outer loop
      vertex 28.2803 -5.92313 1
      vertex 28.6611 -5.82776 3.8
      vertex 28.2803 -5.92313 3.8
    endloop
  endfacet
  facet normal 0.242943 -0.970041 0
    outer loop
      vertex 28.6611 -5.82776 3.8
      vertex 28.2803 -5.92313 1
      vertex 28.6611 -5.82776 1
    endloop
  endfacet
  facet normal 0.256725 -0.542882 -0.799607
    outer loop
      vertex 29.0307 -5.69551 1
      vertex 28.3856 -4.52768 0
      vertex 29.3856 -5.52768 1
    endloop
  endfacet
  facet normal 0.256725 -0.542882 -0.799607
    outer loop
      vertex 28.3856 -4.52768 0
      vertex 29.0307 -5.69551 1
      vertex 28.0307 -4.69551 0
    endloop
  endfacet
  facet normal 0.617116 -0.154449 0.771565
    outer loop
      vertex 30.3278 -2.16113 12
      vertex 31.4231 -2.78035 11
      vertex 30.4231 -1.78035 12
    endloop
  endfacet
  facet normal 0.617116 -0.154449 0.771565
    outer loop
      vertex 31.4231 -2.78035 11
      vertex 30.3278 -2.16113 12
      vertex 31.3278 -3.16113 11
    endloop
  endfacet
  facet normal -0.428134 -0.388035 0.816168
    outer loop
      vertex -30.592 -4.53757 11
      vertex -29.3284 -3.82841 12
      vertex -29.592 -3.53757 12
    endloop
  endfacet
  facet normal -0.428134 -0.388035 0.816168
    outer loop
      vertex -29.3284 -3.82841 12
      vertex -30.592 -4.53757 11
      vertex -30.3284 -4.82841 11
    endloop
  endfacet
  facet normal -0.803137 -0.595794 0
    outer loop
      vertex -30.592 -4.53757 1
      vertex -30.8259 -4.22227 11
      vertex -30.8259 -4.22227 1
    endloop
  endfacet
  facet normal -0.803137 -0.595794 0
    outer loop
      vertex -30.8259 -4.22227 11
      vertex -30.592 -4.53757 1
      vertex -30.592 -4.53757 11
    endloop
  endfacet
  facet normal -0.207568 -0.580092 0.78766
    outer loop
      vertex -28.0307 -4.69551 12
      vertex -28.6611 -5.82776 11
      vertex -27.6611 -4.82776 12
    endloop
  endfacet
  facet normal -0.207568 -0.580092 0.78766
    outer loop
      vertex -28.6611 -5.82776 11
      vertex -28.0307 -4.69551 12
      vertex -29.0307 -5.69551 11
    endloop
  endfacet
  facet normal -0.0490864 -0.998795 0
    outer loop
      vertex -27.8921 -5.98073 6.9
      vertex -27.5 -6 11
      vertex -27.8921 -5.98073 11
    endloop
  endfacet
  facet normal -0.0490864 -0.998795 -0
    outer loop
      vertex -27.5 -6 11
      vertex -27.8921 -5.98073 6.9
      vertex -27.5 -6 6.9
    endloop
  endfacet
  facet normal -0.0490864 -0.998795 0
    outer loop
      vertex -27.8921 -5.98073 1
      vertex -27.5 -6 5.1
      vertex -27.8921 -5.98073 5.1
    endloop
  endfacet
  facet normal -0.0490864 -0.998795 -0
    outer loop
      vertex -27.5 -6 5.1
      vertex -27.8921 -5.98073 1
      vertex -27.5 -6 1
    endloop
  endfacet
  facet normal -0.0338885 -0.689553 0.723442
    outer loop
      vertex -26.8921 -4.98073 12
      vertex -27.5 -6 11
      vertex -26.5 -5 12
    endloop
  endfacet
  facet normal -0.0338885 -0.689553 0.723442
    outer loop
      vertex -27.5 -6 11
      vertex -26.8921 -4.98073 12
      vertex -27.8921 -5.98073 11
    endloop
  endfacet
  facet normal -0.14677 -0.989171 0
    outer loop
      vertex -28.2803 -5.92313 6.9
      vertex -27.8921 -5.98073 11
      vertex -28.2803 -5.92313 11
    endloop
  endfacet
  facet normal -0.14677 -0.989171 -0
    outer loop
      vertex -27.8921 -5.98073 11
      vertex -28.2803 -5.92313 6.9
      vertex -27.8921 -5.98073 6.9
    endloop
  endfacet
  facet normal -0.14677 -0.989171 0
    outer loop
      vertex -28.2803 -5.92313 1
      vertex -27.8921 -5.98073 5.1
      vertex -28.2803 -5.92313 5.1
    endloop
  endfacet
  facet normal -0.14677 -0.989171 -0
    outer loop
      vertex -27.8921 -5.98073 5.1
      vertex -28.2803 -5.92313 1
      vertex -27.8921 -5.98073 1
    endloop
  endfacet
  facet normal -0.242943 -0.970041 0
    outer loop
      vertex -28.6611 -5.82776 6.9
      vertex -28.2803 -5.92313 11
      vertex -28.6611 -5.82776 11
    endloop
  endfacet
  facet normal -0.242943 -0.970041 -0
    outer loop
      vertex -28.2803 -5.92313 11
      vertex -28.6611 -5.82776 6.9
      vertex -28.2803 -5.92313 6.9
    endloop
  endfacet
  facet normal -0.242943 -0.970041 0
    outer loop
      vertex -28.6611 -5.82776 1
      vertex -28.2803 -5.92313 5.1
      vertex -28.6611 -5.82776 5.1
    endloop
  endfacet
  facet normal -0.242943 -0.970041 -0
    outer loop
      vertex -28.2803 -5.92313 5.1
      vertex -28.6611 -5.82776 1
      vertex -28.2803 -5.92313 1
    endloop
  endfacet
  facet normal -0.0969809 0.653611 -0.750592
    outer loop
      vertex -27.2803 33.9231 0
      vertex -27.8921 34.9807 1
      vertex -26.8921 33.9807 0
    endloop
  endfacet
  facet normal -0.0969809 0.653611 -0.750592
    outer loop
      vertex -27.8921 34.9807 1
      vertex -27.2803 33.9231 0
      vertex -28.2803 34.9231 1
    endloop
  endfacet
  facet normal -0.42744 0.904044 0
    outer loop
      vertex -29.0307 34.6955 1
      vertex -29.3856 34.5277 11
      vertex -29.0307 34.6955 11
    endloop
  endfacet
  facet normal -0.42744 0.904044 0
    outer loop
      vertex -29.3856 34.5277 11
      vertex -29.0307 34.6955 1
      vertex -29.3856 34.5277 1
    endloop
  endfacet
  facet normal -0.256692 0.542908 -0.7996
    outer loop
      vertex -28.3856 33.5277 0
      vertex -29.0307 34.6955 1
      vertex -28.0307 33.6955 0
    endloop
  endfacet
  facet normal -0.256692 0.542908 -0.7996
    outer loop
      vertex -29.0307 34.6955 1
      vertex -28.3856 33.5277 0
      vertex -29.3856 34.5277 1
    endloop
  endfacet
  facet normal -0.970083 0.242775 0
    outer loop
      vertex -31.4231 31.7803 1
      vertex -31.3278 32.1611 11
      vertex -31.3278 32.1611 1
    endloop
  endfacet
  facet normal -0.970083 0.242775 0
    outer loop
      vertex -31.3278 32.1611 11
      vertex -31.4231 31.7803 1
      vertex -31.4231 31.7803 11
    endloop
  endfacet
  facet normal -0.9415 0.337014 0
    outer loop
      vertex -31.3278 32.1611 1
      vertex -31.1955 32.5307 11
      vertex -31.1955 32.5307 1
    endloop
  endfacet
  facet normal -0.9415 0.337014 0
    outer loop
      vertex -31.1955 32.5307 11
      vertex -31.3278 32.1611 1
      vertex -31.3278 32.1611 11
    endloop
  endfacet
  facet normal 0.388063 0.428106 -0.816169
    outer loop
      vertex 29.3284 32.8284 0
      vertex 30.0376 34.092 1
      vertex 30.3284 33.8284 1
    endloop
  endfacet
  facet normal 0.388063 0.428106 -0.816169
    outer loop
      vertex 30.0376 34.092 1
      vertex 29.3284 32.8284 0
      vertex 29.0376 33.092 0
    endloop
  endfacet
  facet normal 0.970083 0.242775 0
    outer loop
      vertex 31.4231 31.7803 11
      vertex 31.3278 32.1611 1
      vertex 31.3278 32.1611 11
    endloop
  endfacet
  facet normal 0.970083 0.242775 0
    outer loop
      vertex 31.3278 32.1611 1
      vertex 31.4231 31.7803 11
      vertex 31.4231 31.7803 1
    endloop
  endfacet
  facet normal 0.505262 0.302827 0.808088
    outer loop
      vertex 29.8259 32.2223 12
      vertex 31.0277 32.8856 11
      vertex 30.8259 33.2223 11
    endloop
  endfacet
  facet normal 0.505262 0.302827 0.808088
    outer loop
      vertex 31.0277 32.8856 11
      vertex 29.8259 32.2223 12
      vertex 30.0277 31.8856 12
    endloop
  endfacet
  facet normal 0.85774 0.514084 0
    outer loop
      vertex 31.0277 32.8856 11
      vertex 30.8259 33.2223 1
      vertex 30.8259 33.2223 11
    endloop
  endfacet
  facet normal 0.85774 0.514084 0
    outer loop
      vertex 30.8259 33.2223 1
      vertex 31.0277 32.8856 11
      vertex 31.0277 32.8856 1
    endloop
  endfacet
  facet normal 0.617116 -0.154449 -0.771565
    outer loop
      vertex 30.3278 -2.16113 0
      vertex 31.4231 -2.78035 1
      vertex 31.3278 -3.16113 1
    endloop
  endfacet
  facet normal 0.617116 -0.154449 -0.771565
    outer loop
      vertex 31.4231 -2.78035 1
      vertex 30.3278 -2.16113 0
      vertex 30.4231 -1.78035 0
    endloop
  endfacet
  facet normal 0.998791 -0.0491676 0
    outer loop
      vertex 31.4807 -2.39206 11
      vertex 31.5 -2 1
      vertex 31.5 -2 11
    endloop
  endfacet
  facet normal 0.998791 -0.0491676 0
    outer loop
      vertex 31.5 -2 1
      vertex 31.4807 -2.39206 11
      vertex 31.4807 -2.39206 1
    endloop
  endfacet
  facet normal 0.9415 -0.337014 0
    outer loop
      vertex 31.1955 -3.53073 11
      vertex 31.3278 -3.16113 1
      vertex 31.3278 -3.16113 11
    endloop
  endfacet
  facet normal 0.9415 -0.337014 0
    outer loop
      vertex 31.3278 -3.16113 1
      vertex 31.1955 -3.53073 11
      vertex 31.1955 -3.53073 1
    endloop
  endfacet
  facet normal 0.689526 0.0339399 -0.723466
    outer loop
      vertex 30.4807 30.3921 0
      vertex 31.5 31 1
      vertex 30.5 30 0
    endloop
  endfacet
  facet normal 0.689526 0.0339399 -0.723466
    outer loop
      vertex 31.5 31 1
      vertex 30.4807 30.3921 0
      vertex 31.4807 31.3921 1
    endloop
  endfacet
  facet normal 0.707107 0 -0.707107
    outer loop
      vertex 31.5 31 1
      vertex 30.5 -1 0
      vertex 30.5 30 0
    endloop
  endfacet
  facet normal 0.707107 0 -0.707107
    outer loop
      vertex 30.5 -1 0
      vertex 31.5 31 1
      vertex 31.5 -2 1
    endloop
  endfacet
  facet normal 0.904044 0.42744 0
    outer loop
      vertex 31.1955 32.5307 11
      vertex 31.0277 32.8856 1
      vertex 31.0277 32.8856 11
    endloop
  endfacet
  facet normal 0.904044 0.42744 0
    outer loop
      vertex 31.0277 32.8856 1
      vertex 31.1955 32.5307 11
      vertex 31.1955 32.5307 1
    endloop
  endfacet
  facet normal 0.20763 0.580047 -0.787677
    outer loop
      vertex 28.0307 33.6955 0
      vertex 28.6611 34.8278 1
      vertex 29.0307 34.6955 1
    endloop
  endfacet
  facet normal 0.20763 0.580047 -0.787677
    outer loop
      vertex 28.6611 34.8278 1
      vertex 28.0307 33.6955 0
      vertex 27.6611 33.8278 0
    endloop
  endfacet
  facet normal 0.346473 0.46705 -0.813523
    outer loop
      vertex 29.0376 33.092 0
      vertex 29.7223 34.3259 1
      vertex 30.0376 34.092 1
    endloop
  endfacet
  facet normal 0.346473 0.46705 -0.813523
    outer loop
      vertex 29.7223 34.3259 1
      vertex 29.0376 33.092 0
      vertex 28.7223 33.3259 0
    endloop
  endfacet
  facet normal 0.428106 0.388063 0.816169
    outer loop
      vertex 29.3284 32.8284 12
      vertex 30.592 33.5376 11
      vertex 30.3284 33.8284 11
    endloop
  endfacet
  facet normal 0.428106 0.388063 0.816169
    outer loop
      vertex 30.592 33.5376 11
      vertex 29.3284 32.8284 12
      vertex 29.592 32.5376 12
    endloop
  endfacet
  facet normal 0.740908 0.671607 0
    outer loop
      vertex 30.592 33.5376 11
      vertex 30.3284 33.8284 1
      vertex 30.3284 33.8284 11
    endloop
  endfacet
  facet normal 0.740908 0.671607 0
    outer loop
      vertex 30.3284 33.8284 1
      vertex 30.592 33.5376 11
      vertex 30.592 33.5376 1
    endloop
  endfacet
  facet normal 0.337014 0.9415 -0
    outer loop
      vertex 29.0307 34.6955 1
      vertex 28.6611 34.8278 11
      vertex 29.0307 34.6955 11
    endloop
  endfacet
  facet normal 0.337014 0.9415 0
    outer loop
      vertex 28.6611 34.8278 11
      vertex 29.0307 34.6955 1
      vertex 28.6611 34.8278 1
    endloop
  endfacet
  facet normal 0.256692 0.542908 0.7996
    outer loop
      vertex 29.0307 34.6955 11
      vertex 28.3856 33.5277 12
      vertex 29.3856 34.5277 11
    endloop
  endfacet
  facet normal 0.256692 0.542908 0.7996
    outer loop
      vertex 28.3856 33.5277 12
      vertex 29.0307 34.6955 11
      vertex 28.0307 33.6955 12
    endloop
  endfacet
  facet normal 0.302827 0.505262 0.808088
    outer loop
      vertex 29.3856 34.5277 11
      vertex 28.7223 33.3259 12
      vertex 29.7223 34.3259 11
    endloop
  endfacet
  facet normal 0.302827 0.505262 0.808088
    outer loop
      vertex 28.7223 33.3259 12
      vertex 29.3856 34.5277 11
      vertex 28.3856 33.5277 12
    endloop
  endfacet
  facet normal -0.595794 0.803137 0
    outer loop
      vertex -29.7223 34.3259 1
      vertex -30.0376 34.092 11
      vertex -29.7223 34.3259 11
    endloop
  endfacet
  facet normal -0.595794 0.803137 0
    outer loop
      vertex -30.0376 34.092 11
      vertex -29.7223 34.3259 1
      vertex -30.0376 34.092 1
    endloop
  endfacet
  facet normal -0.346473 0.46705 -0.813523
    outer loop
      vertex -29.0376 33.092 0
      vertex -29.7223 34.3259 1
      vertex -28.7223 33.3259 0
    endloop
  endfacet
  facet normal -0.346473 0.46705 -0.813523
    outer loop
      vertex -29.7223 34.3259 1
      vertex -29.0376 33.092 0
      vertex -30.0376 34.092 1
    endloop
  endfacet
  facet normal 0.388087 -0.428083 -0.81617
    outer loop
      vertex 30.0376 -5.09204 1
      vertex 29.3284 -3.82841 0
      vertex 30.3284 -4.82841 1
    endloop
  endfacet
  facet normal 0.388087 -0.428083 -0.81617
    outer loop
      vertex 29.3284 -3.82841 0
      vertex 30.0376 -5.09204 1
      vertex 29.0376 -4.09204 0
    endloop
  endfacet
  facet normal 0.514102 -0.857729 0
    outer loop
      vertex 29.3856 -5.52768 1
      vertex 29.7223 -5.32587 11
      vertex 29.3856 -5.52768 11
    endloop
  endfacet
  facet normal 0.514102 -0.857729 0
    outer loop
      vertex 29.7223 -5.32587 11
      vertex 29.3856 -5.52768 1
      vertex 29.7223 -5.32587 1
    endloop
  endfacet
  facet normal 0.302837 -0.505253 0.80809
    outer loop
      vertex 28.7223 -4.32587 12
      vertex 29.3856 -5.52768 11
      vertex 29.7223 -5.32587 11
    endloop
  endfacet
  facet normal 0.302837 -0.505253 0.80809
    outer loop
      vertex 29.3856 -5.52768 11
      vertex 28.7223 -4.32587 12
      vertex 28.3856 -4.52768 12
    endloop
  endfacet
  facet normal 0.346411 -0.467106 0.813518
    outer loop
      vertex 29.0376 -4.09204 12
      vertex 29.7223 -5.32587 11
      vertex 30.0376 -5.09204 11
    endloop
  endfacet
  facet normal 0.346411 -0.467106 0.813518
    outer loop
      vertex 29.7223 -5.32587 11
      vertex 29.0376 -4.09204 12
      vertex 28.7223 -4.32587 12
    endloop
  endfacet
  facet normal 0.207568 -0.580092 -0.78766
    outer loop
      vertex 28.6611 -5.82776 1
      vertex 28.0307 -4.69551 0
      vertex 29.0307 -5.69551 1
    endloop
  endfacet
  facet normal 0.207568 -0.580092 -0.78766
    outer loop
      vertex 28.0307 -4.69551 0
      vertex 28.6611 -5.82776 1
      vertex 27.6611 -4.82776 0
    endloop
  endfacet
  facet normal 0.0969809 -0.653611 -0.750592
    outer loop
      vertex 27.8921 -5.98073 1
      vertex 27.2803 -4.92313 0
      vertex 28.2803 -5.92313 1
    endloop
  endfacet
  facet normal 0.0969809 -0.653611 -0.750592
    outer loop
      vertex 27.2803 -4.92313 0
      vertex 27.8921 -5.98073 1
      vertex 26.8921 -4.98073 0
    endloop
  endfacet
  facet normal 0.505262 -0.302827 0.808088
    outer loop
      vertex 29.8259 -3.22227 12
      vertex 31.0277 -3.88557 11
      vertex 30.0277 -2.88557 12
    endloop
  endfacet
  facet normal 0.505262 -0.302827 0.808088
    outer loop
      vertex 31.0277 -3.88557 11
      vertex 29.8259 -3.22227 12
      vertex 30.8259 -4.22227 11
    endloop
  endfacet
  facet normal 0.388087 -0.428083 0.81617
    outer loop
      vertex 29.3284 -3.82841 12
      vertex 30.0376 -5.09204 11
      vertex 30.3284 -4.82841 11
    endloop
  endfacet
  facet normal 0.388087 -0.428083 0.81617
    outer loop
      vertex 30.0376 -5.09204 11
      vertex 29.3284 -3.82841 12
      vertex 29.0376 -4.09204 12
    endloop
  endfacet
  facet normal 0.428134 -0.388035 0.816168
    outer loop
      vertex 29.3284 -3.82841 12
      vertex 30.592 -4.53757 11
      vertex 29.592 -3.53757 12
    endloop
  endfacet
  facet normal 0.428134 -0.388035 0.816168
    outer loop
      vertex 30.592 -4.53757 11
      vertex 29.3284 -3.82841 12
      vertex 30.3284 -4.82841 11
    endloop
  endfacet
  facet normal 0.803137 -0.595794 0
    outer loop
      vertex 30.592 -4.53757 11
      vertex 30.8259 -4.22227 1
      vertex 30.8259 -4.22227 11
    endloop
  endfacet
  facet normal 0.803137 -0.595794 0
    outer loop
      vertex 30.8259 -4.22227 1
      vertex 30.592 -4.53757 11
      vertex 30.592 -4.53757 1
    endloop
  endfacet
  facet normal -0.46705 -0.346473 0.813523
    outer loop
      vertex -30.8259 -4.22227 11
      vertex -29.592 -3.53757 12
      vertex -29.8259 -3.22227 12
    endloop
  endfacet
  facet normal -0.46705 -0.346473 0.813523
    outer loop
      vertex -29.592 -3.53757 12
      vertex -30.8259 -4.22227 11
      vertex -30.592 -4.53757 11
    endloop
  endfacet
  facet normal -0.505262 -0.302827 0.808088
    outer loop
      vertex -31.0277 -3.88557 11
      vertex -29.8259 -3.22227 12
      vertex -30.0277 -2.88557 12
    endloop
  endfacet
  facet normal -0.505262 -0.302827 0.808088
    outer loop
      vertex -29.8259 -3.22227 12
      vertex -31.0277 -3.88557 11
      vertex -30.8259 -4.22227 11
    endloop
  endfacet
  facet normal -0.302837 -0.505253 0.80809
    outer loop
      vertex -28.7223 -4.32587 12
      vertex -29.3856 -5.52768 11
      vertex -28.3856 -4.52768 12
    endloop
  endfacet
  facet normal -0.302837 -0.505253 0.80809
    outer loop
      vertex -29.3856 -5.52768 11
      vertex -28.7223 -4.32587 12
      vertex -29.7223 -5.32587 11
    endloop
  endfacet
  facet normal -0.256725 -0.542882 0.799607
    outer loop
      vertex -28.3856 -4.52768 12
      vertex -29.0307 -5.69551 11
      vertex -28.0307 -4.69551 12
    endloop
  endfacet
  facet normal -0.256725 -0.542882 0.799607
    outer loop
      vertex -29.0307 -5.69551 11
      vertex -28.3856 -4.52768 12
      vertex -29.3856 -5.52768 11
    endloop
  endfacet
  facet normal -0.242775 0.970083 0
    outer loop
      vertex -28.2803 34.9231 1
      vertex -28.6611 34.8278 11
      vertex -28.2803 34.9231 11
    endloop
  endfacet
  facet normal -0.242775 0.970083 0
    outer loop
      vertex -28.6611 34.8278 11
      vertex -28.2803 34.9231 1
      vertex -28.6611 34.8278 1
    endloop
  endfacet
  facet normal -0.154442 0.617121 -0.771563
    outer loop
      vertex -27.6611 33.8278 0
      vertex -28.2803 34.9231 1
      vertex -27.2803 33.9231 0
    endloop
  endfacet
  facet normal -0.154442 0.617121 -0.771563
    outer loop
      vertex -28.2803 34.9231 1
      vertex -27.6611 33.8278 0
      vertex -28.6611 34.8278 1
    endloop
  endfacet
  facet normal -0.0491626 0.998791 0
    outer loop
      vertex -27.5 35 1
      vertex -27.8921 34.9807 11
      vertex -27.5 35 11
    endloop
  endfacet
  facet normal -0.0491626 0.998791 0
    outer loop
      vertex -27.8921 34.9807 11
      vertex -27.5 35 1
      vertex -27.8921 34.9807 1
    endloop
  endfacet
  facet normal -0.0339399 0.689526 -0.723466
    outer loop
      vertex -26.8921 33.9807 0
      vertex -27.5 35 1
      vertex -26.5 34 0
    endloop
  endfacet
  facet normal -0.0339399 0.689526 -0.723466
    outer loop
      vertex -27.5 35 1
      vertex -26.8921 33.9807 0
      vertex -27.8921 34.9807 1
    endloop
  endfacet
  facet normal -0.542883 -0.256724 0.799607
    outer loop
      vertex -31.1955 -3.53073 11
      vertex -30.0277 -2.88557 12
      vertex -30.1955 -2.53073 12
    endloop
  endfacet
  facet normal -0.542883 -0.256724 0.799607
    outer loop
      vertex -30.0277 -2.88557 12
      vertex -31.1955 -3.53073 11
      vertex -31.0277 -3.88557 11
    endloop
  endfacet
  facet normal 0.689526 0.0339399 0.723466
    outer loop
      vertex 30.4807 30.3921 12
      vertex 31.5 31 11
      vertex 31.4807 31.3921 11
    endloop
  endfacet
  facet normal 0.689526 0.0339399 0.723466
    outer loop
      vertex 31.5 31 11
      vertex 30.4807 30.3921 12
      vertex 30.5 30 12
    endloop
  endfacet
  facet normal 0.653623 -0.0969602 0.750583
    outer loop
      vertex 30.4231 -1.78035 12
      vertex 31.4807 -2.39206 11
      vertex 30.4807 -1.39206 12
    endloop
  endfacet
  facet normal 0.653623 -0.0969602 0.750583
    outer loop
      vertex 31.4807 -2.39206 11
      vertex 30.4231 -1.78035 12
      vertex 31.4231 -2.78035 11
    endloop
  endfacet
  facet normal 0.97008 -0.242787 0
    outer loop
      vertex 31.3278 -3.16113 11
      vertex 31.4231 -2.78035 1
      vertex 31.4231 -2.78035 11
    endloop
  endfacet
  facet normal 0.97008 -0.242787 0
    outer loop
      vertex 31.4231 -2.78035 1
      vertex 31.3278 -3.16113 11
      vertex 31.3278 -3.16113 1
    endloop
  endfacet
  facet normal 0.989171 0.14677 0
    outer loop
      vertex 31.4807 31.3921 11
      vertex 31.4231 31.7803 1
      vertex 31.4231 31.7803 11
    endloop
  endfacet
  facet normal 0.989171 0.14677 0
    outer loop
      vertex 31.4231 31.7803 1
      vertex 31.4807 31.3921 11
      vertex 31.4807 31.3921 1
    endloop
  endfacet
  facet normal 0.617121 0.154442 -0.771563
    outer loop
      vertex 30.3278 31.1611 0
      vertex 31.4231 31.7803 1
      vertex 30.4231 30.7803 0
    endloop
  endfacet
  facet normal 0.617121 0.154442 -0.771563
    outer loop
      vertex 31.4231 31.7803 1
      vertex 30.3278 31.1611 0
      vertex 31.3278 32.1611 1
    endloop
  endfacet
  facet normal 0.653611 0.0969809 0.750592
    outer loop
      vertex 30.4231 30.7803 12
      vertex 31.4807 31.3921 11
      vertex 31.4231 31.7803 11
    endloop
  endfacet
  facet normal 0.653611 0.0969809 0.750592
    outer loop
      vertex 31.4807 31.3921 11
      vertex 30.4231 30.7803 12
      vertex 30.4807 30.3921 12
    endloop
  endfacet
  facet normal 0.0339399 0.689526 -0.723466
    outer loop
      vertex 26.8921 33.9807 0
      vertex 27.5 35 1
      vertex 27.8921 34.9807 1
    endloop
  endfacet
  facet normal 0.0339399 0.689526 -0.723466
    outer loop
      vertex 27.5 35 1
      vertex 26.8921 33.9807 0
      vertex 26.5 34 0
    endloop
  endfacet
  facet normal 0.0969809 0.653611 -0.750592
    outer loop
      vertex 27.2803 33.9231 0
      vertex 27.8921 34.9807 1
      vertex 28.2803 34.9231 1
    endloop
  endfacet
  facet normal 0.0969809 0.653611 -0.750592
    outer loop
      vertex 27.8921 34.9807 1
      vertex 27.2803 33.9231 0
      vertex 26.8921 33.9807 0
    endloop
  endfacet
  facet normal 0.256725 -0.542882 0.799607
    outer loop
      vertex 28.3856 -4.52768 12
      vertex 29.0307 -5.69551 11
      vertex 29.3856 -5.52768 11
    endloop
  endfacet
  facet normal 0.256725 -0.542882 0.799607
    outer loop
      vertex 29.0307 -5.69551 11
      vertex 28.3856 -4.52768 12
      vertex 28.0307 -4.69551 12
    endloop
  endfacet
  facet normal 0.336864 -0.941553 0
    outer loop
      vertex 28.6611 -5.82776 3.8
      vertex 28.6611 -5.82776 1
      vertex 29 -5.70651 3.8
    endloop
  endfacet
  facet normal 0.336864 -0.941553 0
    outer loop
      vertex 29 -5.70651 8.2
      vertex 28.6611 -5.82776 11
      vertex 28.6611 -5.82776 8.2
    endloop
  endfacet
  facet normal 0.336901 -0.94154 5.02668e-06
    outer loop
      vertex 28.6611 -5.82776 11
      vertex 29 -5.70651 8.2
      vertex 29.0307 -5.69551 11
    endloop
  endfacet
  facet normal 0.337307 -0.941395 0
    outer loop
      vertex 29 -5.70651 3.8
      vertex 29.0307 -5.69551 11
      vertex 29 -5.70651 8.2
    endloop
  endfacet
  facet normal 0.337307 -0.941395 0
    outer loop
      vertex 29 -5.70651 3.8
      vertex 29.0307 -5.69551 1
      vertex 29.0307 -5.69551 11
    endloop
  endfacet
  facet normal 0.336901 -0.94154 -5.02668e-06
    outer loop
      vertex 29.0307 -5.69551 1
      vertex 29 -5.70651 3.8
      vertex 28.6611 -5.82776 1
    endloop
  endfacet
  facet normal 0.542883 -0.256724 0.799607
    outer loop
      vertex 30.0277 -2.88557 12
      vertex 31.1955 -3.53073 11
      vertex 30.1955 -2.53073 12
    endloop
  endfacet
  facet normal 0.542883 -0.256724 0.799607
    outer loop
      vertex 31.1955 -3.53073 11
      vertex 30.0277 -2.88557 12
      vertex 31.0277 -3.88557 11
    endloop
  endfacet
  facet normal 0.580047 -0.20763 0.787677
    outer loop
      vertex 30.1955 -2.53073 12
      vertex 31.3278 -3.16113 11
      vertex 30.3278 -2.16113 12
    endloop
  endfacet
  facet normal 0.580047 -0.20763 0.787677
    outer loop
      vertex 31.3278 -3.16113 11
      vertex 30.1955 -2.53073 12
      vertex 31.1955 -3.53073 11
    endloop
  endfacet
  facet normal -0.388087 -0.428083 0.81617
    outer loop
      vertex -29.3284 -3.82841 12
      vertex -30.0376 -5.09204 11
      vertex -29.0376 -4.09204 12
    endloop
  endfacet
  facet normal -0.388087 -0.428083 0.81617
    outer loop
      vertex -30.0376 -5.09204 11
      vertex -29.3284 -3.82841 12
      vertex -30.3284 -4.82841 11
    endloop
  endfacet
  facet normal -0.336901 -0.94154 3.43285e-06
    outer loop
      vertex -29.0307 -5.69551 11
      vertex -29 -5.70651 6.9
      vertex -28.6611 -5.82776 11
    endloop
  endfacet
  facet normal -0.337307 -0.941395 0
    outer loop
      vertex -29.0307 -5.69551 11
      vertex -29 -5.70651 5.1
      vertex -29 -5.70651 6.9
    endloop
  endfacet
  facet normal -0.337307 -0.941395 0
    outer loop
      vertex -29.0307 -5.69551 1
      vertex -29 -5.70651 5.1
      vertex -29.0307 -5.69551 11
    endloop
  endfacet
  facet normal -0.336864 -0.941553 -3.74388e-06
    outer loop
      vertex -29.0307 -5.69551 1
      vertex -28.6611 -5.82776 5.1
      vertex -29 -5.70651 5.1
    endloop
  endfacet
  facet normal -0.336901 -0.94154 -0
    outer loop
      vertex -28.6611 -5.82776 5.1
      vertex -29.0307 -5.69551 1
      vertex -28.6611 -5.82776 1
    endloop
  endfacet
  facet normal -0.336864 -0.941553 -0
    outer loop
      vertex -28.6611 -5.82776 11
      vertex -29 -5.70651 6.9
      vertex -28.6611 -5.82776 6.9
    endloop
  endfacet
  facet normal -0.0969809 -0.653611 0.750592
    outer loop
      vertex -27.2803 -4.92313 12
      vertex -27.8921 -5.98073 11
      vertex -26.8921 -4.98073 12
    endloop
  endfacet
  facet normal -0.0969809 -0.653611 0.750592
    outer loop
      vertex -27.8921 -5.98073 11
      vertex -27.2803 -4.92313 12
      vertex -28.2803 -5.92313 11
    endloop
  endfacet
  facet normal 0.85774 -0.514084 0
    outer loop
      vertex 30.8259 -4.22227 11
      vertex 31.0277 -3.88557 1
      vertex 31.0277 -3.88557 11
    endloop
  endfacet
  facet normal 0.85774 -0.514084 0
    outer loop
      vertex 31.0277 -3.88557 1
      vertex 30.8259 -4.22227 11
      vertex 30.8259 -4.22227 1
    endloop
  endfacet
  facet normal 0.9415 0.337014 0
    outer loop
      vertex 31.3278 32.1611 11
      vertex 31.1955 32.5307 1
      vertex 31.1955 32.5307 11
    endloop
  endfacet
  facet normal 0.9415 0.337014 0
    outer loop
      vertex 31.1955 32.5307 1
      vertex 31.3278 32.1611 11
      vertex 31.3278 32.1611 1
    endloop
  endfacet
  facet normal 0.580047 0.20763 -0.787677
    outer loop
      vertex 30.1955 31.5307 0
      vertex 31.3278 32.1611 1
      vertex 30.3278 31.1611 0
    endloop
  endfacet
  facet normal 0.580047 0.20763 -0.787677
    outer loop
      vertex 31.3278 32.1611 1
      vertex 30.1955 31.5307 0
      vertex 31.1955 32.5307 1
    endloop
  endfacet
  facet normal 0.14677 -0.989171 0
    outer loop
      vertex 27.8921 -5.98073 8.2
      vertex 28.2803 -5.92313 11
      vertex 27.8921 -5.98073 11
    endloop
  endfacet
  facet normal 0.14677 -0.989171 0
    outer loop
      vertex 28.2803 -5.92313 11
      vertex 27.8921 -5.98073 8.2
      vertex 28.2803 -5.92313 8.2
    endloop
  endfacet
  facet normal 0.14677 -0.989171 0
    outer loop
      vertex 27.8921 -5.98073 1
      vertex 28.2803 -5.92313 3.8
      vertex 27.8921 -5.98073 3.8
    endloop
  endfacet
  facet normal 0.14677 -0.989171 0
    outer loop
      vertex 28.2803 -5.92313 3.8
      vertex 27.8921 -5.98073 1
      vertex 28.2803 -5.92313 1
    endloop
  endfacet
  facet normal 0.146771 -0.98917 0
    outer loop
      vertex 27.8921 -5.98073 5.5
      vertex 28 -5.96472 6.5
      vertex 27.8921 -5.98073 6.5
    endloop
  endfacet
  facet normal 0.146771 -0.98917 0
    outer loop
      vertex 28 -5.96472 6.5
      vertex 27.8921 -5.98073 5.5
      vertex 28 -5.96472 5.5
    endloop
  endfacet
  facet normal 0.0969809 -0.653611 0.750592
    outer loop
      vertex 27.2803 -4.92313 12
      vertex 27.8921 -5.98073 11
      vertex 28.2803 -5.92313 11
    endloop
  endfacet
  facet normal 0.0969809 -0.653611 0.750592
    outer loop
      vertex 27.8921 -5.98073 11
      vertex 27.2803 -4.92313 12
      vertex 26.8921 -4.98073 12
    endloop
  endfacet
  facet normal 0.154539 -0.617056 0.771595
    outer loop
      vertex 27.6611 -4.82776 12
      vertex 28.2803 -5.92313 11
      vertex 28.6611 -5.82776 11
    endloop
  endfacet
  facet normal 0.154539 -0.617056 0.771595
    outer loop
      vertex 28.2803 -5.92313 11
      vertex 27.6611 -4.82776 12
      vertex 27.2803 -4.92313 12
    endloop
  endfacet
  facet normal 0.154539 -0.617056 -0.771595
    outer loop
      vertex 28.2803 -5.92313 1
      vertex 27.6611 -4.82776 0
      vertex 28.6611 -5.82776 1
    endloop
  endfacet
  facet normal 0.154539 -0.617056 -0.771595
    outer loop
      vertex 27.6611 -4.82776 0
      vertex 28.2803 -5.92313 1
      vertex 27.2803 -4.92313 0
    endloop
  endfacet
  facet normal 0.580047 -0.20763 -0.787677
    outer loop
      vertex 30.1955 -2.53073 0
      vertex 31.3278 -3.16113 1
      vertex 31.1955 -3.53073 1
    endloop
  endfacet
  facet normal 0.580047 -0.20763 -0.787677
    outer loop
      vertex 31.3278 -3.16113 1
      vertex 30.1955 -2.53073 0
      vertex 30.3278 -2.16113 0
    endloop
  endfacet
  facet normal 0.653623 -0.0969602 -0.750583
    outer loop
      vertex 30.4231 -1.78035 0
      vertex 31.4807 -2.39206 1
      vertex 31.4231 -2.78035 1
    endloop
  endfacet
  facet normal 0.653623 -0.0969602 -0.750583
    outer loop
      vertex 31.4807 -2.39206 1
      vertex 30.4231 -1.78035 0
      vertex 30.4807 -1.39206 0
    endloop
  endfacet
  facet normal 0.542883 -0.256724 -0.799607
    outer loop
      vertex 30.0277 -2.88557 0
      vertex 31.1955 -3.53073 1
      vertex 31.0277 -3.88557 1
    endloop
  endfacet
  facet normal 0.542883 -0.256724 -0.799607
    outer loop
      vertex 31.1955 -3.53073 1
      vertex 30.0277 -2.88557 0
      vertex 30.1955 -2.53073 0
    endloop
  endfacet
  facet normal 0.505262 -0.302827 -0.808088
    outer loop
      vertex 29.8259 -3.22227 0
      vertex 31.0277 -3.88557 1
      vertex 30.8259 -4.22227 1
    endloop
  endfacet
  facet normal 0.505262 -0.302827 -0.808088
    outer loop
      vertex 31.0277 -3.88557 1
      vertex 29.8259 -3.22227 0
      vertex 30.0277 -2.88557 0
    endloop
  endfacet
  facet normal -0.857783 -0.513308 0.0269003
    outer loop
      vertex -18.6696 9.18726 11.2991
      vertex -18.5889 9.26211 15.3007
      vertex -18.6696 9.3966 15.2937
    endloop
  endfacet
  facet normal -0.857808 -0.513265 0.0269
    outer loop
      vertex -18.5889 9.26211 15.3007
      vertex -18.6696 9.18726 11.2991
      vertex -18.5889 9.05276 11.3062
    endloop
  endfacet
  facet normal -0.336863 -0.940263 0.0492764
    outer loop
      vertex -19.5355 10.0379 15.2601
      vertex -19.3877 9.77575 11.2683
      vertex -19.3877 9.98509 15.2628
    endloop
  endfacet
  facet normal -0.336949 -0.940233 0.0492712
    outer loop
      vertex -19.3877 9.77575 11.2683
      vertex -19.5355 10.0379 15.2601
      vertex -19.5355 9.82857 11.2655
    endloop
  endfacet
  facet normal 0.427647 -0.902707 0.0473105
    outer loop
      vertex -20.7542 9.7087 11.2718
      vertex -20.6123 9.98509 15.2628
      vertex -20.7542 9.91805 15.2663
    endloop
  endfacet
  facet normal 0.427699 -0.902683 0.0473069
    outer loop
      vertex -20.6123 9.98509 15.2628
      vertex -20.7542 9.7087 11.2718
      vertex -20.6123 9.77575 11.2683
    endloop
  endfacet
  facet normal 0.941537 -0.336448 0.0176322
    outer loop
      vertex -21.5311 8.97273 15.3159
      vertex -21.4782 8.91102 11.3136
      vertex -21.4782 9.12036 15.3081
    endloop
  endfacet
  facet normal 0.941544 -0.336428 0.017632
    outer loop
      vertex -21.4782 8.91102 11.3136
      vertex -21.5311 8.97273 15.3159
      vertex -21.5311 8.76338 11.3214
    endloop
  endfacet
  facet normal -0.998797 0.0489701 -0.0025665
    outer loop
      vertex -18.4 8.29956 11.3457
      vertex -18.4077 8.35229 15.3484
      vertex -18.4 8.50891 15.3402
    endloop
  endfacet
  facet normal -0.998797 0.0489732 -0.00256654
    outer loop
      vertex -18.4077 8.35229 15.3484
      vertex -18.4 8.29956 11.3457
      vertex -18.4077 8.14295 11.3539
    endloop
  endfacet
  facet normal -0.514049 -0.856585 0.0448921
    outer loop
      vertex -19.2458 9.91805 15.2663
      vertex -19.1111 9.62809 11.276
      vertex -19.1111 9.83744 15.2706
    endloop
  endfacet
  facet normal -0.514024 -0.8566 0.044894
    outer loop
      vertex -19.1111 9.62809 11.276
      vertex -19.2458 9.91805 15.2663
      vertex -19.2458 9.7087 11.2718
    endloop
  endfacet
  facet normal 3.3952e-05 0.0522861 0.998632
    outer loop
      vertex -18.4077 8.45618 11.3375
      vertex -18.4077 8.14295 11.3539
      vertex -18.4 8.29956 11.3457
    endloop
  endfacet
  facet normal -0.00344404 0.0522858 0.998626
    outer loop
      vertex -18.4307 8.61128 11.3293
      vertex -18.4077 8.14295 11.3539
      vertex -18.4077 8.45618 11.3375
    endloop
  endfacet
  facet normal -0.00153128 0.0523797 0.998626
    outer loop
      vertex -18.4307 8.61128 11.3293
      vertex -18.4307 7.98785 11.362
      vertex -18.4077 8.14295 11.3539
    endloop
  endfacet
  facet normal 0.00203679 0.0523796 0.998625
    outer loop
      vertex -18.4689 8.76338 11.3214
      vertex -18.4307 7.98785 11.362
      vertex -18.4307 8.61128 11.3293
    endloop
  endfacet
  facet normal 0.000816704 0.0523198 0.99863
    outer loop
      vertex -18.4689 8.76338 11.3214
      vertex -18.4689 7.83575 11.37
      vertex -18.4307 7.98785 11.362
    endloop
  endfacet
  facet normal -0.0012253 0.0523198 0.99863
    outer loop
      vertex -18.5218 8.91102 11.3136
      vertex -18.4689 7.83575 11.37
      vertex -18.4689 8.76338 11.3214
    endloop
  endfacet
  facet normal -0.000730417 0.0523441 0.998629
    outer loop
      vertex -18.5218 8.91102 11.3136
      vertex -18.5218 7.68811 11.3777
      vertex -18.4689 7.83575 11.37
    endloop
  endfacet
  facet normal 0.000438117 0.0523441 0.998629
    outer loop
      vertex -18.5889 9.05276 11.3062
      vertex -18.5218 7.68811 11.3777
      vertex -18.5218 8.91102 11.3136
    endloop
  endfacet
  facet normal -0.000362732 0.0523048 0.998631
    outer loop
      vertex -18.5889 9.05276 11.3062
      vertex -18.5889 7.54636 11.3851
      vertex -18.5218 7.68811 11.3777
    endloop
  endfacet
  facet normal -0.000685023 0.0523048 0.998631
    outer loop
      vertex -18.6696 9.18726 11.2991
      vertex -18.5889 7.54636 11.3851
      vertex -18.5889 9.05276 11.3062
    endloop
  endfacet
  facet normal 0.000587227 0.0523672 0.998628
    outer loop
      vertex -18.6696 9.18726 11.2991
      vertex -18.6696 7.41187 11.3922
      vertex -18.5889 7.54636 11.3851
    endloop
  endfacet
  facet normal 4.47102e-05 0.0523672 0.998628
    outer loop
      vertex -18.7632 9.3132 11.2925
      vertex -18.6696 7.41187 11.3922
      vertex -18.6696 9.18726 11.2991
    endloop
  endfacet
  facet normal -3.91552e-05 0.0523631 0.998628
    outer loop
      vertex -18.7632 9.3132 11.2925
      vertex -18.7632 7.28593 11.3988
      vertex -18.6696 7.41187 11.3922
    endloop
  endfacet
  facet normal 0.000870757 0.0523631 0.998628
    outer loop
      vertex -18.8686 9.42938 11.2865
      vertex -18.7632 7.28593 11.3988
      vertex -18.7632 9.3132 11.2925
    endloop
  endfacet
  facet normal 0.000112825 0.0523259 0.99863
    outer loop
      vertex -18.8686 9.42938 11.2865
      vertex -18.8686 7.16974 11.4049
      vertex -18.7632 7.28593 11.3988
    endloop
  endfacet
  facet normal -0.000703462 0.0523259 0.99863
    outer loop
      vertex -18.985 9.53469 11.2809
      vertex -18.8686 7.16974 11.4049
      vertex -18.8686 9.42938 11.2865
    endloop
  endfacet
  facet normal -0.000173565 0.052352 0.998629
    outer loop
      vertex -18.985 9.53469 11.2809
      vertex -18.985 7.06444 11.4104
      vertex -18.8686 7.16974 11.4049
    endloop
  endfacet
  facet normal -2.86125e-05 0.052352 0.998629
    outer loop
      vertex -19.1111 9.62809 11.276
      vertex -18.985 7.06444 11.4104
      vertex -18.985 9.53469 11.2809
    endloop
  endfacet
  facet normal 2.6601e-05 0.0523547 0.998629
    outer loop
      vertex -19.1111 9.62809 11.276
      vertex -19.1111 6.97104 11.4153
      vertex -18.985 7.06444 11.4104
    endloop
  endfacet
  facet normal 0.000193537 0.0523547 0.998629
    outer loop
      vertex -19.2458 9.7087 11.2718
      vertex -19.1111 6.97104 11.4153
      vertex -19.1111 9.62809 11.276
    endloop
  endfacet
  facet normal -0.00018624 0.052336 0.99863
    outer loop
      vertex -19.2458 9.7087 11.2718
      vertex -19.2458 6.89042 11.4195
      vertex -19.1111 6.97104 11.4153
    endloop
  endfacet
  facet normal 9.8149e-05 0.052336 0.99863
    outer loop
      vertex -19.3877 9.77575 11.2683
      vertex -19.2458 6.89042 11.4195
      vertex -19.2458 9.7087 11.2718
    endloop
  endfacet
  facet normal -9.00871e-05 0.0523268 0.99863
    outer loop
      vertex -19.3877 9.77575 11.2683
      vertex -19.3877 6.82338 11.423
      vertex -19.2458 6.89042 11.4195
    endloop
  endfacet
  facet normal -0.000218286 0.0523268 0.99863
    outer loop
      vertex -19.5355 9.82857 11.2655
      vertex -19.3877 6.82338 11.423
      vertex -19.3877 9.77575 11.2683
    endloop
  endfacet
  facet normal 0.000210745 0.0523478 0.998629
    outer loop
      vertex -19.5355 9.82857 11.2655
      vertex -19.5355 6.77056 11.4258
      vertex -19.3877 6.82338 11.423
    endloop
  endfacet
  facet normal -1.84066e-05 0.0523478 0.998629
    outer loop
      vertex -19.6879 9.86667 11.2635
      vertex -19.5355 6.77056 11.4258
      vertex -19.5355 9.82857 11.2655
    endloop
  endfacet
  facet normal 1.79591e-05 0.0523496 0.998629
    outer loop
      vertex -19.6879 9.86667 11.2635
      vertex -19.6879 6.73246 11.4278
      vertex -19.5355 6.77056 11.4258
    endloop
  endfacet
  facet normal 3.99888e-05 0.0523496 0.998629
    outer loop
      vertex -19.8432 9.88968 11.2623
      vertex -19.6879 6.73246 11.4278
      vertex -19.6879 9.86667 11.2635
    endloop
  endfacet
  facet normal -3.94102e-05 0.0523457 0.998629
    outer loop
      vertex -19.8432 9.88968 11.2623
      vertex -19.8432 6.70945 11.429
      vertex -19.6879 6.73246 11.4278
    endloop
  endfacet
  facet normal 1.96878e-05 0.0523457 0.998629
    outer loop
      vertex -20 9.89737 11.2619
      vertex -19.8432 6.70945 11.429
      vertex -19.8432 9.88968 11.2623
    endloop
  endfacet
  facet normal -1.95931e-05 0.0523438 0.998629
    outer loop
      vertex -20 9.89737 11.2619
      vertex -20 6.70176 11.4294
      vertex -19.8432 6.70945 11.429
    endloop
  endfacet
  facet normal -1.95931e-05 0.0523438 0.998629
    outer loop
      vertex -20.1568 9.88968 11.2623
      vertex -20 6.70176 11.4294
      vertex -20 9.89737 11.2619
    endloop
  endfacet
  facet normal 1.96878e-05 0.0523457 0.998629
    outer loop
      vertex -20.1568 9.88968 11.2623
      vertex -20.1568 6.70945 11.429
      vertex -20 6.70176 11.4294
    endloop
  endfacet
  facet normal -3.94102e-05 0.0523457 0.998629
    outer loop
      vertex -20.3121 9.86667 11.2635
      vertex -20.1568 6.70945 11.429
      vertex -20.1568 9.88968 11.2623
    endloop
  endfacet
  facet normal 3.99888e-05 0.0523496 0.998629
    outer loop
      vertex -20.3121 9.86667 11.2635
      vertex -20.3121 6.73246 11.4278
      vertex -20.1568 6.70945 11.429
    endloop
  endfacet
  facet normal 1.79591e-05 0.0523496 0.998629
    outer loop
      vertex -20.4645 9.82857 11.2655
      vertex -20.3121 6.73246 11.4278
      vertex -20.3121 9.86667 11.2635
    endloop
  endfacet
  facet normal -1.84066e-05 0.0523478 0.998629
    outer loop
      vertex -20.4645 9.82857 11.2655
      vertex -20.4645 6.77056 11.4258
      vertex -20.3121 6.73246 11.4278
    endloop
  endfacet
  facet normal 0.000210745 0.0523478 0.998629
    outer loop
      vertex -20.6123 9.77575 11.2683
      vertex -20.4645 6.77056 11.4258
      vertex -20.4645 9.82857 11.2655
    endloop
  endfacet
  facet normal -0.000218286 0.0523268 0.99863
    outer loop
      vertex -20.6123 9.77575 11.2683
      vertex -20.6123 6.82338 11.423
      vertex -20.4645 6.77056 11.4258
    endloop
  endfacet
  facet normal -9.37747e-05 0.0523268 0.99863
    outer loop
      vertex -20.7542 9.7087 11.2718
      vertex -20.6123 6.82338 11.423
      vertex -20.6123 9.77575 11.2683
    endloop
  endfacet
  facet normal 9.44607e-05 0.052336 0.99863
    outer loop
      vertex -20.7542 9.7087 11.2718
      vertex -20.7542 6.89042 11.4195
      vertex -20.6123 6.82338 11.423
    endloop
  endfacet
  facet normal -0.000182355 0.052336 0.99863
    outer loop
      vertex -20.8889 9.62809 11.276
      vertex -20.7542 6.89042 11.4195
      vertex -20.7542 9.7087 11.2718
    endloop
  endfacet
  facet normal 0.000197424 0.0523547 0.998629
    outer loop
      vertex -20.8889 9.62809 11.276
      vertex -20.8889 6.97104 11.4153
      vertex -20.7542 6.89042 11.4195
    endloop
  endfacet
  facet normal 2.6601e-05 0.0523547 0.998629
    outer loop
      vertex -21.015 9.53469 11.2809
      vertex -20.8889 6.97104 11.4153
      vertex -20.8889 9.62809 11.276
    endloop
  endfacet
  facet normal -2.86125e-05 0.052352 0.998629
    outer loop
      vertex -21.015 9.53469 11.2809
      vertex -21.015 7.06444 11.4104
      vertex -20.8889 6.97104 11.4153
    endloop
  endfacet
  facet normal 0.000679865 0.0523519 0.998628
    outer loop
      vertex -21.1314 9.42938 11.2865
      vertex -21.015 7.06444 11.4104
      vertex -21.015 9.53469 11.2809
    endloop
  endfacet
  facet normal 0.000149972 0.0523259 0.99863
    outer loop
      vertex -21.1314 9.42938 11.2865
      vertex -21.1314 7.16974 11.4049
      vertex -21.015 7.06444 11.4104
    endloop
  endfacet
  facet normal -0.000829677 0.0523259 0.99863
    outer loop
      vertex -21.2368 9.3132 11.2925
      vertex -21.1314 7.16974 11.4049
      vertex -21.1314 9.42938 11.2865
    endloop
  endfacet
  facet normal -7.17398e-05 0.0523631 0.998628
    outer loop
      vertex -21.2368 9.3132 11.2925
      vertex -21.2368 7.28593 11.3988
      vertex -21.1314 7.16974 11.4049
    endloop
  endfacet
  facet normal -3.91552e-05 0.0523631 0.998628
    outer loop
      vertex -21.3304 9.18726 11.2991
      vertex -21.2368 7.28593 11.3988
      vertex -21.2368 9.3132 11.2925
    endloop
  endfacet
  facet normal 4.47102e-05 0.0523672 0.998628
    outer loop
      vertex -21.3304 9.18726 11.2991
      vertex -21.3304 7.41187 11.3922
      vertex -21.2368 7.28593 11.3988
    endloop
  endfacet
  facet normal 0.000580738 0.0523672 0.998628
    outer loop
      vertex -21.4111 9.05276 11.3062
      vertex -21.3304 7.41187 11.3922
      vertex -21.3304 9.18726 11.2991
    endloop
  endfacet
  facet normal -0.000691504 0.0523048 0.998631
    outer loop
      vertex -21.4111 9.05276 11.3062
      vertex -21.4111 7.54636 11.3851
      vertex -21.3304 7.41187 11.3922
    endloop
  endfacet
  facet normal -0.000354937 0.0523048 0.998631
    outer loop
      vertex -21.4782 8.91102 11.3136
      vertex -21.4111 7.54636 11.3851
      vertex -21.4111 9.05276 11.3062
    endloop
  endfacet
  facet normal 0.000445917 0.0523441 0.998629
    outer loop
      vertex -21.4782 8.91102 11.3136
      vertex -21.4782 7.68811 11.3777
      vertex -21.4111 7.54636 11.3851
    endloop
  endfacet
  facet normal 0.00115735 0.0523441 0.998628
    outer loop
      vertex -21.5311 8.76338 11.3214
      vertex -21.4782 7.68811 11.3777
      vertex -21.4782 8.91102 11.3136
    endloop
  endfacet
  facet normal 0.000662469 0.0523198 0.99863
    outer loop
      vertex -21.5311 8.76338 11.3214
      vertex -21.5311 7.83575 11.37
      vertex -21.4782 7.68811 11.3777
    endloop
  endfacet
  facet normal -0.00179751 0.0523197 0.998629
    outer loop
      vertex -21.5693 8.61128 11.3293
      vertex -21.5311 7.83575 11.37
      vertex -21.5311 8.76338 11.3214
    endloop
  endfacet
  facet normal -0.000577413 0.0523797 0.998627
    outer loop
      vertex -21.5693 8.61128 11.3293
      vertex -21.5693 7.98785 11.362
      vertex -21.5311 7.83575 11.37
    endloop
  endfacet
  facet normal 0.00281057 0.0523795 0.998623
    outer loop
      vertex -21.5923 8.45618 11.3375
      vertex -21.5693 7.98785 11.362
      vertex -21.5693 8.61128 11.3293
    endloop
  endfacet
  facet normal 0.000897818 0.0522861 0.998632
    outer loop
      vertex -21.5923 8.45618 11.3375
      vertex -21.5923 8.14295 11.3539
      vertex -21.5693 7.98785 11.362
    endloop
  endfacet
  facet normal -3.3952e-05 0.0522861 0.998632
    outer loop
      vertex -21.5923 8.14295 11.3539
      vertex -21.5923 8.45618 11.3375
      vertex -21.6 8.29956 11.3457
    endloop
  endfacet
  facet normal 0.803022 -0.595133 0.0311899
    outer loop
      vertex -21.3304 9.3966 15.2937
      vertex -21.2368 9.3132 11.2925
      vertex -21.2368 9.52255 15.2871
    endloop
  endfacet
  facet normal 0.802999 -0.595163 0.03119
    outer loop
      vertex -21.2368 9.3132 11.2925
      vertex -21.3304 9.3966 15.2937
      vertex -21.3304 9.18726 11.2991
    endloop
  endfacet
  facet normal 0.24285 -0.968735 0.0507648
    outer loop
      vertex -20.4645 9.82857 11.2655
      vertex -20.3121 10.076 15.2581
      vertex -20.4645 10.0379 15.2601
    endloop
  endfacet
  facet normal 0.24285 -0.968735 0.0507648
    outer loop
      vertex -20.3121 10.076 15.2581
      vertex -20.4645 9.82857 11.2655
      vertex -20.3121 9.86667 11.2635
    endloop
  endfacet
  facet normal -0.514024 0.8566 -0.044894
    outer loop
      vertex -19.1111 7.18038 15.4098
      vertex -19.2458 6.89042 11.4195
      vertex -19.2458 7.09977 15.414
    endloop
  endfacet
  facet normal -0.514071 0.856572 -0.0448904
    outer loop
      vertex -19.2458 6.89042 11.4195
      vertex -19.1111 7.18038 15.4098
      vertex -19.1111 6.97104 11.4153
    endloop
  endfacet
  facet normal -0.989213 -0.146286 0.00766644
    outer loop
      vertex -18.4307 8.61128 11.3293
      vertex -18.4077 8.66552 15.332
      vertex -18.4307 8.82062 15.3238
    endloop
  endfacet
  facet normal -0.989213 -0.146286 0.00766644
    outer loop
      vertex -18.4077 8.66552 15.332
      vertex -18.4307 8.61128 11.3293
      vertex -18.4077 8.45618 11.3375
    endloop
  endfacet
  facet normal -0.803022 -0.595133 0.0311899
    outer loop
      vertex -18.7632 9.3132 11.2925
      vertex -18.6696 9.3966 15.2937
      vertex -18.7632 9.52255 15.2871
    endloop
  endfacet
  facet normal -0.802999 -0.595163 0.03119
    outer loop
      vertex -18.6696 9.3966 15.2937
      vertex -18.7632 9.3132 11.2925
      vertex -18.6696 9.18726 11.2991
    endloop
  endfacet
  facet normal -0.671366 -0.74011 0.0387889
    outer loop
      vertex -18.985 9.74403 15.2755
      vertex -18.8686 9.42938 11.2865
      vertex -18.8686 9.63873 15.281
    endloop
  endfacet
  facet normal -0.671419 -0.740062 0.0387835
    outer loop
      vertex -18.8686 9.42938 11.2865
      vertex -18.985 9.74403 15.2755
      vertex -18.985 9.53469 11.2809
    endloop
  endfacet
  facet normal 0.049114 -0.997425 0.0522671
    outer loop
      vertex -20.1568 9.88968 11.2623
      vertex -20 10.1067 15.2564
      vertex -20.1568 10.099 15.2568
    endloop
  endfacet
  facet normal 0.0490506 -0.997428 0.0522698
    outer loop
      vertex -20 10.1067 15.2564
      vertex -20.1568 9.88968 11.2623
      vertex -20 9.89737 11.2619
    endloop
  endfacet
  facet normal -0.24285 -0.968735 0.0507648
    outer loop
      vertex -19.6879 10.076 15.2581
      vertex -19.5355 9.82857 11.2655
      vertex -19.5355 10.0379 15.2601
    endloop
  endfacet
  facet normal -0.24285 -0.968735 0.0507648
    outer loop
      vertex -19.5355 9.82857 11.2655
      vertex -19.6879 10.076 15.2581
      vertex -19.6879 9.86667 11.2635
    endloop
  endfacet
  facet normal -0.14673 -0.987821 0.051765
    outer loop
      vertex -19.8432 10.099 15.2568
      vertex -19.6879 9.86667 11.2635
      vertex -19.6879 10.076 15.2581
    endloop
  endfacet
  facet normal -0.14676 -0.987817 0.0517636
    outer loop
      vertex -19.6879 9.86667 11.2635
      vertex -19.8432 10.099 15.2568
      vertex -19.8432 9.88968 11.2623
    endloop
  endfacet
  facet normal -0.427647 -0.902707 0.0473105
    outer loop
      vertex -19.3877 9.98509 15.2628
      vertex -19.2458 9.7087 11.2718
      vertex -19.2458 9.91805 15.2663
    endloop
  endfacet
  facet normal -0.427699 -0.902683 0.0473069
    outer loop
      vertex -19.2458 9.7087 11.2718
      vertex -19.3877 9.98509 15.2628
      vertex -19.3877 9.77575 11.2683
    endloop
  endfacet
  facet normal -0.595766 -0.802057 0.0420324
    outer loop
      vertex -19.1111 9.83744 15.2706
      vertex -18.985 9.53469 11.2809
      vertex -18.985 9.74403 15.2755
    endloop
  endfacet
  facet normal -0.595725 -0.802088 0.042036
    outer loop
      vertex -18.985 9.53469 11.2809
      vertex -19.1111 9.83744 15.2706
      vertex -19.1111 9.62809 11.276
    endloop
  endfacet
  facet normal 0.998797 0.0489701 -0.0025665
    outer loop
      vertex -21.5923 8.35229 15.3484
      vertex -21.6 8.29956 11.3457
      vertex -21.6 8.50891 15.3402
    endloop
  endfacet
  facet normal 0.998797 0.0489732 -0.00256654
    outer loop
      vertex -21.6 8.29956 11.3457
      vertex -21.5923 8.35229 15.3484
      vertex -21.5923 8.14295 11.3539
    endloop
  endfacet
  facet normal 0.969961 -0.242929 0.0127318
    outer loop
      vertex -21.5693 8.82062 15.3238
      vertex -21.5311 8.76338 11.3214
      vertex -21.5311 8.97273 15.3159
    endloop
  endfacet
  facet normal 0.969957 -0.242944 0.012732
    outer loop
      vertex -21.5311 8.76338 11.3214
      vertex -21.5693 8.82062 15.3238
      vertex -21.5693 8.61128 11.3293
    endloop
  endfacet
  facet normal 0.989213 -0.146286 0.00766644
    outer loop
      vertex -21.5923 8.66552 15.332
      vertex -21.5693 8.61128 11.3293
      vertex -21.5693 8.82062 15.3238
    endloop
  endfacet
  facet normal 0.989213 -0.146286 0.00766644
    outer loop
      vertex -21.5693 8.61128 11.3293
      vertex -21.5923 8.66552 15.332
      vertex -21.5923 8.45618 11.3375
    endloop
  endfacet
  facet normal 0.904073 -0.426792 0.022368
    outer loop
      vertex -21.4782 9.12036 15.3081
      vertex -21.4111 9.05276 11.3062
      vertex -21.4111 9.26211 15.3007
    endloop
  endfacet
  facet normal 0.904061 -0.426817 0.0223682
    outer loop
      vertex -21.4111 9.05276 11.3062
      vertex -21.4782 9.12036 15.3081
      vertex -21.4782 8.91102 11.3136
    endloop
  endfacet
  facet normal 0.857783 -0.513308 0.0269003
    outer loop
      vertex -21.4111 9.26211 15.3007
      vertex -21.3304 9.18726 11.2991
      vertex -21.3304 9.3966 15.2937
    endloop
  endfacet
  facet normal 0.857808 -0.513265 0.0269
    outer loop
      vertex -21.3304 9.18726 11.2991
      vertex -21.4111 9.26211 15.3007
      vertex -21.4111 9.05276 11.3062
    endloop
  endfacet
  facet normal 0.336863 -0.940263 0.0492764
    outer loop
      vertex -20.6123 9.77575 11.2683
      vertex -20.4645 10.0379 15.2601
      vertex -20.6123 9.98509 15.2628
    endloop
  endfacet
  facet normal 0.336949 -0.940233 0.0492712
    outer loop
      vertex -20.4645 10.0379 15.2601
      vertex -20.6123 9.77575 11.2683
      vertex -20.4645 9.82857 11.2655
    endloop
  endfacet
  facet normal 0.14673 -0.987821 0.051765
    outer loop
      vertex -20.3121 9.86667 11.2635
      vertex -20.1568 10.099 15.2568
      vertex -20.3121 10.076 15.2581
    endloop
  endfacet
  facet normal 0.14676 -0.987817 0.0517636
    outer loop
      vertex -20.1568 10.099 15.2568
      vertex -20.3121 9.86667 11.2635
      vertex -20.1568 9.88968 11.2623
    endloop
  endfacet
  facet normal 0.595766 -0.802057 0.0420324
    outer loop
      vertex -21.015 9.53469 11.2809
      vertex -20.8889 9.83744 15.2706
      vertex -21.015 9.74403 15.2755
    endloop
  endfacet
  facet normal 0.595725 -0.802088 0.042036
    outer loop
      vertex -20.8889 9.83744 15.2706
      vertex -21.015 9.53469 11.2809
      vertex -20.8889 9.62809 11.276
    endloop
  endfacet
  facet normal 0.671366 -0.74011 0.0387889
    outer loop
      vertex -21.1314 9.42938 11.2865
      vertex -21.015 9.74403 15.2755
      vertex -21.1314 9.63873 15.281
    endloop
  endfacet
  facet normal 0.671419 -0.740062 0.0387835
    outer loop
      vertex -21.015 9.74403 15.2755
      vertex -21.1314 9.42938 11.2865
      vertex -21.015 9.53469 11.2809
    endloop
  endfacet
  facet normal 0.514049 -0.856585 0.0448921
    outer loop
      vertex -20.8889 9.62809 11.276
      vertex -20.7542 9.91805 15.2663
      vertex -20.8889 9.83744 15.2706
    endloop
  endfacet
  facet normal 0.514024 -0.8566 0.044894
    outer loop
      vertex -20.7542 9.91805 15.2663
      vertex -20.8889 9.62809 11.276
      vertex -20.7542 9.7087 11.2718
    endloop
  endfacet
  facet normal 0.741092 -0.670483 0.0351397
    outer loop
      vertex -21.2368 9.52255 15.2871
      vertex -21.1314 9.42938 11.2865
      vertex -21.1314 9.63873 15.281
    endloop
  endfacet
  facet normal 0.741077 -0.6705 0.0351397
    outer loop
      vertex -21.1314 9.42938 11.2865
      vertex -21.2368 9.52255 15.2871
      vertex -21.2368 9.3132 11.2925
    endloop
  endfacet
  facet normal -0.998797 -0.0489732 0.00256654
    outer loop
      vertex -18.4077 8.45618 11.3375
      vertex -18.4 8.50891 15.3402
      vertex -18.4077 8.66552 15.332
    endloop
  endfacet
  facet normal -0.998797 -0.0489701 0.0025665
    outer loop
      vertex -18.4 8.50891 15.3402
      vertex -18.4077 8.45618 11.3375
      vertex -18.4 8.29956 11.3457
    endloop
  endfacet
  facet normal -0.969959 0.242936 -0.0127316
    outer loop
      vertex -18.4307 7.98785 11.362
      vertex -18.4689 8.04509 15.3645
      vertex -18.4307 8.19719 15.3565
    endloop
  endfacet
  facet normal -0.969959 0.242936 -0.0127316
    outer loop
      vertex -18.4689 8.04509 15.3645
      vertex -18.4307 7.98785 11.362
      vertex -18.4689 7.83575 11.37
    endloop
  endfacet
  facet normal -0.802999 0.595163 -0.0311908
    outer loop
      vertex -18.6696 7.41187 11.3922
      vertex -18.7632 7.49527 15.3933
      vertex -18.6696 7.62121 15.3867
    endloop
  endfacet
  facet normal -0.802999 0.595163 -0.0311908
    outer loop
      vertex -18.7632 7.49527 15.3933
      vertex -18.6696 7.41187 11.3922
      vertex -18.7632 7.28593 11.3988
    endloop
  endfacet
  facet normal 0.595766 0.802057 -0.0420335
    outer loop
      vertex -20.8889 6.97104 11.4153
      vertex -21.015 7.27379 15.4049
      vertex -20.8889 7.18038 15.4098
    endloop
  endfacet
  facet normal 0.595725 0.802087 -0.0420371
    outer loop
      vertex -21.015 7.27379 15.4049
      vertex -20.8889 6.97104 11.4153
      vertex -21.015 7.06444 11.4104
    endloop
  endfacet
  facet normal -0.14676 0.987817 -0.0517686
    outer loop
      vertex -19.6879 6.9418 15.4223
      vertex -19.8432 6.70945 11.429
      vertex -19.8432 6.91879 15.4235
    endloop
  endfacet
  facet normal -0.14676 0.987817 -0.0517686
    outer loop
      vertex -19.8432 6.70945 11.429
      vertex -19.6879 6.9418 15.4223
      vertex -19.6879 6.73246 11.4278
    endloop
  endfacet
  facet normal -0.337005 0.940212 -0.0492738
    outer loop
      vertex -19.3877 7.03273 15.4175
      vertex -19.5355 6.77056 11.4258
      vertex -19.5355 6.9799 15.4203
    endloop
  endfacet
  facet normal -0.336949 0.940233 -0.0492772
    outer loop
      vertex -19.5355 6.77056 11.4258
      vertex -19.3877 7.03273 15.4175
      vertex -19.3877 6.82338 11.423
    endloop
  endfacet
  facet normal -0.904073 -0.426792 0.022368
    outer loop
      vertex -18.5889 9.05276 11.3062
      vertex -18.5218 9.12036 15.3081
      vertex -18.5889 9.26211 15.3007
    endloop
  endfacet
  facet normal -0.904061 -0.426817 0.0223682
    outer loop
      vertex -18.5218 9.12036 15.3081
      vertex -18.5889 9.05276 11.3062
      vertex -18.5218 8.91102 11.3136
    endloop
  endfacet
  facet normal -0.941537 -0.336448 0.0176322
    outer loop
      vertex -18.5218 8.91102 11.3136
      vertex -18.4689 8.97273 15.3159
      vertex -18.5218 9.12036 15.3081
    endloop
  endfacet
  facet normal -0.941544 -0.336428 0.017632
    outer loop
      vertex -18.4689 8.97273 15.3159
      vertex -18.5218 8.91102 11.3136
      vertex -18.4689 8.76338 11.3214
    endloop
  endfacet
  facet normal -0.741092 -0.670483 0.0351397
    outer loop
      vertex -18.8686 9.42938 11.2865
      vertex -18.7632 9.52255 15.2871
      vertex -18.8686 9.63873 15.281
    endloop
  endfacet
  facet normal -0.741077 -0.6705 0.0351397
    outer loop
      vertex -18.7632 9.52255 15.2871
      vertex -18.8686 9.42938 11.2865
      vertex -18.7632 9.3132 11.2925
    endloop
  endfacet
  facet normal -0.049114 -0.997425 0.0522671
    outer loop
      vertex -20 10.1067 15.2564
      vertex -19.8432 9.88968 11.2623
      vertex -19.8432 10.099 15.2568
    endloop
  endfacet
  facet normal -0.0490506 -0.997428 0.0522698
    outer loop
      vertex -19.8432 9.88968 11.2623
      vertex -20 10.1067 15.2564
      vertex -20 9.89737 11.2619
    endloop
  endfacet
  facet normal 0.998797 -0.0489732 0.00256654
    outer loop
      vertex -21.6 8.50891 15.3402
      vertex -21.5923 8.45618 11.3375
      vertex -21.5923 8.66552 15.332
    endloop
  endfacet
  facet normal 0.998797 -0.0489701 0.0025665
    outer loop
      vertex -21.5923 8.45618 11.3375
      vertex -21.6 8.50891 15.3402
      vertex -21.6 8.29956 11.3457
    endloop
  endfacet
  facet normal -0.94154 0.336438 -0.0176317
    outer loop
      vertex -18.4689 7.83575 11.37
      vertex -18.5218 7.89745 15.3722
      vertex -18.4689 8.04509 15.3645
    endloop
  endfacet
  facet normal -0.94154 0.336438 -0.0176317
    outer loop
      vertex -18.5218 7.89745 15.3722
      vertex -18.4689 7.83575 11.37
      vertex -18.5218 7.68811 11.3777
    endloop
  endfacet
  facet normal -0.904068 0.426804 -0.0223675
    outer loop
      vertex -18.5218 7.68811 11.3777
      vertex -18.5889 7.75571 15.3797
      vertex -18.5218 7.89745 15.3722
    endloop
  endfacet
  facet normal -0.904073 0.426792 -0.0223674
    outer loop
      vertex -18.5889 7.75571 15.3797
      vertex -18.5218 7.68811 11.3777
      vertex -18.5889 7.54636 11.3851
    endloop
  endfacet
  facet normal 0.14676 0.987817 -0.0517686
    outer loop
      vertex -20.1568 6.70945 11.429
      vertex -20.3121 6.9418 15.4223
      vertex -20.1568 6.91879 15.4235
    endloop
  endfacet
  facet normal 0.14676 0.987817 -0.0517686
    outer loop
      vertex -20.3121 6.9418 15.4223
      vertex -20.1568 6.70945 11.429
      vertex -20.3121 6.73246 11.4278
    endloop
  endfacet
  facet normal 0.989212 0.146291 -0.00766669
    outer loop
      vertex -21.5693 8.19719 15.3565
      vertex -21.5923 8.14295 11.3539
      vertex -21.5923 8.35229 15.3484
    endloop
  endfacet
  facet normal 0.989212 0.146291 -0.00766669
    outer loop
      vertex -21.5923 8.14295 11.3539
      vertex -21.5693 8.19719 15.3565
      vertex -21.5693 7.98785 11.362
    endloop
  endfacet
  facet normal 0.94154 0.336438 -0.0176317
    outer loop
      vertex -21.4782 7.89745 15.3722
      vertex -21.5311 7.83575 11.37
      vertex -21.5311 8.04509 15.3645
    endloop
  endfacet
  facet normal 0.94154 0.336438 -0.0176317
    outer loop
      vertex -21.5311 7.83575 11.37
      vertex -21.4782 7.89745 15.3722
      vertex -21.4782 7.68811 11.3777
    endloop
  endfacet
  facet normal -0.24285 0.968734 -0.0507685
    outer loop
      vertex -19.5355 6.9799 15.4203
      vertex -19.6879 6.73246 11.4278
      vertex -19.6879 6.9418 15.4223
    endloop
  endfacet
  facet normal -0.24285 0.968734 -0.0507685
    outer loop
      vertex -19.6879 6.73246 11.4278
      vertex -19.5355 6.9799 15.4203
      vertex -19.5355 6.77056 11.4258
    endloop
  endfacet
  facet normal -0.969961 -0.242929 0.0127318
    outer loop
      vertex -18.4689 8.76338 11.3214
      vertex -18.4307 8.82062 15.3238
      vertex -18.4689 8.97273 15.3159
    endloop
  endfacet
  facet normal -0.969957 -0.242944 0.012732
    outer loop
      vertex -18.4307 8.82062 15.3238
      vertex -18.4689 8.76338 11.3214
      vertex -18.4307 8.61128 11.3293
    endloop
  endfacet
  facet normal -0.989212 0.146291 -0.00766669
    outer loop
      vertex -18.4077 8.14295 11.3539
      vertex -18.4307 8.19719 15.3565
      vertex -18.4077 8.35229 15.3484
    endloop
  endfacet
  facet normal -0.989212 0.146291 -0.00766669
    outer loop
      vertex -18.4307 8.19719 15.3565
      vertex -18.4077 8.14295 11.3539
      vertex -18.4307 7.98785 11.362
    endloop
  endfacet
  facet normal -0.671366 0.74011 -0.0387889
    outer loop
      vertex -18.8686 7.37909 15.3994
      vertex -18.985 7.06444 11.4104
      vertex -18.985 7.27379 15.4049
    endloop
  endfacet
  facet normal -0.671366 0.74011 -0.0387889
    outer loop
      vertex -18.985 7.06444 11.4104
      vertex -18.8686 7.37909 15.3994
      vertex -18.8686 7.16974 11.4049
    endloop
  endfacet
  facet normal -0.8578 0.51328 -0.0269001
    outer loop
      vertex -18.5889 7.54636 11.3851
      vertex -18.6696 7.62121 15.3867
      vertex -18.5889 7.75571 15.3797
    endloop
  endfacet
  facet normal -0.857792 0.513293 -0.0269002
    outer loop
      vertex -18.6696 7.62121 15.3867
      vertex -18.5889 7.54636 11.3851
      vertex -18.6696 7.41187 11.3922
    endloop
  endfacet
  facet normal 0.427647 0.902707 -0.0473105
    outer loop
      vertex -20.6123 6.82338 11.423
      vertex -20.7542 7.09977 15.414
      vertex -20.6123 7.03273 15.4175
    endloop
  endfacet
  facet normal 0.427647 0.902707 -0.0473105
    outer loop
      vertex -20.7542 7.09977 15.414
      vertex -20.6123 6.82338 11.423
      vertex -20.7542 6.89042 11.4195
    endloop
  endfacet
  facet normal 0.0490506 0.997428 -0.0522722
    outer loop
      vertex -20 6.70176 11.4294
      vertex -20.1568 6.91879 15.4235
      vertex -20 6.9111 15.4239
    endloop
  endfacet
  facet normal 0.0490506 0.997428 -0.0522722
    outer loop
      vertex -20.1568 6.91879 15.4235
      vertex -20 6.70176 11.4294
      vertex -20.1568 6.70945 11.429
    endloop
  endfacet
  facet normal -0.0490506 0.997428 -0.0522722
    outer loop
      vertex -19.8432 6.91879 15.4235
      vertex -20 6.70176 11.4294
      vertex -20 6.9111 15.4239
    endloop
  endfacet
  facet normal -0.0490506 0.997428 -0.0522722
    outer loop
      vertex -20 6.70176 11.4294
      vertex -19.8432 6.91879 15.4235
      vertex -19.8432 6.70945 11.429
    endloop
  endfacet
  facet normal 0.8578 0.51328 -0.0269001
    outer loop
      vertex -21.3304 7.62121 15.3867
      vertex -21.4111 7.54636 11.3851
      vertex -21.4111 7.75571 15.3797
    endloop
  endfacet
  facet normal 0.857792 0.513293 -0.0269002
    outer loop
      vertex -21.4111 7.54636 11.3851
      vertex -21.3304 7.62121 15.3867
      vertex -21.3304 7.41187 11.3922
    endloop
  endfacet
  facet normal 0.671366 0.74011 -0.0387889
    outer loop
      vertex -21.015 7.06444 11.4104
      vertex -21.1314 7.37909 15.3994
      vertex -21.015 7.27379 15.4049
    endloop
  endfacet
  facet normal 0.671366 0.74011 -0.0387889
    outer loop
      vertex -21.1314 7.37909 15.3994
      vertex -21.015 7.06444 11.4104
      vertex -21.1314 7.16974 11.4049
    endloop
  endfacet
  facet normal 0.741092 0.670483 -0.0351381
    outer loop
      vertex -21.1314 7.37909 15.3994
      vertex -21.2368 7.28593 11.3988
      vertex -21.2368 7.49527 15.3933
    endloop
  endfacet
  facet normal 0.741121 0.670452 -0.0351381
    outer loop
      vertex -21.2368 7.28593 11.3988
      vertex -21.1314 7.37909 15.3994
      vertex -21.1314 7.16974 11.4049
    endloop
  endfacet
  facet normal 0.969959 0.242936 -0.0127316
    outer loop
      vertex -21.5311 8.04509 15.3645
      vertex -21.5693 7.98785 11.362
      vertex -21.5693 8.19719 15.3565
    endloop
  endfacet
  facet normal 0.969959 0.242936 -0.0127316
    outer loop
      vertex -21.5693 7.98785 11.362
      vertex -21.5311 8.04509 15.3645
      vertex -21.5311 7.83575 11.37
    endloop
  endfacet
  facet normal 0.904068 0.426804 -0.0223675
    outer loop
      vertex -21.4111 7.75571 15.3797
      vertex -21.4782 7.68811 11.3777
      vertex -21.4782 7.89745 15.3722
    endloop
  endfacet
  facet normal 0.904073 0.426792 -0.0223674
    outer loop
      vertex -21.4782 7.68811 11.3777
      vertex -21.4111 7.75571 15.3797
      vertex -21.4111 7.54636 11.3851
    endloop
  endfacet
  facet normal -0.427647 0.902707 -0.0473105
    outer loop
      vertex -19.2458 7.09977 15.414
      vertex -19.3877 6.82338 11.423
      vertex -19.3877 7.03273 15.4175
    endloop
  endfacet
  facet normal -0.427647 0.902707 -0.0473105
    outer loop
      vertex -19.3877 6.82338 11.423
      vertex -19.2458 7.09977 15.414
      vertex -19.2458 6.89042 11.4195
    endloop
  endfacet
  facet normal -0.595766 0.802057 -0.0420335
    outer loop
      vertex -18.985 7.27379 15.4049
      vertex -19.1111 6.97104 11.4153
      vertex -19.1111 7.18038 15.4098
    endloop
  endfacet
  facet normal -0.595725 0.802087 -0.0420371
    outer loop
      vertex -19.1111 6.97104 11.4153
      vertex -18.985 7.27379 15.4049
      vertex -18.985 7.06444 11.4104
    endloop
  endfacet
  facet normal -0.741092 0.670483 -0.0351381
    outer loop
      vertex -18.7632 7.28593 11.3988
      vertex -18.8686 7.37909 15.3994
      vertex -18.7632 7.49527 15.3933
    endloop
  endfacet
  facet normal -0.741121 0.670452 -0.0351381
    outer loop
      vertex -18.8686 7.37909 15.3994
      vertex -18.7632 7.28593 11.3988
      vertex -18.8686 7.16974 11.4049
    endloop
  endfacet
  facet normal 0.514024 0.8566 -0.044894
    outer loop
      vertex -20.7542 6.89042 11.4195
      vertex -20.8889 7.18038 15.4098
      vertex -20.7542 7.09977 15.414
    endloop
  endfacet
  facet normal 0.514071 0.856572 -0.0448904
    outer loop
      vertex -20.8889 7.18038 15.4098
      vertex -20.7542 6.89042 11.4195
      vertex -20.8889 6.97104 11.4153
    endloop
  endfacet
  facet normal 0.24285 0.968734 -0.0507685
    outer loop
      vertex -20.3121 6.73246 11.4278
      vertex -20.4645 6.9799 15.4203
      vertex -20.3121 6.9418 15.4223
    endloop
  endfacet
  facet normal 0.24285 0.968734 -0.0507685
    outer loop
      vertex -20.4645 6.9799 15.4203
      vertex -20.3121 6.73246 11.4278
      vertex -20.4645 6.77056 11.4258
    endloop
  endfacet
  facet normal 0.802999 0.595163 -0.0311908
    outer loop
      vertex -21.2368 7.49527 15.3933
      vertex -21.3304 7.41187 11.3922
      vertex -21.3304 7.62121 15.3867
    endloop
  endfacet
  facet normal 0.802999 0.595163 -0.0311908
    outer loop
      vertex -21.3304 7.41187 11.3922
      vertex -21.2368 7.49527 15.3933
      vertex -21.2368 7.28593 11.3988
    endloop
  endfacet
  facet normal 0.337005 0.940212 -0.0492738
    outer loop
      vertex -20.4645 6.77056 11.4258
      vertex -20.6123 7.03273 15.4175
      vertex -20.4645 6.9799 15.4203
    endloop
  endfacet
  facet normal 0.336949 0.940233 -0.0492772
    outer loop
      vertex -20.6123 7.03273 15.4175
      vertex -20.4645 6.77056 11.4258
      vertex -20.6123 6.82338 11.423
    endloop
  endfacet
  facet normal -0.998797 -0.0489732 0.00256654
    outer loop
      vertex 21.5923 8.45618 11.3375
      vertex 21.6 8.50891 15.3402
      vertex 21.5923 8.66552 15.332
    endloop
  endfacet
  facet normal -0.998797 -0.0489701 0.0025665
    outer loop
      vertex 21.6 8.50891 15.3402
      vertex 21.5923 8.45618 11.3375
      vertex 21.6 8.29956 11.3457
    endloop
  endfacet
  facet normal 0.049114 -0.997425 0.0522671
    outer loop
      vertex 19.8432 9.88968 11.2623
      vertex 20 10.1067 15.2564
      vertex 19.8432 10.099 15.2568
    endloop
  endfacet
  facet normal 0.0490506 -0.997428 0.0522698
    outer loop
      vertex 20 10.1067 15.2564
      vertex 19.8432 9.88968 11.2623
      vertex 20 9.89737 11.2619
    endloop
  endfacet
  facet normal -0.671366 -0.74011 0.0387889
    outer loop
      vertex 21.015 9.74403 15.2755
      vertex 21.1314 9.42938 11.2865
      vertex 21.1314 9.63873 15.281
    endloop
  endfacet
  facet normal -0.671419 -0.740062 0.0387835
    outer loop
      vertex 21.1314 9.42938 11.2865
      vertex 21.015 9.74403 15.2755
      vertex 21.015 9.53469 11.2809
    endloop
  endfacet
  facet normal 0.741092 -0.670483 0.0351397
    outer loop
      vertex 18.7632 9.52255 15.2871
      vertex 18.8686 9.42938 11.2865
      vertex 18.8686 9.63873 15.281
    endloop
  endfacet
  facet normal 0.741077 -0.6705 0.0351397
    outer loop
      vertex 18.8686 9.42938 11.2865
      vertex 18.7632 9.52255 15.2871
      vertex 18.7632 9.3132 11.2925
    endloop
  endfacet
  facet normal 0.427647 -0.902707 0.0473105
    outer loop
      vertex 19.2458 9.7087 11.2718
      vertex 19.3877 9.98509 15.2628
      vertex 19.2458 9.91805 15.2663
    endloop
  endfacet
  facet normal 0.427699 -0.902683 0.0473069
    outer loop
      vertex 19.3877 9.98509 15.2628
      vertex 19.2458 9.7087 11.2718
      vertex 19.3877 9.77575 11.2683
    endloop
  endfacet
  facet normal -0.904073 -0.426792 0.022368
    outer loop
      vertex 21.4111 9.05276 11.3062
      vertex 21.4782 9.12036 15.3081
      vertex 21.4111 9.26211 15.3007
    endloop
  endfacet
  facet normal -0.904061 -0.426817 0.0223682
    outer loop
      vertex 21.4782 9.12036 15.3081
      vertex 21.4111 9.05276 11.3062
      vertex 21.4782 8.91102 11.3136
    endloop
  endfacet
  facet normal -0.336863 -0.940263 0.0492764
    outer loop
      vertex 20.4645 10.0379 15.2601
      vertex 20.6123 9.77575 11.2683
      vertex 20.6123 9.98509 15.2628
    endloop
  endfacet
  facet normal -0.336949 -0.940233 0.0492712
    outer loop
      vertex 20.6123 9.77575 11.2683
      vertex 20.4645 10.0379 15.2601
      vertex 20.4645 9.82857 11.2655
    endloop
  endfacet
  facet normal -0.514049 -0.856585 0.0448921
    outer loop
      vertex 20.7542 9.91805 15.2663
      vertex 20.8889 9.62809 11.276
      vertex 20.8889 9.83744 15.2706
    endloop
  endfacet
  facet normal -0.514024 -0.8566 0.044894
    outer loop
      vertex 20.8889 9.62809 11.276
      vertex 20.7542 9.91805 15.2663
      vertex 20.7542 9.7087 11.2718
    endloop
  endfacet
  facet normal 0.941537 -0.336448 0.0176322
    outer loop
      vertex 18.4689 8.97273 15.3159
      vertex 18.5218 8.91102 11.3136
      vertex 18.5218 9.12036 15.3081
    endloop
  endfacet
  facet normal 0.941544 -0.336428 0.017632
    outer loop
      vertex 18.5218 8.91102 11.3136
      vertex 18.4689 8.97273 15.3159
      vertex 18.4689 8.76338 11.3214
    endloop
  endfacet
  facet normal 0.24285 -0.968735 0.0507648
    outer loop
      vertex 19.5355 9.82857 11.2655
      vertex 19.6879 10.076 15.2581
      vertex 19.5355 10.0379 15.2601
    endloop
  endfacet
  facet normal 0.24285 -0.968735 0.0507648
    outer loop
      vertex 19.6879 10.076 15.2581
      vertex 19.5355 9.82857 11.2655
      vertex 19.6879 9.86667 11.2635
    endloop
  endfacet
  facet normal 0.0490506 0.997428 -0.0522722
    outer loop
      vertex 20 6.70176 11.4294
      vertex 19.8432 6.91879 15.4235
      vertex 20 6.9111 15.4239
    endloop
  endfacet
  facet normal 0.0490506 0.997428 -0.0522722
    outer loop
      vertex 19.8432 6.91879 15.4235
      vertex 20 6.70176 11.4294
      vertex 19.8432 6.70945 11.429
    endloop
  endfacet
  facet normal -0.14676 0.987817 -0.0517686
    outer loop
      vertex 20.3121 6.9418 15.4223
      vertex 20.1568 6.70945 11.429
      vertex 20.1568 6.91879 15.4235
    endloop
  endfacet
  facet normal -0.14676 0.987817 -0.0517686
    outer loop
      vertex 20.1568 6.70945 11.429
      vertex 20.3121 6.9418 15.4223
      vertex 20.3121 6.73246 11.4278
    endloop
  endfacet
  facet normal -0.969961 -0.242929 0.0127318
    outer loop
      vertex 21.5311 8.76338 11.3214
      vertex 21.5693 8.82062 15.3238
      vertex 21.5311 8.97273 15.3159
    endloop
  endfacet
  facet normal -0.969957 -0.242944 0.012732
    outer loop
      vertex 21.5693 8.82062 15.3238
      vertex 21.5311 8.76338 11.3214
      vertex 21.5693 8.61128 11.3293
    endloop
  endfacet
  facet normal -0.989213 -0.146286 0.00766644
    outer loop
      vertex 21.5693 8.61128 11.3293
      vertex 21.5923 8.66552 15.332
      vertex 21.5693 8.82062 15.3238
    endloop
  endfacet
  facet normal -0.989213 -0.146286 0.00766644
    outer loop
      vertex 21.5923 8.66552 15.332
      vertex 21.5693 8.61128 11.3293
      vertex 21.5923 8.45618 11.3375
    endloop
  endfacet
  facet normal -0.941537 -0.336448 0.0176322
    outer loop
      vertex 21.4782 8.91102 11.3136
      vertex 21.5311 8.97273 15.3159
      vertex 21.4782 9.12036 15.3081
    endloop
  endfacet
  facet normal -0.941544 -0.336428 0.017632
    outer loop
      vertex 21.5311 8.97273 15.3159
      vertex 21.4782 8.91102 11.3136
      vertex 21.5311 8.76338 11.3214
    endloop
  endfacet
  facet normal -0.803022 -0.595133 0.0311899
    outer loop
      vertex 21.2368 9.3132 11.2925
      vertex 21.3304 9.3966 15.2937
      vertex 21.2368 9.52255 15.2871
    endloop
  endfacet
  facet normal -0.802999 -0.595163 0.03119
    outer loop
      vertex 21.3304 9.3966 15.2937
      vertex 21.2368 9.3132 11.2925
      vertex 21.3304 9.18726 11.2991
    endloop
  endfacet
  facet normal -0.741092 -0.670483 0.0351397
    outer loop
      vertex 21.1314 9.42938 11.2865
      vertex 21.2368 9.52255 15.2871
      vertex 21.1314 9.63873 15.281
    endloop
  endfacet
  facet normal -0.741077 -0.6705 0.0351397
    outer loop
      vertex 21.2368 9.52255 15.2871
      vertex 21.1314 9.42938 11.2865
      vertex 21.2368 9.3132 11.2925
    endloop
  endfacet
  facet normal -0.857783 -0.513308 0.0269003
    outer loop
      vertex 21.3304 9.18726 11.2991
      vertex 21.4111 9.26211 15.3007
      vertex 21.3304 9.3966 15.2937
    endloop
  endfacet
  facet normal -0.857808 -0.513265 0.0269
    outer loop
      vertex 21.4111 9.26211 15.3007
      vertex 21.3304 9.18726 11.2991
      vertex 21.4111 9.05276 11.3062
    endloop
  endfacet
  facet normal -0.14673 -0.987821 0.051765
    outer loop
      vertex 20.1568 10.099 15.2568
      vertex 20.3121 9.86667 11.2635
      vertex 20.3121 10.076 15.2581
    endloop
  endfacet
  facet normal -0.14676 -0.987817 0.0517636
    outer loop
      vertex 20.3121 9.86667 11.2635
      vertex 20.1568 10.099 15.2568
      vertex 20.1568 9.88968 11.2623
    endloop
  endfacet
  facet normal -0.24285 -0.968735 0.0507648
    outer loop
      vertex 20.3121 10.076 15.2581
      vertex 20.4645 9.82857 11.2655
      vertex 20.4645 10.0379 15.2601
    endloop
  endfacet
  facet normal -0.24285 -0.968735 0.0507648
    outer loop
      vertex 20.4645 9.82857 11.2655
      vertex 20.3121 10.076 15.2581
      vertex 20.3121 9.86667 11.2635
    endloop
  endfacet
  facet normal -0.049114 -0.997425 0.0522671
    outer loop
      vertex 20 10.1067 15.2564
      vertex 20.1568 9.88968 11.2623
      vertex 20.1568 10.099 15.2568
    endloop
  endfacet
  facet normal -0.0490506 -0.997428 0.0522698
    outer loop
      vertex 20.1568 9.88968 11.2623
      vertex 20 10.1067 15.2564
      vertex 20 9.89737 11.2619
    endloop
  endfacet
  facet normal -0.427647 -0.902707 0.0473105
    outer loop
      vertex 20.6123 9.98509 15.2628
      vertex 20.7542 9.7087 11.2718
      vertex 20.7542 9.91805 15.2663
    endloop
  endfacet
  facet normal -0.427699 -0.902683 0.0473069
    outer loop
      vertex 20.7542 9.7087 11.2718
      vertex 20.6123 9.98509 15.2628
      vertex 20.6123 9.77575 11.2683
    endloop
  endfacet
  facet normal -0.595766 -0.802057 0.0420324
    outer loop
      vertex 20.8889 9.83744 15.2706
      vertex 21.015 9.53469 11.2809
      vertex 21.015 9.74403 15.2755
    endloop
  endfacet
  facet normal -0.595725 -0.802088 0.042036
    outer loop
      vertex 21.015 9.53469 11.2809
      vertex 20.8889 9.83744 15.2706
      vertex 20.8889 9.62809 11.276
    endloop
  endfacet
  facet normal 0.989213 -0.146286 0.00766644
    outer loop
      vertex 18.4077 8.66552 15.332
      vertex 18.4307 8.61128 11.3293
      vertex 18.4307 8.82062 15.3238
    endloop
  endfacet
  facet normal 0.989213 -0.146286 0.00766644
    outer loop
      vertex 18.4307 8.61128 11.3293
      vertex 18.4077 8.66552 15.332
      vertex 18.4077 8.45618 11.3375
    endloop
  endfacet
  facet normal 3.3952e-05 0.0522861 0.998632
    outer loop
      vertex 21.5923 8.45618 11.3375
      vertex 21.5923 8.14295 11.3539
      vertex 21.6 8.29956 11.3457
    endloop
  endfacet
  facet normal -0.00344404 0.0522858 0.998626
    outer loop
      vertex 21.5693 8.61128 11.3293
      vertex 21.5923 8.14295 11.3539
      vertex 21.5923 8.45618 11.3375
    endloop
  endfacet
  facet normal -0.00153128 0.0523797 0.998626
    outer loop
      vertex 21.5693 8.61128 11.3293
      vertex 21.5693 7.98785 11.362
      vertex 21.5923 8.14295 11.3539
    endloop
  endfacet
  facet normal 0.00203679 0.0523796 0.998625
    outer loop
      vertex 21.5311 8.76338 11.3214
      vertex 21.5693 7.98785 11.362
      vertex 21.5693 8.61128 11.3293
    endloop
  endfacet
  facet normal 0.000816704 0.0523198 0.99863
    outer loop
      vertex 21.5311 8.76338 11.3214
      vertex 21.5311 7.83575 11.37
      vertex 21.5693 7.98785 11.362
    endloop
  endfacet
  facet normal -0.0012253 0.0523198 0.99863
    outer loop
      vertex 21.4782 8.91102 11.3136
      vertex 21.5311 7.83575 11.37
      vertex 21.5311 8.76338 11.3214
    endloop
  endfacet
  facet normal -0.000730417 0.0523441 0.998629
    outer loop
      vertex 21.4782 8.91102 11.3136
      vertex 21.4782 7.68811 11.3777
      vertex 21.5311 7.83575 11.37
    endloop
  endfacet
  facet normal 0.000438117 0.0523441 0.998629
    outer loop
      vertex 21.4111 9.05276 11.3062
      vertex 21.4782 7.68811 11.3777
      vertex 21.4782 8.91102 11.3136
    endloop
  endfacet
  facet normal -0.000362732 0.0523048 0.998631
    outer loop
      vertex 21.4111 9.05276 11.3062
      vertex 21.4111 7.54636 11.3851
      vertex 21.4782 7.68811 11.3777
    endloop
  endfacet
  facet normal -0.000685023 0.0523048 0.998631
    outer loop
      vertex 21.3304 9.18726 11.2991
      vertex 21.4111 7.54636 11.3851
      vertex 21.4111 9.05276 11.3062
    endloop
  endfacet
  facet normal 0.000587227 0.0523672 0.998628
    outer loop
      vertex 21.3304 9.18726 11.2991
      vertex 21.3304 7.41187 11.3922
      vertex 21.4111 7.54636 11.3851
    endloop
  endfacet
  facet normal 4.47102e-05 0.0523672 0.998628
    outer loop
      vertex 21.2368 9.3132 11.2925
      vertex 21.3304 7.41187 11.3922
      vertex 21.3304 9.18726 11.2991
    endloop
  endfacet
  facet normal -3.91552e-05 0.0523631 0.998628
    outer loop
      vertex 21.2368 9.3132 11.2925
      vertex 21.2368 7.28593 11.3988
      vertex 21.3304 7.41187 11.3922
    endloop
  endfacet
  facet normal 0.000870757 0.0523631 0.998628
    outer loop
      vertex 21.1314 9.42938 11.2865
      vertex 21.2368 7.28593 11.3988
      vertex 21.2368 9.3132 11.2925
    endloop
  endfacet
  facet normal 0.000112825 0.0523259 0.99863
    outer loop
      vertex 21.1314 9.42938 11.2865
      vertex 21.1314 7.16974 11.4049
      vertex 21.2368 7.28593 11.3988
    endloop
  endfacet
  facet normal -0.000703462 0.0523259 0.99863
    outer loop
      vertex 21.015 9.53469 11.2809
      vertex 21.1314 7.16974 11.4049
      vertex 21.1314 9.42938 11.2865
    endloop
  endfacet
  facet normal -0.000173565 0.052352 0.998629
    outer loop
      vertex 21.015 9.53469 11.2809
      vertex 21.015 7.06444 11.4104
      vertex 21.1314 7.16974 11.4049
    endloop
  endfacet
  facet normal -2.86125e-05 0.052352 0.998629
    outer loop
      vertex 20.8889 9.62809 11.276
      vertex 21.015 7.06444 11.4104
      vertex 21.015 9.53469 11.2809
    endloop
  endfacet
  facet normal 2.6601e-05 0.0523547 0.998629
    outer loop
      vertex 20.8889 9.62809 11.276
      vertex 20.8889 6.97104 11.4153
      vertex 21.015 7.06444 11.4104
    endloop
  endfacet
  facet normal 0.000193537 0.0523547 0.998629
    outer loop
      vertex 20.7542 9.7087 11.2718
      vertex 20.8889 6.97104 11.4153
      vertex 20.8889 9.62809 11.276
    endloop
  endfacet
  facet normal -0.00018624 0.052336 0.99863
    outer loop
      vertex 20.7542 9.7087 11.2718
      vertex 20.7542 6.89042 11.4195
      vertex 20.8889 6.97104 11.4153
    endloop
  endfacet
  facet normal 9.8149e-05 0.052336 0.99863
    outer loop
      vertex 20.6123 9.77575 11.2683
      vertex 20.7542 6.89042 11.4195
      vertex 20.7542 9.7087 11.2718
    endloop
  endfacet
  facet normal -9.00871e-05 0.0523268 0.99863
    outer loop
      vertex 20.6123 9.77575 11.2683
      vertex 20.6123 6.82338 11.423
      vertex 20.7542 6.89042 11.4195
    endloop
  endfacet
  facet normal -0.000218286 0.0523268 0.99863
    outer loop
      vertex 20.4645 9.82857 11.2655
      vertex 20.6123 6.82338 11.423
      vertex 20.6123 9.77575 11.2683
    endloop
  endfacet
  facet normal 0.000210745 0.0523478 0.998629
    outer loop
      vertex 20.4645 9.82857 11.2655
      vertex 20.4645 6.77056 11.4258
      vertex 20.6123 6.82338 11.423
    endloop
  endfacet
  facet normal -1.84066e-05 0.0523478 0.998629
    outer loop
      vertex 20.3121 9.86667 11.2635
      vertex 20.4645 6.77056 11.4258
      vertex 20.4645 9.82857 11.2655
    endloop
  endfacet
  facet normal 1.79591e-05 0.0523496 0.998629
    outer loop
      vertex 20.3121 9.86667 11.2635
      vertex 20.3121 6.73246 11.4278
      vertex 20.4645 6.77056 11.4258
    endloop
  endfacet
  facet normal 3.99888e-05 0.0523496 0.998629
    outer loop
      vertex 20.1568 9.88968 11.2623
      vertex 20.3121 6.73246 11.4278
      vertex 20.3121 9.86667 11.2635
    endloop
  endfacet
  facet normal -3.94102e-05 0.0523457 0.998629
    outer loop
      vertex 20.1568 9.88968 11.2623
      vertex 20.1568 6.70945 11.429
      vertex 20.3121 6.73246 11.4278
    endloop
  endfacet
  facet normal 1.96878e-05 0.0523457 0.998629
    outer loop
      vertex 20 9.89737 11.2619
      vertex 20.1568 6.70945 11.429
      vertex 20.1568 9.88968 11.2623
    endloop
  endfacet
  facet normal -1.95931e-05 0.0523438 0.998629
    outer loop
      vertex 20 9.89737 11.2619
      vertex 20 6.70176 11.4294
      vertex 20.1568 6.70945 11.429
    endloop
  endfacet
  facet normal -1.95931e-05 0.0523438 0.998629
    outer loop
      vertex 19.8432 9.88968 11.2623
      vertex 20 6.70176 11.4294
      vertex 20 9.89737 11.2619
    endloop
  endfacet
  facet normal 1.96878e-05 0.0523457 0.998629
    outer loop
      vertex 19.8432 9.88968 11.2623
      vertex 19.8432 6.70945 11.429
      vertex 20 6.70176 11.4294
    endloop
  endfacet
  facet normal -3.94102e-05 0.0523457 0.998629
    outer loop
      vertex 19.6879 9.86667 11.2635
      vertex 19.8432 6.70945 11.429
      vertex 19.8432 9.88968 11.2623
    endloop
  endfacet
  facet normal 3.99888e-05 0.0523496 0.998629
    outer loop
      vertex 19.6879 9.86667 11.2635
      vertex 19.6879 6.73246 11.4278
      vertex 19.8432 6.70945 11.429
    endloop
  endfacet
  facet normal 1.79591e-05 0.0523496 0.998629
    outer loop
      vertex 19.5355 9.82857 11.2655
      vertex 19.6879 6.73246 11.4278
      vertex 19.6879 9.86667 11.2635
    endloop
  endfacet
  facet normal -1.84066e-05 0.0523478 0.998629
    outer loop
      vertex 19.5355 9.82857 11.2655
      vertex 19.5355 6.77056 11.4258
      vertex 19.6879 6.73246 11.4278
    endloop
  endfacet
  facet normal 0.000210745 0.0523478 0.998629
    outer loop
      vertex 19.3877 9.77575 11.2683
      vertex 19.5355 6.77056 11.4258
      vertex 19.5355 9.82857 11.2655
    endloop
  endfacet
  facet normal -0.000218286 0.0523268 0.99863
    outer loop
      vertex 19.3877 9.77575 11.2683
      vertex 19.3877 6.82338 11.423
      vertex 19.5355 6.77056 11.4258
    endloop
  endfacet
  facet normal -9.37747e-05 0.0523268 0.99863
    outer loop
      vertex 19.2458 9.7087 11.2718
      vertex 19.3877 6.82338 11.423
      vertex 19.3877 9.77575 11.2683
    endloop
  endfacet
  facet normal 9.44607e-05 0.052336 0.99863
    outer loop
      vertex 19.2458 9.7087 11.2718
      vertex 19.2458 6.89042 11.4195
      vertex 19.3877 6.82338 11.423
    endloop
  endfacet
  facet normal -0.000182355 0.052336 0.99863
    outer loop
      vertex 19.1111 9.62809 11.276
      vertex 19.2458 6.89042 11.4195
      vertex 19.2458 9.7087 11.2718
    endloop
  endfacet
  facet normal 0.000197424 0.0523547 0.998629
    outer loop
      vertex 19.1111 9.62809 11.276
      vertex 19.1111 6.97104 11.4153
      vertex 19.2458 6.89042 11.4195
    endloop
  endfacet
  facet normal 2.6601e-05 0.0523547 0.998629
    outer loop
      vertex 18.985 9.53469 11.2809
      vertex 19.1111 6.97104 11.4153
      vertex 19.1111 9.62809 11.276
    endloop
  endfacet
  facet normal -2.86125e-05 0.052352 0.998629
    outer loop
      vertex 18.985 9.53469 11.2809
      vertex 18.985 7.06444 11.4104
      vertex 19.1111 6.97104 11.4153
    endloop
  endfacet
  facet normal 0.000679865 0.0523519 0.998628
    outer loop
      vertex 18.8686 9.42938 11.2865
      vertex 18.985 7.06444 11.4104
      vertex 18.985 9.53469 11.2809
    endloop
  endfacet
  facet normal 0.000149972 0.0523259 0.99863
    outer loop
      vertex 18.8686 9.42938 11.2865
      vertex 18.8686 7.16974 11.4049
      vertex 18.985 7.06444 11.4104
    endloop
  endfacet
  facet normal -0.000829677 0.0523259 0.99863
    outer loop
      vertex 18.7632 9.3132 11.2925
      vertex 18.8686 7.16974 11.4049
      vertex 18.8686 9.42938 11.2865
    endloop
  endfacet
  facet normal -7.17398e-05 0.0523631 0.998628
    outer loop
      vertex 18.7632 9.3132 11.2925
      vertex 18.7632 7.28593 11.3988
      vertex 18.8686 7.16974 11.4049
    endloop
  endfacet
  facet normal -3.91552e-05 0.0523631 0.998628
    outer loop
      vertex 18.6696 9.18726 11.2991
      vertex 18.7632 7.28593 11.3988
      vertex 18.7632 9.3132 11.2925
    endloop
  endfacet
  facet normal 4.47102e-05 0.0523672 0.998628
    outer loop
      vertex 18.6696 9.18726 11.2991
      vertex 18.6696 7.41187 11.3922
      vertex 18.7632 7.28593 11.3988
    endloop
  endfacet
  facet normal 0.000580738 0.0523672 0.998628
    outer loop
      vertex 18.5889 9.05276 11.3062
      vertex 18.6696 7.41187 11.3922
      vertex 18.6696 9.18726 11.2991
    endloop
  endfacet
  facet normal -0.000691504 0.0523048 0.998631
    outer loop
      vertex 18.5889 9.05276 11.3062
      vertex 18.5889 7.54636 11.3851
      vertex 18.6696 7.41187 11.3922
    endloop
  endfacet
  facet normal -0.000354937 0.0523048 0.998631
    outer loop
      vertex 18.5218 8.91102 11.3136
      vertex 18.5889 7.54636 11.3851
      vertex 18.5889 9.05276 11.3062
    endloop
  endfacet
  facet normal 0.000445917 0.0523441 0.998629
    outer loop
      vertex 18.5218 8.91102 11.3136
      vertex 18.5218 7.68811 11.3777
      vertex 18.5889 7.54636 11.3851
    endloop
  endfacet
  facet normal 0.00115735 0.0523441 0.998628
    outer loop
      vertex 18.4689 8.76338 11.3214
      vertex 18.5218 7.68811 11.3777
      vertex 18.5218 8.91102 11.3136
    endloop
  endfacet
  facet normal 0.000662469 0.0523198 0.99863
    outer loop
      vertex 18.4689 8.76338 11.3214
      vertex 18.4689 7.83575 11.37
      vertex 18.5218 7.68811 11.3777
    endloop
  endfacet
  facet normal -0.00179751 0.0523197 0.998629
    outer loop
      vertex 18.4307 8.61128 11.3293
      vertex 18.4689 7.83575 11.37
      vertex 18.4689 8.76338 11.3214
    endloop
  endfacet
  facet normal -0.000577413 0.0523797 0.998627
    outer loop
      vertex 18.4307 8.61128 11.3293
      vertex 18.4307 7.98785 11.362
      vertex 18.4689 7.83575 11.37
    endloop
  endfacet
  facet normal 0.00281057 0.0523795 0.998623
    outer loop
      vertex 18.4077 8.45618 11.3375
      vertex 18.4307 7.98785 11.362
      vertex 18.4307 8.61128 11.3293
    endloop
  endfacet
  facet normal 0.000897818 0.0522861 0.998632
    outer loop
      vertex 18.4077 8.45618 11.3375
      vertex 18.4077 8.14295 11.3539
      vertex 18.4307 7.98785 11.362
    endloop
  endfacet
  facet normal -3.3952e-05 0.0522861 0.998632
    outer loop
      vertex 18.4077 8.14295 11.3539
      vertex 18.4077 8.45618 11.3375
      vertex 18.4 8.29956 11.3457
    endloop
  endfacet
  facet normal 0.857783 -0.513308 0.0269003
    outer loop
      vertex 18.5889 9.26211 15.3007
      vertex 18.6696 9.18726 11.2991
      vertex 18.6696 9.3966 15.2937
    endloop
  endfacet
  facet normal 0.857808 -0.513265 0.0269
    outer loop
      vertex 18.6696 9.18726 11.2991
      vertex 18.5889 9.26211 15.3007
      vertex 18.5889 9.05276 11.3062
    endloop
  endfacet
  facet normal 0.803022 -0.595133 0.0311899
    outer loop
      vertex 18.6696 9.3966 15.2937
      vertex 18.7632 9.3132 11.2925
      vertex 18.7632 9.52255 15.2871
    endloop
  endfacet
  facet normal 0.802999 -0.595163 0.03119
    outer loop
      vertex 18.7632 9.3132 11.2925
      vertex 18.6696 9.3966 15.2937
      vertex 18.6696 9.18726 11.2991
    endloop
  endfacet
  facet normal 0.904073 -0.426792 0.022368
    outer loop
      vertex 18.5218 9.12036 15.3081
      vertex 18.5889 9.05276 11.3062
      vertex 18.5889 9.26211 15.3007
    endloop
  endfacet
  facet normal 0.904061 -0.426817 0.0223682
    outer loop
      vertex 18.5889 9.05276 11.3062
      vertex 18.5218 9.12036 15.3081
      vertex 18.5218 8.91102 11.3136
    endloop
  endfacet
  facet normal 0.969961 -0.242929 0.0127318
    outer loop
      vertex 18.4307 8.82062 15.3238
      vertex 18.4689 8.76338 11.3214
      vertex 18.4689 8.97273 15.3159
    endloop
  endfacet
  facet normal 0.969957 -0.242944 0.012732
    outer loop
      vertex 18.4689 8.76338 11.3214
      vertex 18.4307 8.82062 15.3238
      vertex 18.4307 8.61128 11.3293
    endloop
  endfacet
  facet normal 0.998797 -0.0489732 0.00256654
    outer loop
      vertex 18.4 8.50891 15.3402
      vertex 18.4077 8.45618 11.3375
      vertex 18.4077 8.66552 15.332
    endloop
  endfacet
  facet normal 0.998797 -0.0489701 0.0025665
    outer loop
      vertex 18.4077 8.45618 11.3375
      vertex 18.4 8.50891 15.3402
      vertex 18.4 8.29956 11.3457
    endloop
  endfacet
  facet normal 0.595766 -0.802057 0.0420324
    outer loop
      vertex 18.985 9.53469 11.2809
      vertex 19.1111 9.83744 15.2706
      vertex 18.985 9.74403 15.2755
    endloop
  endfacet
  facet normal 0.595725 -0.802088 0.042036
    outer loop
      vertex 19.1111 9.83744 15.2706
      vertex 18.985 9.53469 11.2809
      vertex 19.1111 9.62809 11.276
    endloop
  endfacet
  facet normal 0.514049 -0.856585 0.0448921
    outer loop
      vertex 19.1111 9.62809 11.276
      vertex 19.2458 9.91805 15.2663
      vertex 19.1111 9.83744 15.2706
    endloop
  endfacet
  facet normal 0.514024 -0.8566 0.044894
    outer loop
      vertex 19.2458 9.91805 15.2663
      vertex 19.1111 9.62809 11.276
      vertex 19.2458 9.7087 11.2718
    endloop
  endfacet
  facet normal 0.671366 -0.74011 0.0387889
    outer loop
      vertex 18.8686 9.42938 11.2865
      vertex 18.985 9.74403 15.2755
      vertex 18.8686 9.63873 15.281
    endloop
  endfacet
  facet normal 0.671419 -0.740062 0.0387835
    outer loop
      vertex 18.985 9.74403 15.2755
      vertex 18.8686 9.42938 11.2865
      vertex 18.985 9.53469 11.2809
    endloop
  endfacet
  facet normal 0.336863 -0.940263 0.0492764
    outer loop
      vertex 19.3877 9.77575 11.2683
      vertex 19.5355 10.0379 15.2601
      vertex 19.3877 9.98509 15.2628
    endloop
  endfacet
  facet normal 0.336949 -0.940233 0.0492712
    outer loop
      vertex 19.5355 10.0379 15.2601
      vertex 19.3877 9.77575 11.2683
      vertex 19.5355 9.82857 11.2655
    endloop
  endfacet
  facet normal 0.14673 -0.987821 0.051765
    outer loop
      vertex 19.6879 9.86667 11.2635
      vertex 19.8432 10.099 15.2568
      vertex 19.6879 10.076 15.2581
    endloop
  endfacet
  facet normal 0.14676 -0.987817 0.0517636
    outer loop
      vertex 19.8432 10.099 15.2568
      vertex 19.6879 9.86667 11.2635
      vertex 19.8432 9.88968 11.2623
    endloop
  endfacet
  facet normal -0.998797 0.0489701 -0.0025665
    outer loop
      vertex 21.6 8.29956 11.3457
      vertex 21.5923 8.35229 15.3484
      vertex 21.6 8.50891 15.3402
    endloop
  endfacet
  facet normal -0.998797 0.0489732 -0.00256654
    outer loop
      vertex 21.5923 8.35229 15.3484
      vertex 21.6 8.29956 11.3457
      vertex 21.5923 8.14295 11.3539
    endloop
  endfacet
  facet normal -0.514024 0.8566 -0.044894
    outer loop
      vertex 20.8889 7.18038 15.4098
      vertex 20.7542 6.89042 11.4195
      vertex 20.7542 7.09977 15.414
    endloop
  endfacet
  facet normal -0.514071 0.856572 -0.0448904
    outer loop
      vertex 20.7542 6.89042 11.4195
      vertex 20.8889 7.18038 15.4098
      vertex 20.8889 6.97104 11.4153
    endloop
  endfacet
  facet normal -0.802999 0.595163 -0.0311908
    outer loop
      vertex 21.3304 7.41187 11.3922
      vertex 21.2368 7.49527 15.3933
      vertex 21.3304 7.62121 15.3867
    endloop
  endfacet
  facet normal -0.802999 0.595163 -0.0311908
    outer loop
      vertex 21.2368 7.49527 15.3933
      vertex 21.3304 7.41187 11.3922
      vertex 21.2368 7.28593 11.3988
    endloop
  endfacet
  facet normal 0.8578 0.51328 -0.0269001
    outer loop
      vertex 18.6696 7.62121 15.3867
      vertex 18.5889 7.54636 11.3851
      vertex 18.5889 7.75571 15.3797
    endloop
  endfacet
  facet normal 0.857792 0.513293 -0.0269002
    outer loop
      vertex 18.5889 7.54636 11.3851
      vertex 18.6696 7.62121 15.3867
      vertex 18.6696 7.41187 11.3922
    endloop
  endfacet
  facet normal -0.427647 0.902707 -0.0473105
    outer loop
      vertex 20.7542 7.09977 15.414
      vertex 20.6123 6.82338 11.423
      vertex 20.6123 7.03273 15.4175
    endloop
  endfacet
  facet normal -0.427647 0.902707 -0.0473105
    outer loop
      vertex 20.6123 6.82338 11.423
      vertex 20.7542 7.09977 15.414
      vertex 20.7542 6.89042 11.4195
    endloop
  endfacet
  facet normal 0.998797 0.0489701 -0.0025665
    outer loop
      vertex 18.4077 8.35229 15.3484
      vertex 18.4 8.29956 11.3457
      vertex 18.4 8.50891 15.3402
    endloop
  endfacet
  facet normal 0.998797 0.0489732 -0.00256654
    outer loop
      vertex 18.4 8.29956 11.3457
      vertex 18.4077 8.35229 15.3484
      vertex 18.4077 8.14295 11.3539
    endloop
  endfacet
  facet normal -0.94154 0.336438 -0.0176317
    outer loop
      vertex 21.5311 7.83575 11.37
      vertex 21.4782 7.89745 15.3722
      vertex 21.5311 8.04509 15.3645
    endloop
  endfacet
  facet normal -0.94154 0.336438 -0.0176317
    outer loop
      vertex 21.4782 7.89745 15.3722
      vertex 21.5311 7.83575 11.37
      vertex 21.4782 7.68811 11.3777
    endloop
  endfacet
  facet normal -0.989212 0.146291 -0.00766669
    outer loop
      vertex 21.5923 8.14295 11.3539
      vertex 21.5693 8.19719 15.3565
      vertex 21.5923 8.35229 15.3484
    endloop
  endfacet
  facet normal -0.989212 0.146291 -0.00766669
    outer loop
      vertex 21.5693 8.19719 15.3565
      vertex 21.5923 8.14295 11.3539
      vertex 21.5693 7.98785 11.362
    endloop
  endfacet
  facet normal -0.969959 0.242936 -0.0127316
    outer loop
      vertex 21.5693 7.98785 11.362
      vertex 21.5311 8.04509 15.3645
      vertex 21.5693 8.19719 15.3565
    endloop
  endfacet
  facet normal -0.969959 0.242936 -0.0127316
    outer loop
      vertex 21.5311 8.04509 15.3645
      vertex 21.5693 7.98785 11.362
      vertex 21.5311 7.83575 11.37
    endloop
  endfacet
  facet normal -0.904068 0.426804 -0.0223675
    outer loop
      vertex 21.4782 7.68811 11.3777
      vertex 21.4111 7.75571 15.3797
      vertex 21.4782 7.89745 15.3722
    endloop
  endfacet
  facet normal -0.904073 0.426792 -0.0223674
    outer loop
      vertex 21.4111 7.75571 15.3797
      vertex 21.4782 7.68811 11.3777
      vertex 21.4111 7.54636 11.3851
    endloop
  endfacet
  facet normal 0.741092 0.670483 -0.0351381
    outer loop
      vertex 18.8686 7.37909 15.3994
      vertex 18.7632 7.28593 11.3988
      vertex 18.7632 7.49527 15.3933
    endloop
  endfacet
  facet normal 0.741121 0.670452 -0.0351381
    outer loop
      vertex 18.7632 7.28593 11.3988
      vertex 18.8686 7.37909 15.3994
      vertex 18.8686 7.16974 11.4049
    endloop
  endfacet
  facet normal 0.94154 0.336438 -0.0176317
    outer loop
      vertex 18.5218 7.89745 15.3722
      vertex 18.4689 7.83575 11.37
      vertex 18.4689 8.04509 15.3645
    endloop
  endfacet
  facet normal 0.94154 0.336438 -0.0176317
    outer loop
      vertex 18.4689 7.83575 11.37
      vertex 18.5218 7.89745 15.3722
      vertex 18.5218 7.68811 11.3777
    endloop
  endfacet
  facet normal 0.989212 0.146291 -0.00766669
    outer loop
      vertex 18.4307 8.19719 15.3565
      vertex 18.4077 8.14295 11.3539
      vertex 18.4077 8.35229 15.3484
    endloop
  endfacet
  facet normal 0.989212 0.146291 -0.00766669
    outer loop
      vertex 18.4077 8.14295 11.3539
      vertex 18.4307 8.19719 15.3565
      vertex 18.4307 7.98785 11.362
    endloop
  endfacet
  facet normal 0.969959 0.242936 -0.0127316
    outer loop
      vertex 18.4689 8.04509 15.3645
      vertex 18.4307 7.98785 11.362
      vertex 18.4307 8.19719 15.3565
    endloop
  endfacet
  facet normal 0.969959 0.242936 -0.0127316
    outer loop
      vertex 18.4307 7.98785 11.362
      vertex 18.4689 8.04509 15.3645
      vertex 18.4689 7.83575 11.37
    endloop
  endfacet
  facet normal -0.337005 0.940212 -0.0492738
    outer loop
      vertex 20.6123 7.03273 15.4175
      vertex 20.4645 6.77056 11.4258
      vertex 20.4645 6.9799 15.4203
    endloop
  endfacet
  facet normal -0.336949 0.940233 -0.0492772
    outer loop
      vertex 20.4645 6.77056 11.4258
      vertex 20.6123 7.03273 15.4175
      vertex 20.6123 6.82338 11.423
    endloop
  endfacet
  facet normal -0.24285 0.968734 -0.0507685
    outer loop
      vertex 20.4645 6.9799 15.4203
      vertex 20.3121 6.73246 11.4278
      vertex 20.3121 6.9418 15.4223
    endloop
  endfacet
  facet normal -0.24285 0.968734 -0.0507685
    outer loop
      vertex 20.3121 6.73246 11.4278
      vertex 20.4645 6.9799 15.4203
      vertex 20.4645 6.77056 11.4258
    endloop
  endfacet
  facet normal -0.671366 0.74011 -0.0387889
    outer loop
      vertex 21.1314 7.37909 15.3994
      vertex 21.015 7.06444 11.4104
      vertex 21.015 7.27379 15.4049
    endloop
  endfacet
  facet normal -0.671366 0.74011 -0.0387889
    outer loop
      vertex 21.015 7.06444 11.4104
      vertex 21.1314 7.37909 15.3994
      vertex 21.1314 7.16974 11.4049
    endloop
  endfacet
  facet normal -0.595766 0.802057 -0.0420335
    outer loop
      vertex 21.015 7.27379 15.4049
      vertex 20.8889 6.97104 11.4153
      vertex 20.8889 7.18038 15.4098
    endloop
  endfacet
  facet normal -0.595725 0.802087 -0.0420371
    outer loop
      vertex 20.8889 6.97104 11.4153
      vertex 21.015 7.27379 15.4049
      vertex 21.015 7.06444 11.4104
    endloop
  endfacet
  facet normal -0.8578 0.51328 -0.0269001
    outer loop
      vertex 21.4111 7.54636 11.3851
      vertex 21.3304 7.62121 15.3867
      vertex 21.4111 7.75571 15.3797
    endloop
  endfacet
  facet normal -0.857792 0.513293 -0.0269002
    outer loop
      vertex 21.3304 7.62121 15.3867
      vertex 21.4111 7.54636 11.3851
      vertex 21.3304 7.41187 11.3922
    endloop
  endfacet
  facet normal -0.0490506 0.997428 -0.0522722
    outer loop
      vertex 20.1568 6.91879 15.4235
      vertex 20 6.70176 11.4294
      vertex 20 6.9111 15.4239
    endloop
  endfacet
  facet normal -0.0490506 0.997428 -0.0522722
    outer loop
      vertex 20 6.70176 11.4294
      vertex 20.1568 6.91879 15.4235
      vertex 20.1568 6.70945 11.429
    endloop
  endfacet
  facet normal 0.24285 0.968734 -0.0507685
    outer loop
      vertex 19.6879 6.73246 11.4278
      vertex 19.5355 6.9799 15.4203
      vertex 19.6879 6.9418 15.4223
    endloop
  endfacet
  facet normal 0.24285 0.968734 -0.0507685
    outer loop
      vertex 19.5355 6.9799 15.4203
      vertex 19.6879 6.73246 11.4278
      vertex 19.5355 6.77056 11.4258
    endloop
  endfacet
  facet normal 0.14676 0.987817 -0.0517686
    outer loop
      vertex 19.8432 6.70945 11.429
      vertex 19.6879 6.9418 15.4223
      vertex 19.8432 6.91879 15.4235
    endloop
  endfacet
  facet normal 0.14676 0.987817 -0.0517686
    outer loop
      vertex 19.6879 6.9418 15.4223
      vertex 19.8432 6.70945 11.429
      vertex 19.6879 6.73246 11.4278
    endloop
  endfacet
  facet normal 0.427647 0.902707 -0.0473105
    outer loop
      vertex 19.3877 6.82338 11.423
      vertex 19.2458 7.09977 15.414
      vertex 19.3877 7.03273 15.4175
    endloop
  endfacet
  facet normal 0.427647 0.902707 -0.0473105
    outer loop
      vertex 19.2458 7.09977 15.414
      vertex 19.3877 6.82338 11.423
      vertex 19.2458 6.89042 11.4195
    endloop
  endfacet
  facet normal 0.595766 0.802057 -0.0420335
    outer loop
      vertex 19.1111 6.97104 11.4153
      vertex 18.985 7.27379 15.4049
      vertex 19.1111 7.18038 15.4098
    endloop
  endfacet
  facet normal 0.595725 0.802087 -0.0420371
    outer loop
      vertex 18.985 7.27379 15.4049
      vertex 19.1111 6.97104 11.4153
      vertex 18.985 7.06444 11.4104
    endloop
  endfacet
  facet normal 0.802999 0.595163 -0.0311908
    outer loop
      vertex 18.7632 7.49527 15.3933
      vertex 18.6696 7.41187 11.3922
      vertex 18.6696 7.62121 15.3867
    endloop
  endfacet
  facet normal 0.802999 0.595163 -0.0311908
    outer loop
      vertex 18.6696 7.41187 11.3922
      vertex 18.7632 7.49527 15.3933
      vertex 18.7632 7.28593 11.3988
    endloop
  endfacet
  facet normal 0.671366 0.74011 -0.0387889
    outer loop
      vertex 18.985 7.06444 11.4104
      vertex 18.8686 7.37909 15.3994
      vertex 18.985 7.27379 15.4049
    endloop
  endfacet
  facet normal 0.671366 0.74011 -0.0387889
    outer loop
      vertex 18.8686 7.37909 15.3994
      vertex 18.985 7.06444 11.4104
      vertex 18.8686 7.16974 11.4049
    endloop
  endfacet
  facet normal 0.904068 0.426804 -0.0223675
    outer loop
      vertex 18.5889 7.75571 15.3797
      vertex 18.5218 7.68811 11.3777
      vertex 18.5218 7.89745 15.3722
    endloop
  endfacet
  facet normal 0.904073 0.426792 -0.0223674
    outer loop
      vertex 18.5218 7.68811 11.3777
      vertex 18.5889 7.75571 15.3797
      vertex 18.5889 7.54636 11.3851
    endloop
  endfacet
  facet normal -0.741092 0.670483 -0.0351381
    outer loop
      vertex 21.2368 7.28593 11.3988
      vertex 21.1314 7.37909 15.3994
      vertex 21.2368 7.49527 15.3933
    endloop
  endfacet
  facet normal -0.741121 0.670452 -0.0351381
    outer loop
      vertex 21.1314 7.37909 15.3994
      vertex 21.2368 7.28593 11.3988
      vertex 21.1314 7.16974 11.4049
    endloop
  endfacet
  facet normal 0.514024 0.8566 -0.044894
    outer loop
      vertex 19.2458 6.89042 11.4195
      vertex 19.1111 7.18038 15.4098
      vertex 19.2458 7.09977 15.414
    endloop
  endfacet
  facet normal 0.514071 0.856572 -0.0448904
    outer loop
      vertex 19.1111 7.18038 15.4098
      vertex 19.2458 6.89042 11.4195
      vertex 19.1111 6.97104 11.4153
    endloop
  endfacet
  facet normal 0.337005 0.940212 -0.0492738
    outer loop
      vertex 19.5355 6.77056 11.4258
      vertex 19.3877 7.03273 15.4175
      vertex 19.5355 6.9799 15.4203
    endloop
  endfacet
  facet normal 0.336949 0.940233 -0.0492772
    outer loop
      vertex 19.3877 7.03273 15.4175
      vertex 19.5355 6.77056 11.4258
      vertex 19.3877 6.82338 11.423
    endloop
  endfacet
  facet normal 1 -0 0
    outer loop
      vertex 4 -6 8.2
      vertex 4 -1.01 3.8
      vertex 4 -1.01 8.2
    endloop
  endfacet
  facet normal 1 0 0
    outer loop
      vertex 4 -1.01 3.8
      vertex 4 -6 8.2
      vertex 4 -6 3.8
    endloop
  endfacet
  facet normal 0 0 -1
    outer loop
      vertex 4 -6 8.2
      vertex 15 -1.01 8.2
      vertex 15 -6 8.2
    endloop
  endfacet
  facet normal -0 0 -1
    outer loop
      vertex 15 -1.01 8.2
      vertex 4 -6 8.2
      vertex 4 -1.01 8.2
    endloop
  endfacet
  facet normal -1 0 0
    outer loop
      vertex 15 -6 3.8
      vertex 15 -1.01 8.2
      vertex 15 -1.01 3.8
    endloop
  endfacet
  facet normal -1 -0 0
    outer loop
      vertex 15 -1.01 8.2
      vertex 15 -6 3.8
      vertex 15 -6 8.2
    endloop
  endfacet
  facet normal -0 0 1
    outer loop
      vertex 4 -1.01 3.8
      vertex 15 -6 3.8
      vertex 15 -1.01 3.8
    endloop
  endfacet
  facet normal 0 0 1
    outer loop
      vertex 15 -6 3.8
      vertex 4 -1.01 3.8
      vertex 4 -6 3.8
    endloop
  endfacet
  facet normal 0 -1 0
    outer loop
      vertex 4 -1.01 3.8
      vertex 15 -1.01 8.2
      vertex 4 -1.01 8.2
    endloop
  endfacet
  facet normal 0 -1 -0
    outer loop
      vertex 15 -1.01 8.2
      vertex 4 -1.01 3.8
      vertex 15 -1.01 3.8
    endloop
  endfacet
  facet normal -1 0 0
    outer loop
      vertex 5 -6 5.5
      vertex 5 -1.62 6.5
      vertex 5 -1.62 5.5
    endloop
  endfacet
  facet normal -1 -0 0
    outer loop
      vertex 5 -1.62 6.5
      vertex 5 -6 5.5
      vertex 5 -6 6.5
    endloop
  endfacet
  facet normal -0 0 1
    outer loop
      vertex 5 -1.62 6.5
      vertex 14 -6 6.5
      vertex 14 -1.62 6.5
    endloop
  endfacet
  facet normal 0 0 1
    outer loop
      vertex 14 -6 6.5
      vertex 5 -1.62 6.5
      vertex 5 -6 6.5
    endloop
  endfacet
  facet normal 1 -0 0
    outer loop
      vertex 14 -6 6.5
      vertex 14 -1.62 5.5
      vertex 14 -1.62 6.5
    endloop
  endfacet
  facet normal 1 0 0
    outer loop
      vertex 14 -1.62 5.5
      vertex 14 -6 6.5
      vertex 14 -6 5.5
    endloop
  endfacet
  facet normal 0 1 -0
    outer loop
      vertex 14 -1.62 5.5
      vertex 5 -1.62 6.5
      vertex 14 -1.62 6.5
    endloop
  endfacet
  facet normal 0 1 0
    outer loop
      vertex 5 -1.62 6.5
      vertex 14 -1.62 5.5
      vertex 5 -1.62 5.5
    endloop
  endfacet
  facet normal 0 0 -1
    outer loop
      vertex 5 -6 5.5
      vertex 14 -1.62 5.5
      vertex 14 -6 5.5
    endloop
  endfacet
  facet normal -0 0 -1
    outer loop
      vertex 14 -1.62 5.5
      vertex 5 -6 5.5
      vertex 5 -1.62 5.5
    endloop
  endfacet
  facet normal 1 -0 0
    outer loop
      vertex 18 -6 8.2
      vertex 18 -1.01 3.8
      vertex 18 -1.01 8.2
    endloop
  endfacet
  facet normal 1 0 0
    outer loop
      vertex 18 -1.01 3.8
      vertex 18 -6 8.2
      vertex 18 -6 3.8
    endloop
  endfacet
  facet normal 0 0 -1
    outer loop
      vertex 28.6611 -5.82776 8.2
      vertex 29 -1.01 8.2
      vertex 29 -5.70651 8.2
    endloop
  endfacet
  facet normal 0 0 -1
    outer loop
      vertex 28.2803 -5.92313 8.2
      vertex 29 -1.01 8.2
      vertex 28.6611 -5.82776 8.2
    endloop
  endfacet
  facet normal 0 0 -1
    outer loop
      vertex 27.8921 -5.98073 8.2
      vertex 29 -1.01 8.2
      vertex 28.2803 -5.92313 8.2
    endloop
  endfacet
  facet normal 0 0 -1
    outer loop
      vertex 27.5 -6 8.2
      vertex 29 -1.01 8.2
      vertex 27.8921 -5.98073 8.2
    endloop
  endfacet
  facet normal 0 0 -1
    outer loop
      vertex 18 -1.01 8.2
      vertex 27.5 -6 8.2
      vertex 18 -6 8.2
    endloop
  endfacet
  facet normal 0 0 -1
    outer loop
      vertex 27.5 -6 8.2
      vertex 18 -1.01 8.2
      vertex 29 -1.01 8.2
    endloop
  endfacet
  facet normal -1 0 0
    outer loop
      vertex 29 -5.70651 3.8
      vertex 29 -1.01 8.2
      vertex 29 -1.01 3.8
    endloop
  endfacet
  facet normal -1 -0 0
    outer loop
      vertex 29 -1.01 8.2
      vertex 29 -5.70651 3.8
      vertex 29 -5.70651 8.2
    endloop
  endfacet
  facet normal 0 0 1
    outer loop
      vertex 29 -1.01 3.8
      vertex 28.6611 -5.82776 3.8
      vertex 29 -5.70651 3.8
    endloop
  endfacet
  facet normal 0 0 1
    outer loop
      vertex 29 -1.01 3.8
      vertex 28.2803 -5.92313 3.8
      vertex 28.6611 -5.82776 3.8
    endloop
  endfacet
  facet normal 0 0 1
    outer loop
      vertex 29 -1.01 3.8
      vertex 27.8921 -5.98073 3.8
      vertex 28.2803 -5.92313 3.8
    endloop
  endfacet
  facet normal 0 0 1
    outer loop
      vertex 29 -1.01 3.8
      vertex 27.5 -6 3.8
      vertex 27.8921 -5.98073 3.8
    endloop
  endfacet
  facet normal -0 0 1
    outer loop
      vertex 18 -1.01 3.8
      vertex 27.5 -6 3.8
      vertex 29 -1.01 3.8
    endloop
  endfacet
  facet normal 0 0 1
    outer loop
      vertex 27.5 -6 3.8
      vertex 18 -1.01 3.8
      vertex 18 -6 3.8
    endloop
  endfacet
  facet normal 0 -1 0
    outer loop
      vertex 18 -1.01 3.8
      vertex 29 -1.01 8.2
      vertex 18 -1.01 8.2
    endloop
  endfacet
  facet normal 0 -1 -0
    outer loop
      vertex 29 -1.01 8.2
      vertex 18 -1.01 3.8
      vertex 29 -1.01 3.8
    endloop
  endfacet
  facet normal -1 0 0
    outer loop
      vertex 19 -6 5.5
      vertex 19 -1.62 6.5
      vertex 19 -1.62 5.5
    endloop
  endfacet
  facet normal -1 -0 0
    outer loop
      vertex 19 -1.62 6.5
      vertex 19 -6 5.5
      vertex 19 -6 6.5
    endloop
  endfacet
  facet normal 0 0 1
    outer loop
      vertex 28 -1.62 6.5
      vertex 27.8921 -5.98073 6.5
      vertex 28 -5.96472 6.5
    endloop
  endfacet
  facet normal 0 0 1
    outer loop
      vertex 28 -1.62 6.5
      vertex 27.5 -6 6.5
      vertex 27.8921 -5.98073 6.5
    endloop
  endfacet
  facet normal -0 0 1
    outer loop
      vertex 19 -1.62 6.5
      vertex 27.5 -6 6.5
      vertex 28 -1.62 6.5
    endloop
  endfacet
  facet normal 0 0 1
    outer loop
      vertex 27.5 -6 6.5
      vertex 19 -1.62 6.5
      vertex 19 -6 6.5
    endloop
  endfacet
  facet normal 1 -0 0
    outer loop
      vertex 28 -5.96472 6.5
      vertex 28 -1.62 5.5
      vertex 28 -1.62 6.5
    endloop
  endfacet
  facet normal 1 0 0
    outer loop
      vertex 28 -1.62 5.5
      vertex 28 -5.96472 6.5
      vertex 28 -5.96472 5.5
    endloop
  endfacet
  facet normal 0 1 -0
    outer loop
      vertex 28 -1.62 5.5
      vertex 19 -1.62 6.5
      vertex 28 -1.62 6.5
    endloop
  endfacet
  facet normal 0 1 0
    outer loop
      vertex 19 -1.62 6.5
      vertex 28 -1.62 5.5
      vertex 19 -1.62 5.5
    endloop
  endfacet
  facet normal 0 0 -1
    outer loop
      vertex 27.8921 -5.98073 5.5
      vertex 28 -1.62 5.5
      vertex 28 -5.96472 5.5
    endloop
  endfacet
  facet normal 0 0 -1
    outer loop
      vertex 27.5 -6 5.5
      vertex 28 -1.62 5.5
      vertex 27.8921 -5.98073 5.5
    endloop
  endfacet
  facet normal 0 0 -1
    outer loop
      vertex 19 -1.62 5.5
      vertex 27.5 -6 5.5
      vertex 19 -6 5.5
    endloop
  endfacet
  facet normal 0 0 -1
    outer loop
      vertex 27.5 -6 5.5
      vertex 19 -1.62 5.5
      vertex 28 -1.62 5.5
    endloop
  endfacet
  facet normal 1 -0 0
    outer loop
      vertex 26.5 28 9
      vertex 26.5 29.2 3
      vertex 26.5 29.2 9
    endloop
  endfacet
  facet normal 1 0 0
    outer loop
      vertex 26.5 29.2 3
      vertex 26.5 28 9
      vertex 26.5 28 3
    endloop
  endfacet
  facet normal 0 0 -1
    outer loop
      vertex 26.5 28 9
      vertex 31.5 29.2 9
      vertex 31.5 28 9
    endloop
  endfacet
  facet normal -0 0 -1
    outer loop
      vertex 31.5 29.2 9
      vertex 26.5 28 9
      vertex 26.5 29.2 9
    endloop
  endfacet
  facet normal 0 -1 0
    outer loop
      vertex 26.5 29.2 3
      vertex 31.5 29.2 9
      vertex 26.5 29.2 9
    endloop
  endfacet
  facet normal 0 -1 -0
    outer loop
      vertex 31.5 29.2 9
      vertex 26.5 29.2 3
      vertex 31.5 29.2 3
    endloop
  endfacet
  facet normal -0 0 1
    outer loop
      vertex 26.5 29.2 3
      vertex 31.5 28 3
      vertex 31.5 29.2 3
    endloop
  endfacet
  facet normal 0 0 1
    outer loop
      vertex 31.5 28 3
      vertex 26.5 29.2 3
      vertex 26.5 28 3
    endloop
  endfacet
  facet normal 0 1 -0
    outer loop
      vertex 31.5 28 3
      vertex 26.5 28 9
      vertex 31.5 28 9
    endloop
  endfacet
  facet normal 0 1 0
    outer loop
      vertex 26.5 28 9
      vertex 31.5 28 3
      vertex 26.5 28 3
    endloop
  endfacet
  facet normal 1 -0 0
    outer loop
      vertex 26.5 25.6 9
      vertex 26.5 26.8 3
      vertex 26.5 26.8 9
    endloop
  endfacet
  facet normal 1 0 0
    outer loop
      vertex 26.5 26.8 3
      vertex 26.5 25.6 9
      vertex 26.5 25.6 3
    endloop
  endfacet
  facet normal 0 0 -1
    outer loop
      vertex 26.5 25.6 9
      vertex 31.5 26.8 9
      vertex 31.5 25.6 9
    endloop
  endfacet
  facet normal -0 0 -1
    outer loop
      vertex 31.5 26.8 9
      vertex 26.5 25.6 9
      vertex 26.5 26.8 9
    endloop
  endfacet
  facet normal 0 -1 0
    outer loop
      vertex 26.5 26.8 3
      vertex 31.5 26.8 9
      vertex 26.5 26.8 9
    endloop
  endfacet
  facet normal 0 -1 -0
    outer loop
      vertex 31.5 26.8 9
      vertex 26.5 26.8 3
      vertex 31.5 26.8 3
    endloop
  endfacet
  facet normal -0 0 1
    outer loop
      vertex 26.5 26.8 3
      vertex 31.5 25.6 3
      vertex 31.5 26.8 3
    endloop
  endfacet
  facet normal 0 0 1
    outer loop
      vertex 31.5 25.6 3
      vertex 26.5 26.8 3
      vertex 26.5 25.6 3
    endloop
  endfacet
  facet normal 0 1 -0
    outer loop
      vertex 31.5 25.6 3
      vertex 26.5 25.6 9
      vertex 31.5 25.6 9
    endloop
  endfacet
  facet normal 0 1 0
    outer loop
      vertex 26.5 25.6 9
      vertex 31.5 25.6 3
      vertex 26.5 25.6 3
    endloop
  endfacet
  facet normal 1 -0 0
    outer loop
      vertex 26.5 23.2 9
      vertex 26.5 24.4 3
      vertex 26.5 24.4 9
    endloop
  endfacet
  facet normal 1 0 0
    outer loop
      vertex 26.5 24.4 3
      vertex 26.5 23.2 9
      vertex 26.5 23.2 3
    endloop
  endfacet
  facet normal 0 0 -1
    outer loop
      vertex 26.5 23.2 9
      vertex 31.5 24.4 9
      vertex 31.5 23.2 9
    endloop
  endfacet
  facet normal -0 0 -1
    outer loop
      vertex 31.5 24.4 9
      vertex 26.5 23.2 9
      vertex 26.5 24.4 9
    endloop
  endfacet
  facet normal 0 -1 0
    outer loop
      vertex 26.5 24.4 3
      vertex 31.5 24.4 9
      vertex 26.5 24.4 9
    endloop
  endfacet
  facet normal 0 -1 -0
    outer loop
      vertex 31.5 24.4 9
      vertex 26.5 24.4 3
      vertex 31.5 24.4 3
    endloop
  endfacet
  facet normal -0 0 1
    outer loop
      vertex 26.5 24.4 3
      vertex 31.5 23.2 3
      vertex 31.5 24.4 3
    endloop
  endfacet
  facet normal 0 0 1
    outer loop
      vertex 31.5 23.2 3
      vertex 26.5 24.4 3
      vertex 26.5 23.2 3
    endloop
  endfacet
  facet normal 0 1 -0
    outer loop
      vertex 31.5 23.2 3
      vertex 26.5 23.2 9
      vertex 31.5 23.2 9
    endloop
  endfacet
  facet normal 0 1 0
    outer loop
      vertex 26.5 23.2 9
      vertex 31.5 23.2 3
      vertex 26.5 23.2 3
    endloop
  endfacet
  facet normal 1 -0 0
    outer loop
      vertex 26.5 20.8 9
      vertex 26.5 22 3
      vertex 26.5 22 9
    endloop
  endfacet
  facet normal 1 0 0
    outer loop
      vertex 26.5 22 3
      vertex 26.5 20.8 9
      vertex 26.5 20.8 3
    endloop
  endfacet
  facet normal 0 0 -1
    outer loop
      vertex 26.5 20.8 9
      vertex 31.5 22 9
      vertex 31.5 20.8 9
    endloop
  endfacet
  facet normal -0 0 -1
    outer loop
      vertex 31.5 22 9
      vertex 26.5 20.8 9
      vertex 26.5 22 9
    endloop
  endfacet
  facet normal -0 0 1
    outer loop
      vertex 26.5 22 3
      vertex 31.5 20.8 3
      vertex 31.5 22 3
    endloop
  endfacet
  facet normal 0 0 1
    outer loop
      vertex 31.5 20.8 3
      vertex 26.5 22 3
      vertex 26.5 20.8 3
    endloop
  endfacet
  facet normal 0 1 -0
    outer loop
      vertex 31.5 20.8 3
      vertex 26.5 20.8 9
      vertex 31.5 20.8 9
    endloop
  endfacet
  facet normal 0 1 0
    outer loop
      vertex 26.5 20.8 9
      vertex 31.5 20.8 3
      vertex 26.5 20.8 3
    endloop
  endfacet
  facet normal 0 -1 0
    outer loop
      vertex 26.5 22 3
      vertex 31.5 22 9
      vertex 26.5 22 9
    endloop
  endfacet
  facet normal 0 -1 -0
    outer loop
      vertex 31.5 22 9
      vertex 26.5 22 3
      vertex 31.5 22 3
    endloop
  endfacet
  facet normal 1 -0 0
    outer loop
      vertex 26.5 18.4 9
      vertex 26.5 19.6 3
      vertex 26.5 19.6 9
    endloop
  endfacet
  facet normal 1 0 0
    outer loop
      vertex 26.5 19.6 3
      vertex 26.5 18.4 9
      vertex 26.5 18.4 3
    endloop
  endfacet
  facet normal 0 0 -1
    outer loop
      vertex 26.5 18.4 9
      vertex 31.5 19.6 9
      vertex 31.5 18.4 9
    endloop
  endfacet
  facet normal -0 0 -1
    outer loop
      vertex 31.5 19.6 9
      vertex 26.5 18.4 9
      vertex 26.5 19.6 9
    endloop
  endfacet
  facet normal 0 -1 0
    outer loop
      vertex 26.5 19.6 3
      vertex 31.5 19.6 9
      vertex 26.5 19.6 9
    endloop
  endfacet
  facet normal 0 -1 -0
    outer loop
      vertex 31.5 19.6 9
      vertex 26.5 19.6 3
      vertex 31.5 19.6 3
    endloop
  endfacet
  facet normal -0 0 1
    outer loop
      vertex 26.5 19.6 3
      vertex 31.5 18.4 3
      vertex 31.5 19.6 3
    endloop
  endfacet
  facet normal 0 0 1
    outer loop
      vertex 31.5 18.4 3
      vertex 26.5 19.6 3
      vertex 26.5 18.4 3
    endloop
  endfacet
  facet normal 0 1 -0
    outer loop
      vertex 31.5 18.4 3
      vertex 26.5 18.4 9
      vertex 31.5 18.4 9
    endloop
  endfacet
  facet normal 0 1 0
    outer loop
      vertex 26.5 18.4 9
      vertex 31.5 18.4 3
      vertex 26.5 18.4 3
    endloop
  endfacet
  facet normal 1 -0 0
    outer loop
      vertex 26.5 16 9
      vertex 26.5 17.2 3
      vertex 26.5 17.2 9
    endloop
  endfacet
  facet normal 1 0 0
    outer loop
      vertex 26.5 17.2 3
      vertex 26.5 16 9
      vertex 26.5 16 3
    endloop
  endfacet
  facet normal 0 0 -1
    outer loop
      vertex 26.5 16 9
      vertex 31.5 17.2 9
      vertex 31.5 16 9
    endloop
  endfacet
  facet normal -0 0 -1
    outer loop
      vertex 31.5 17.2 9
      vertex 26.5 16 9
      vertex 26.5 17.2 9
    endloop
  endfacet
  facet normal 0 -1 0
    outer loop
      vertex 26.5 17.2 3
      vertex 31.5 17.2 9
      vertex 26.5 17.2 9
    endloop
  endfacet
  facet normal 0 -1 -0
    outer loop
      vertex 31.5 17.2 9
      vertex 26.5 17.2 3
      vertex 31.5 17.2 3
    endloop
  endfacet
  facet normal -0 0 1
    outer loop
      vertex 26.5 17.2 3
      vertex 31.5 16 3
      vertex 31.5 17.2 3
    endloop
  endfacet
  facet normal 0 0 1
    outer loop
      vertex 31.5 16 3
      vertex 26.5 17.2 3
      vertex 26.5 16 3
    endloop
  endfacet
  facet normal 0 1 -0
    outer loop
      vertex 31.5 16 3
      vertex 26.5 16 9
      vertex 31.5 16 9
    endloop
  endfacet
  facet normal 0 1 0
    outer loop
      vertex 26.5 16 9
      vertex 31.5 16 3
      vertex 26.5 16 3
    endloop
  endfacet
  facet normal 1 -0 0
    outer loop
      vertex 26.5 13.6 9
      vertex 26.5 14.8 3
      vertex 26.5 14.8 9
    endloop
  endfacet
  facet normal 1 0 0
    outer loop
      vertex 26.5 14.8 3
      vertex 26.5 13.6 9
      vertex 26.5 13.6 3
    endloop
  endfacet
  facet normal 0 0 -1
    outer loop
      vertex 26.5 13.6 9
      vertex 31.5 14.8 9
      vertex 31.5 13.6 9
    endloop
  endfacet
  facet normal -0 0 -1
    outer loop
      vertex 31.5 14.8 9
      vertex 26.5 13.6 9
      vertex 26.5 14.8 9
    endloop
  endfacet
  facet normal -0 0 1
    outer loop
      vertex 26.5 14.8 3
      vertex 31.5 13.6 3
      vertex 31.5 14.8 3
    endloop
  endfacet
  facet normal 0 0 1
    outer loop
      vertex 31.5 13.6 3
      vertex 26.5 14.8 3
      vertex 26.5 13.6 3
    endloop
  endfacet
  facet normal 0 1 -0
    outer loop
      vertex 31.5 13.6 3
      vertex 26.5 13.6 9
      vertex 31.5 13.6 9
    endloop
  endfacet
  facet normal 0 1 0
    outer loop
      vertex 26.5 13.6 9
      vertex 31.5 13.6 3
      vertex 26.5 13.6 3
    endloop
  endfacet
  facet normal 0 -1 0
    outer loop
      vertex 26.5 14.8 3
      vertex 31.5 14.8 9
      vertex 26.5 14.8 9
    endloop
  endfacet
  facet normal 0 -1 -0
    outer loop
      vertex 31.5 14.8 9
      vertex 26.5 14.8 3
      vertex 31.5 14.8 3
    endloop
  endfacet
  facet normal 1 -0 0
    outer loop
      vertex 26.5 11.2 9
      vertex 26.5 12.4 3
      vertex 26.5 12.4 9
    endloop
  endfacet
  facet normal 1 0 0
    outer loop
      vertex 26.5 12.4 3
      vertex 26.5 11.2 9
      vertex 26.5 11.2 3
    endloop
  endfacet
  facet normal 0 0 -1
    outer loop
      vertex 26.5 11.2 9
      vertex 31.5 12.4 9
      vertex 31.5 11.2 9
    endloop
  endfacet
  facet normal -0 0 -1
    outer loop
      vertex 31.5 12.4 9
      vertex 26.5 11.2 9
      vertex 26.5 12.4 9
    endloop
  endfacet
  facet normal 0 -1 0
    outer loop
      vertex 26.5 12.4 3
      vertex 31.5 12.4 9
      vertex 26.5 12.4 9
    endloop
  endfacet
  facet normal 0 -1 -0
    outer loop
      vertex 31.5 12.4 9
      vertex 26.5 12.4 3
      vertex 31.5 12.4 3
    endloop
  endfacet
  facet normal -0 0 1
    outer loop
      vertex 26.5 12.4 3
      vertex 31.5 11.2 3
      vertex 31.5 12.4 3
    endloop
  endfacet
  facet normal 0 0 1
    outer loop
      vertex 31.5 11.2 3
      vertex 26.5 12.4 3
      vertex 26.5 11.2 3
    endloop
  endfacet
  facet normal 0 1 -0
    outer loop
      vertex 31.5 11.2 3
      vertex 26.5 11.2 9
      vertex 31.5 11.2 9
    endloop
  endfacet
  facet normal 0 1 0
    outer loop
      vertex 26.5 11.2 9
      vertex 31.5 11.2 3
      vertex 26.5 11.2 3
    endloop
  endfacet
  facet normal 1 -0 0
    outer loop
      vertex 26.5 8.8 9
      vertex 26.5 10 3
      vertex 26.5 10 9
    endloop
  endfacet
  facet normal 1 0 0
    outer loop
      vertex 26.5 10 3
      vertex 26.5 8.8 9
      vertex 26.5 8.8 3
    endloop
  endfacet
  facet normal 0 0 -1
    outer loop
      vertex 26.5 8.8 9
      vertex 31.5 10 9
      vertex 31.5 8.8 9
    endloop
  endfacet
  facet normal -0 0 -1
    outer loop
      vertex 31.5 10 9
      vertex 26.5 8.8 9
      vertex 26.5 10 9
    endloop
  endfacet
  facet normal -0 0 1
    outer loop
      vertex 26.5 10 3
      vertex 31.5 8.8 3
      vertex 31.5 10 3
    endloop
  endfacet
  facet normal 0 0 1
    outer loop
      vertex 31.5 8.8 3
      vertex 26.5 10 3
      vertex 26.5 8.8 3
    endloop
  endfacet
  facet normal 0 1 -0
    outer loop
      vertex 31.5 8.8 3
      vertex 26.5 8.8 9
      vertex 31.5 8.8 9
    endloop
  endfacet
  facet normal 0 1 0
    outer loop
      vertex 26.5 8.8 9
      vertex 31.5 8.8 3
      vertex 26.5 8.8 3
    endloop
  endfacet
  facet normal 0 -1 0
    outer loop
      vertex 26.5 10 3
      vertex 31.5 10 9
      vertex 26.5 10 9
    endloop
  endfacet
  facet normal 0 -1 -0
    outer loop
      vertex 31.5 10 9
      vertex 26.5 10 3
      vertex 31.5 10 3
    endloop
  endfacet
  facet normal 1 -0 0
    outer loop
      vertex -29 -5.70651 6.9
      vertex -29 -1.01 5.1
      vertex -29 -1.01 6.9
    endloop
  endfacet
  facet normal 1 0 0
    outer loop
      vertex -29 -1.01 5.1
      vertex -29 -5.70651 6.9
      vertex -29 -5.70651 5.1
    endloop
  endfacet
  facet normal 0 0 -1
    outer loop
      vertex -27.5 -6 6.9
      vertex -15 -1.01 6.9
      vertex -15 -6 6.9
    endloop
  endfacet
  facet normal 0 0 -1
    outer loop
      vertex -29 -1.01 6.9
      vertex -27.5 -6 6.9
      vertex -27.8921 -5.98073 6.9
    endloop
  endfacet
  facet normal 0 0 -1
    outer loop
      vertex -29 -1.01 6.9
      vertex -27.8921 -5.98073 6.9
      vertex -28.2803 -5.92313 6.9
    endloop
  endfacet
  facet normal 0 0 -1
    outer loop
      vertex -29 -1.01 6.9
      vertex -28.2803 -5.92313 6.9
      vertex -28.6611 -5.82776 6.9
    endloop
  endfacet
  facet normal 0 0 -1
    outer loop
      vertex -29 -1.01 6.9
      vertex -28.6611 -5.82776 6.9
      vertex -29 -5.70651 6.9
    endloop
  endfacet
  facet normal 0 0 -1
    outer loop
      vertex -27.5 -6 6.9
      vertex -29 -1.01 6.9
      vertex -15 -1.01 6.9
    endloop
  endfacet
  facet normal -1 0 0
    outer loop
      vertex -15 -6 5.1
      vertex -15 -1.01 6.9
      vertex -15 -1.01 5.1
    endloop
  endfacet
  facet normal -1 -0 0
    outer loop
      vertex -15 -1.01 6.9
      vertex -15 -6 5.1
      vertex -15 -6 6.9
    endloop
  endfacet
  facet normal 0 0 1
    outer loop
      vertex -15 -1.01 5.1
      vertex -27.5 -6 5.1
      vertex -15 -6 5.1
    endloop
  endfacet
  facet normal -0 0 1
    outer loop
      vertex -29 -1.01 5.1
      vertex -27.5 -6 5.1
      vertex -15 -1.01 5.1
    endloop
  endfacet
  facet normal 0 0 1
    outer loop
      vertex -27.5 -6 5.1
      vertex -29 -1.01 5.1
      vertex -27.8921 -5.98073 5.1
    endloop
  endfacet
  facet normal 0 0 1
    outer loop
      vertex -27.8921 -5.98073 5.1
      vertex -29 -1.01 5.1
      vertex -28.2803 -5.92313 5.1
    endloop
  endfacet
  facet normal 0 0 1
    outer loop
      vertex -28.2803 -5.92313 5.1
      vertex -29 -1.01 5.1
      vertex -28.6611 -5.82776 5.1
    endloop
  endfacet
  facet normal 0 0 1
    outer loop
      vertex -28.6611 -5.82776 5.1
      vertex -29 -1.01 5.1
      vertex -29 -5.70651 5.1
    endloop
  endfacet
  facet normal 0 -1 0
    outer loop
      vertex -29 -1.01 5.1
      vertex -15 -1.01 6.9
      vertex -29 -1.01 6.9
    endloop
  endfacet
  facet normal 0 -1 -0
    outer loop
      vertex -15 -1.01 6.9
      vertex -29 -1.01 5.1
      vertex -15 -1.01 5.1
    endloop
  endfacet
  facet normal 1 -0 0
    outer loop
      vertex -25 -6 3.6
      vertex -25 -1.01 2.6
      vertex -25 -1.01 3.6
    endloop
  endfacet
  facet normal 1 0 0
    outer loop
      vertex -25 -1.01 2.6
      vertex -25 -6 3.6
      vertex -25 -6 2.6
    endloop
  endfacet
  facet normal 0 0 -1
    outer loop
      vertex -25 -6 3.6
      vertex -19 -1.01 3.6
      vertex -19 -6 3.6
    endloop
  endfacet
  facet normal -0 0 -1
    outer loop
      vertex -19 -1.01 3.6
      vertex -25 -6 3.6
      vertex -25 -1.01 3.6
    endloop
  endfacet
  facet normal -1 0 0
    outer loop
      vertex -19 -6 2.6
      vertex -19 -1.01 3.6
      vertex -19 -1.01 2.6
    endloop
  endfacet
  facet normal -1 -0 0
    outer loop
      vertex -19 -1.01 3.6
      vertex -19 -6 2.6
      vertex -19 -6 3.6
    endloop
  endfacet
  facet normal 0 -1 0
    outer loop
      vertex -25 -1.01 2.6
      vertex -19 -1.01 3.6
      vertex -25 -1.01 3.6
    endloop
  endfacet
  facet normal 0 -1 -0
    outer loop
      vertex -19 -1.01 3.6
      vertex -25 -1.01 2.6
      vertex -19 -1.01 2.6
    endloop
  endfacet
  facet normal -0 0 1
    outer loop
      vertex -25 -1.01 2.6
      vertex -19 -6 2.6
      vertex -19 -1.01 2.6
    endloop
  endfacet
  facet normal 0 0 1
    outer loop
      vertex -19 -6 2.6
      vertex -25 -1.01 2.6
      vertex -25 -6 2.6
    endloop
  endfacet
  facet normal 1 -0 0
    outer loop
      vertex -9 -6 7.4
      vertex -9 -1.01 4.6
      vertex -9 -1.01 7.4
    endloop
  endfacet
  facet normal 1 0 0
    outer loop
      vertex -9 -1.01 4.6
      vertex -9 -6 7.4
      vertex -9 -6 4.6
    endloop
  endfacet
  facet normal 0 0 -1
    outer loop
      vertex -9 -6 7.4
      vertex 0 -1.01 7.4
      vertex 0 -6 7.4
    endloop
  endfacet
  facet normal -0 0 -1
    outer loop
      vertex 0 -1.01 7.4
      vertex -9 -6 7.4
      vertex -9 -1.01 7.4
    endloop
  endfacet
  facet normal -1 0 0
    outer loop
      vertex 0 -6 4.6
      vertex 0 -1.01 7.4
      vertex 0 -1.01 4.6
    endloop
  endfacet
  facet normal -1 -0 0
    outer loop
      vertex 0 -1.01 7.4
      vertex 0 -6 4.6
      vertex 0 -6 7.4
    endloop
  endfacet
  facet normal 0 -1 0
    outer loop
      vertex -9 -1.01 4.6
      vertex 0 -1.01 7.4
      vertex -9 -1.01 7.4
    endloop
  endfacet
  facet normal 0 -1 -0
    outer loop
      vertex 0 -1.01 7.4
      vertex -9 -1.01 4.6
      vertex 0 -1.01 4.6
    endloop
  endfacet
  facet normal -0 0 1
    outer loop
      vertex -9 -1.01 4.6
      vertex 0 -6 4.6
      vertex 0 -1.01 4.6
    endloop
  endfacet
  facet normal 0 0 1
    outer loop
      vertex 0 -6 4.6
      vertex -9 -1.01 4.6
      vertex -9 -6 4.6
    endloop
  endfacet
endsolid OpenSCAD_Model
