solid OpenSCAD_Model
  facet normal -0.0490324 0.998797 0
    outer loop
      vertex 23.3137 -27.6846 0
      vertex 23 -27.7 0.49
      vertex 23.3137 -27.6846 0.49
    endloop
  endfacet
  facet normal -0.0490324 0.998797 0
    outer loop
      vertex 23 -27.7 0.49
      vertex 23.3137 -27.6846 0
      vertex 23 -27.7 0
    endloop
  endfacet
  facet normal -0.998797 -0.0490324 0
    outer loop
      vertex 26.2 -24.5 0
      vertex 26.1846 -24.1863 0.49
      vertex 26.1846 -24.1863 0
    endloop
  endfacet
  facet normal -0.998797 -0.0490324 0
    outer loop
      vertex 26.1846 -24.1863 0.49
      vertex 26.2 -24.5 0
      vertex 26.2 -24.5 0.49
    endloop
  endfacet
  facet normal 0.998797 0.0490324 0
    outer loop
      vertex 19.8154 -24.8137 0.49
      vertex 19.8 -24.5 0
      vertex 19.8 -24.5 0.49
    endloop
  endfacet
  facet normal 0.998797 0.0490324 0
    outer loop
      vertex 19.8 -24.5 0
      vertex 19.8154 -24.8137 0.49
      vertex 19.8154 -24.8137 0
    endloop
  endfacet
  facet normal -0.740819 0.671705 0
    outer loop
      vertex 25.2627 -26.7627 0
      vertex 25.4736 -26.5301 0.49
      vertex 25.4736 -26.5301 0
    endloop
  endfacet
  facet normal -0.740819 0.671705 0
    outer loop
      vertex 25.4736 -26.5301 0.49
      vertex 25.2627 -26.7627 0
      vertex 25.2627 -26.7627 0.49
    endloop
  endfacet
  facet normal -0.671705 -0.740819 0
    outer loop
      vertex 25.0301 -22.0264 0
      vertex 25.2627 -22.2373 0.49
      vertex 25.0301 -22.0264 0.49
    endloop
  endfacet
  facet normal -0.671705 -0.740819 -0
    outer loop
      vertex 25.2627 -22.2373 0.49
      vertex 25.0301 -22.0264 0
      vertex 25.2627 -22.2373 0
    endloop
  endfacet
  facet normal -0.903958 -0.427621 0
    outer loop
      vertex 25.9564 -23.2754 0
      vertex 25.8221 -22.9915 0.49
      vertex 25.8221 -22.9915 0
    endloop
  endfacet
  facet normal -0.903958 -0.427621 0
    outer loop
      vertex 25.8221 -22.9915 0.49
      vertex 25.9564 -23.2754 0
      vertex 25.9564 -23.2754 0.49
    endloop
  endfacet
  facet normal -0.427621 0.903958 0
    outer loop
      vertex 24.5085 -27.3221 0
      vertex 24.2246 -27.4564 0.49
      vertex 24.5085 -27.3221 0.49
    endloop
  endfacet
  facet normal -0.427621 0.903958 0
    outer loop
      vertex 24.2246 -27.4564 0.49
      vertex 24.5085 -27.3221 0
      vertex 24.2246 -27.4564 0
    endloop
  endfacet
  facet normal -0.941547 0.336881 0
    outer loop
      vertex 25.9564 -25.7246 0
      vertex 26.0622 -25.4289 0.49
      vertex 26.0622 -25.4289 0
    endloop
  endfacet
  facet normal -0.941547 0.336881 0
    outer loop
      vertex 26.0622 -25.4289 0.49
      vertex 25.9564 -25.7246 0
      vertex 25.9564 -25.7246 0.49
    endloop
  endfacet
  facet normal -0.857746 0.514074 0
    outer loop
      vertex 25.6607 -26.2778 0
      vertex 25.8221 -26.0085 0.49
      vertex 25.8221 -26.0085 0
    endloop
  endfacet
  facet normal -0.857746 0.514074 0
    outer loop
      vertex 25.8221 -26.0085 0.49
      vertex 25.6607 -26.2778 0
      vertex 25.6607 -26.2778 0.49
    endloop
  endfacet
  facet normal -0.336881 -0.941547 0
    outer loop
      vertex 23.9289 -21.4378 0
      vertex 24.2246 -21.5436 0.49
      vertex 23.9289 -21.4378 0.49
    endloop
  endfacet
  facet normal -0.336881 -0.941547 -0
    outer loop
      vertex 24.2246 -21.5436 0.49
      vertex 23.9289 -21.4378 0
      vertex 24.2246 -21.5436 0
    endloop
  endfacet
  facet normal -0.97003 -0.242985 0
    outer loop
      vertex 26.1385 -23.8757 0
      vertex 26.0622 -23.5711 0.49
      vertex 26.0622 -23.5711 0
    endloop
  endfacet
  facet normal -0.97003 -0.242985 0
    outer loop
      vertex 26.0622 -23.5711 0.49
      vertex 26.1385 -23.8757 0
      vertex 26.1385 -23.8757 0.49
    endloop
  endfacet
  facet normal 0.242985 0.97003 -0
    outer loop
      vertex 22.3757 -27.6385 0
      vertex 22.0711 -27.5622 0.49
      vertex 22.3757 -27.6385 0.49
    endloop
  endfacet
  facet normal 0.242985 0.97003 0
    outer loop
      vertex 22.0711 -27.5622 0.49
      vertex 22.3757 -27.6385 0
      vertex 22.0711 -27.5622 0
    endloop
  endfacet
  facet normal 0.989164 0.146814 0
    outer loop
      vertex 19.8615 -25.1243 0.49
      vertex 19.8154 -24.8137 0
      vertex 19.8154 -24.8137 0.49
    endloop
  endfacet
  facet normal 0.989164 0.146814 0
    outer loop
      vertex 19.8154 -24.8137 0
      vertex 19.8615 -25.1243 0.49
      vertex 19.8615 -25.1243 0
    endloop
  endfacet
  facet normal 0.903958 0.427621 0
    outer loop
      vertex 20.1779 -26.0085 0.49
      vertex 20.0436 -25.7246 0
      vertex 20.0436 -25.7246 0.49
    endloop
  endfacet
  facet normal 0.903958 0.427621 0
    outer loop
      vertex 20.0436 -25.7246 0
      vertex 20.1779 -26.0085 0.49
      vertex 20.1779 -26.0085 0
    endloop
  endfacet
  facet normal -0.242985 0.97003 0
    outer loop
      vertex 23.9289 -27.5622 0
      vertex 23.6243 -27.6385 0.49
      vertex 23.9289 -27.5622 0.49
    endloop
  endfacet
  facet normal -0.242985 0.97003 0
    outer loop
      vertex 23.6243 -27.6385 0.49
      vertex 23.9289 -27.5622 0
      vertex 23.6243 -27.6385 0
    endloop
  endfacet
  facet normal -0.146814 0.989164 0
    outer loop
      vertex 23.6243 -27.6385 0
      vertex 23.3137 -27.6846 0.49
      vertex 23.6243 -27.6385 0.49
    endloop
  endfacet
  facet normal -0.146814 0.989164 0
    outer loop
      vertex 23.3137 -27.6846 0.49
      vertex 23.6243 -27.6385 0
      vertex 23.3137 -27.6846 0
    endloop
  endfacet
  facet normal -0.336881 0.941547 0
    outer loop
      vertex 24.2246 -27.4564 0
      vertex 23.9289 -27.5622 0.49
      vertex 24.2246 -27.4564 0.49
    endloop
  endfacet
  facet normal -0.336881 0.941547 0
    outer loop
      vertex 23.9289 -27.5622 0.49
      vertex 24.2246 -27.4564 0
      vertex 23.9289 -27.5622 0
    endloop
  endfacet
  facet normal -0.595661 0.803236 0
    outer loop
      vertex 25.0301 -26.9736 0
      vertex 24.7778 -27.1607 0.49
      vertex 25.0301 -26.9736 0.49
    endloop
  endfacet
  facet normal -0.595661 0.803236 0
    outer loop
      vertex 24.7778 -27.1607 0.49
      vertex 25.0301 -26.9736 0
      vertex 24.7778 -27.1607 0
    endloop
  endfacet
  facet normal -0.671705 0.740819 0
    outer loop
      vertex 25.2627 -26.7627 0
      vertex 25.0301 -26.9736 0.49
      vertex 25.2627 -26.7627 0.49
    endloop
  endfacet
  facet normal -0.671705 0.740819 0
    outer loop
      vertex 25.0301 -26.9736 0.49
      vertex 25.2627 -26.7627 0
      vertex 25.0301 -26.9736 0
    endloop
  endfacet
  facet normal -0.514074 0.857746 0
    outer loop
      vertex 24.7778 -27.1607 0
      vertex 24.5085 -27.3221 0.49
      vertex 24.7778 -27.1607 0.49
    endloop
  endfacet
  facet normal -0.514074 0.857746 0
    outer loop
      vertex 24.5085 -27.3221 0.49
      vertex 24.7778 -27.1607 0
      vertex 24.5085 -27.3221 0
    endloop
  endfacet
  facet normal -0.989164 0.146814 0
    outer loop
      vertex 26.1385 -25.1243 0
      vertex 26.1846 -24.8137 0.49
      vertex 26.1846 -24.8137 0
    endloop
  endfacet
  facet normal -0.989164 0.146814 0
    outer loop
      vertex 26.1846 -24.8137 0.49
      vertex 26.1385 -25.1243 0
      vertex 26.1385 -25.1243 0.49
    endloop
  endfacet
  facet normal -0.97003 0.242985 0
    outer loop
      vertex 26.0622 -25.4289 0
      vertex 26.1385 -25.1243 0.49
      vertex 26.1385 -25.1243 0
    endloop
  endfacet
  facet normal -0.97003 0.242985 0
    outer loop
      vertex 26.1385 -25.1243 0.49
      vertex 26.0622 -25.4289 0
      vertex 26.0622 -25.4289 0.49
    endloop
  endfacet
  facet normal -0.998797 0.0490324 0
    outer loop
      vertex 26.1846 -24.8137 0
      vertex 26.2 -24.5 0.49
      vertex 26.2 -24.5 0
    endloop
  endfacet
  facet normal -0.998797 0.0490324 0
    outer loop
      vertex 26.2 -24.5 0.49
      vertex 26.1846 -24.8137 0
      vertex 26.1846 -24.8137 0.49
    endloop
  endfacet
  facet normal -0.903958 0.427621 0
    outer loop
      vertex 25.8221 -26.0085 0
      vertex 25.9564 -25.7246 0.49
      vertex 25.9564 -25.7246 0
    endloop
  endfacet
  facet normal -0.903958 0.427621 0
    outer loop
      vertex 25.9564 -25.7246 0.49
      vertex 25.8221 -26.0085 0
      vertex 25.8221 -26.0085 0.49
    endloop
  endfacet
  facet normal -0.803236 0.595661 0
    outer loop
      vertex 25.4736 -26.5301 0
      vertex 25.6607 -26.2778 0.49
      vertex 25.6607 -26.2778 0
    endloop
  endfacet
  facet normal -0.803236 0.595661 0
    outer loop
      vertex 25.6607 -26.2778 0.49
      vertex 25.4736 -26.5301 0
      vertex 25.4736 -26.5301 0.49
    endloop
  endfacet
  facet normal -0.146814 -0.989164 0
    outer loop
      vertex 23.3137 -21.3154 0
      vertex 23.6243 -21.3615 0.49
      vertex 23.3137 -21.3154 0.49
    endloop
  endfacet
  facet normal -0.146814 -0.989164 -0
    outer loop
      vertex 23.6243 -21.3615 0.49
      vertex 23.3137 -21.3154 0
      vertex 23.6243 -21.3615 0
    endloop
  endfacet
  facet normal -0.514074 -0.857746 0
    outer loop
      vertex 24.5085 -21.6779 0
      vertex 24.7778 -21.8393 0.49
      vertex 24.5085 -21.6779 0.49
    endloop
  endfacet
  facet normal -0.514074 -0.857746 -0
    outer loop
      vertex 24.7778 -21.8393 0.49
      vertex 24.5085 -21.6779 0
      vertex 24.7778 -21.8393 0
    endloop
  endfacet
  facet normal -0.595661 -0.803236 0
    outer loop
      vertex 24.7778 -21.8393 0
      vertex 25.0301 -22.0264 0.49
      vertex 24.7778 -21.8393 0.49
    endloop
  endfacet
  facet normal -0.595661 -0.803236 -0
    outer loop
      vertex 25.0301 -22.0264 0.49
      vertex 24.7778 -21.8393 0
      vertex 25.0301 -22.0264 0
    endloop
  endfacet
  facet normal -0.427621 -0.903958 0
    outer loop
      vertex 24.2246 -21.5436 0
      vertex 24.5085 -21.6779 0.49
      vertex 24.2246 -21.5436 0.49
    endloop
  endfacet
  facet normal -0.427621 -0.903958 -0
    outer loop
      vertex 24.5085 -21.6779 0.49
      vertex 24.2246 -21.5436 0
      vertex 24.5085 -21.6779 0
    endloop
  endfacet
  facet normal -0.242985 -0.97003 0
    outer loop
      vertex 23.6243 -21.3615 0
      vertex 23.9289 -21.4378 0.49
      vertex 23.6243 -21.3615 0.49
    endloop
  endfacet
  facet normal -0.242985 -0.97003 -0
    outer loop
      vertex 23.9289 -21.4378 0.49
      vertex 23.6243 -21.3615 0
      vertex 23.9289 -21.4378 0
    endloop
  endfacet
  facet normal -0.0490324 -0.998797 0
    outer loop
      vertex 23 -21.3 0
      vertex 23.3137 -21.3154 0.49
      vertex 23 -21.3 0.49
    endloop
  endfacet
  facet normal -0.0490324 -0.998797 -0
    outer loop
      vertex 23.3137 -21.3154 0.49
      vertex 23 -21.3 0
      vertex 23.3137 -21.3154 0
    endloop
  endfacet
  facet normal 0 0 -1
    outer loop
      vertex 26.1846 -24.8137 0.49
      vertex 26.1846 -24.1863 0.49
      vertex 26.2 -24.5 0.49
    endloop
  endfacet
  facet normal 0 0 -1
    outer loop
      vertex 26.1385 -25.1243 0.49
      vertex 26.1846 -24.1863 0.49
      vertex 26.1846 -24.8137 0.49
    endloop
  endfacet
  facet normal 0 0 -1
    outer loop
      vertex 26.1385 -25.1243 0.49
      vertex 26.1385 -23.8757 0.49
      vertex 26.1846 -24.1863 0.49
    endloop
  endfacet
  facet normal 0 0 -1
    outer loop
      vertex 26.0622 -25.4289 0.49
      vertex 26.1385 -23.8757 0.49
      vertex 26.1385 -25.1243 0.49
    endloop
  endfacet
  facet normal 0 0 -1
    outer loop
      vertex 26.0622 -25.4289 0.49
      vertex 26.0622 -23.5711 0.49
      vertex 26.1385 -23.8757 0.49
    endloop
  endfacet
  facet normal 0 0 -1
    outer loop
      vertex 25.9564 -25.7246 0.49
      vertex 26.0622 -23.5711 0.49
      vertex 26.0622 -25.4289 0.49
    endloop
  endfacet
  facet normal 0 0 -1
    outer loop
      vertex 25.9564 -25.7246 0.49
      vertex 25.9564 -23.2754 0.49
      vertex 26.0622 -23.5711 0.49
    endloop
  endfacet
  facet normal 0 0 -1
    outer loop
      vertex 25.8221 -26.0085 0.49
      vertex 25.9564 -23.2754 0.49
      vertex 25.9564 -25.7246 0.49
    endloop
  endfacet
  facet normal 0 0 -1
    outer loop
      vertex 25.8221 -26.0085 0.49
      vertex 25.8221 -22.9915 0.49
      vertex 25.9564 -23.2754 0.49
    endloop
  endfacet
  facet normal 0 0 -1
    outer loop
      vertex 25.6607 -26.2778 0.49
      vertex 25.8221 -22.9915 0.49
      vertex 25.8221 -26.0085 0.49
    endloop
  endfacet
  facet normal 0 0 -1
    outer loop
      vertex 25.6607 -26.2778 0.49
      vertex 25.6607 -22.7222 0.49
      vertex 25.8221 -22.9915 0.49
    endloop
  endfacet
  facet normal 0 0 -1
    outer loop
      vertex 25.4736 -26.5301 0.49
      vertex 25.6607 -22.7222 0.49
      vertex 25.6607 -26.2778 0.49
    endloop
  endfacet
  facet normal 0 0 -1
    outer loop
      vertex 25.4736 -26.5301 0.49
      vertex 25.4736 -22.4699 0.49
      vertex 25.6607 -22.7222 0.49
    endloop
  endfacet
  facet normal 0 0 -1
    outer loop
      vertex 25.2627 -26.7627 0.49
      vertex 25.4736 -22.4699 0.49
      vertex 25.4736 -26.5301 0.49
    endloop
  endfacet
  facet normal 0 0 -1
    outer loop
      vertex 25.2627 -26.7627 0.49
      vertex 25.2627 -22.2373 0.49
      vertex 25.4736 -22.4699 0.49
    endloop
  endfacet
  facet normal 0 0 -1
    outer loop
      vertex 25.0301 -26.9736 0.49
      vertex 25.2627 -22.2373 0.49
      vertex 25.2627 -26.7627 0.49
    endloop
  endfacet
  facet normal 0 0 -1
    outer loop
      vertex 25.0301 -26.9736 0.49
      vertex 25.0301 -22.0264 0.49
      vertex 25.2627 -22.2373 0.49
    endloop
  endfacet
  facet normal 0 0 -1
    outer loop
      vertex 24.7778 -27.1607 0.49
      vertex 25.0301 -22.0264 0.49
      vertex 25.0301 -26.9736 0.49
    endloop
  endfacet
  facet normal 0 0 -1
    outer loop
      vertex 24.7778 -27.1607 0.49
      vertex 24.7778 -21.8393 0.49
      vertex 25.0301 -22.0264 0.49
    endloop
  endfacet
  facet normal 0 0 -1
    outer loop
      vertex 24.5085 -27.3221 0.49
      vertex 24.7778 -21.8393 0.49
      vertex 24.7778 -27.1607 0.49
    endloop
  endfacet
  facet normal 0 0 -1
    outer loop
      vertex 24.5085 -27.3221 0.49
      vertex 24.5085 -21.6779 0.49
      vertex 24.7778 -21.8393 0.49
    endloop
  endfacet
  facet normal 0 0 -1
    outer loop
      vertex 24.2246 -27.4564 0.49
      vertex 24.5085 -21.6779 0.49
      vertex 24.5085 -27.3221 0.49
    endloop
  endfacet
  facet normal 0 0 -1
    outer loop
      vertex 24.2246 -27.4564 0.49
      vertex 24.2246 -21.5436 0.49
      vertex 24.5085 -21.6779 0.49
    endloop
  endfacet
  facet normal 0 0 -1
    outer loop
      vertex 23.9289 -27.5622 0.49
      vertex 24.2246 -21.5436 0.49
      vertex 24.2246 -27.4564 0.49
    endloop
  endfacet
  facet normal 0 0 -1
    outer loop
      vertex 23.9289 -27.5622 0.49
      vertex 23.9289 -21.4378 0.49
      vertex 24.2246 -21.5436 0.49
    endloop
  endfacet
  facet normal 0 0 -1
    outer loop
      vertex 23.6243 -27.6385 0.49
      vertex 23.9289 -21.4378 0.49
      vertex 23.9289 -27.5622 0.49
    endloop
  endfacet
  facet normal 0 0 -1
    outer loop
      vertex 23.6243 -27.6385 0.49
      vertex 23.6243 -21.3615 0.49
      vertex 23.9289 -21.4378 0.49
    endloop
  endfacet
  facet normal 0 0 -1
    outer loop
      vertex 23.3137 -27.6846 0.49
      vertex 23.6243 -21.3615 0.49
      vertex 23.6243 -27.6385 0.49
    endloop
  endfacet
  facet normal 0 0 -1
    outer loop
      vertex 23.3137 -27.6846 0.49
      vertex 23.3137 -21.3154 0.49
      vertex 23.6243 -21.3615 0.49
    endloop
  endfacet
  facet normal 0 0 -1
    outer loop
      vertex 23 -27.7 0.49
      vertex 23.3137 -21.3154 0.49
      vertex 23.3137 -27.6846 0.49
    endloop
  endfacet
  facet normal 0 0 -1
    outer loop
      vertex 23 -27.7 0.49
      vertex 23 -21.3 0.49
      vertex 23.3137 -21.3154 0.49
    endloop
  endfacet
  facet normal 0 0 -1
    outer loop
      vertex 22.6863 -27.6846 0.49
      vertex 23 -21.3 0.49
      vertex 23 -27.7 0.49
    endloop
  endfacet
  facet normal 0 0 -1
    outer loop
      vertex 22.6863 -27.6846 0.49
      vertex 22.6863 -21.3154 0.49
      vertex 23 -21.3 0.49
    endloop
  endfacet
  facet normal 0 0 -1
    outer loop
      vertex 22.3757 -27.6385 0.49
      vertex 22.6863 -21.3154 0.49
      vertex 22.6863 -27.6846 0.49
    endloop
  endfacet
  facet normal 0 0 -1
    outer loop
      vertex 22.3757 -27.6385 0.49
      vertex 22.3757 -21.3615 0.49
      vertex 22.6863 -21.3154 0.49
    endloop
  endfacet
  facet normal 0 0 -1
    outer loop
      vertex 22.0711 -27.5622 0.49
      vertex 22.3757 -21.3615 0.49
      vertex 22.3757 -27.6385 0.49
    endloop
  endfacet
  facet normal 0 0 -1
    outer loop
      vertex 22.0711 -27.5622 0.49
      vertex 22.0711 -21.4378 0.49
      vertex 22.3757 -21.3615 0.49
    endloop
  endfacet
  facet normal 0 0 -1
    outer loop
      vertex 21.7754 -27.4564 0.49
      vertex 22.0711 -21.4378 0.49
      vertex 22.0711 -27.5622 0.49
    endloop
  endfacet
  facet normal 0 0 -1
    outer loop
      vertex 21.7754 -27.4564 0.49
      vertex 21.7754 -21.5436 0.49
      vertex 22.0711 -21.4378 0.49
    endloop
  endfacet
  facet normal 0 0 -1
    outer loop
      vertex 21.4915 -27.3221 0.49
      vertex 21.7754 -21.5436 0.49
      vertex 21.7754 -27.4564 0.49
    endloop
  endfacet
  facet normal 0 0 -1
    outer loop
      vertex 21.4915 -27.3221 0.49
      vertex 21.4915 -21.6779 0.49
      vertex 21.7754 -21.5436 0.49
    endloop
  endfacet
  facet normal 0 0 -1
    outer loop
      vertex 21.2222 -27.1607 0.49
      vertex 21.4915 -21.6779 0.49
      vertex 21.4915 -27.3221 0.49
    endloop
  endfacet
  facet normal 0 0 -1
    outer loop
      vertex 21.2222 -27.1607 0.49
      vertex 21.2222 -21.8393 0.49
      vertex 21.4915 -21.6779 0.49
    endloop
  endfacet
  facet normal 0 0 -1
    outer loop
      vertex 20.9699 -26.9736 0.49
      vertex 21.2222 -21.8393 0.49
      vertex 21.2222 -27.1607 0.49
    endloop
  endfacet
  facet normal 0 0 -1
    outer loop
      vertex 20.9699 -26.9736 0.49
      vertex 20.9699 -22.0264 0.49
      vertex 21.2222 -21.8393 0.49
    endloop
  endfacet
  facet normal 0 0 -1
    outer loop
      vertex 20.7373 -26.7627 0.49
      vertex 20.9699 -22.0264 0.49
      vertex 20.9699 -26.9736 0.49
    endloop
  endfacet
  facet normal 0 0 -1
    outer loop
      vertex 20.7373 -26.7627 0.49
      vertex 20.7373 -22.2373 0.49
      vertex 20.9699 -22.0264 0.49
    endloop
  endfacet
  facet normal 0 0 -1
    outer loop
      vertex 20.5264 -26.5301 0.49
      vertex 20.7373 -22.2373 0.49
      vertex 20.7373 -26.7627 0.49
    endloop
  endfacet
  facet normal 0 0 -1
    outer loop
      vertex 20.5264 -26.5301 0.49
      vertex 20.5264 -22.4699 0.49
      vertex 20.7373 -22.2373 0.49
    endloop
  endfacet
  facet normal 0 0 -1
    outer loop
      vertex 20.3393 -26.2778 0.49
      vertex 20.5264 -22.4699 0.49
      vertex 20.5264 -26.5301 0.49
    endloop
  endfacet
  facet normal 0 0 -1
    outer loop
      vertex 20.3393 -26.2778 0.49
      vertex 20.3393 -22.7222 0.49
      vertex 20.5264 -22.4699 0.49
    endloop
  endfacet
  facet normal 0 0 -1
    outer loop
      vertex 20.1779 -26.0085 0.49
      vertex 20.3393 -22.7222 0.49
      vertex 20.3393 -26.2778 0.49
    endloop
  endfacet
  facet normal 0 0 -1
    outer loop
      vertex 20.1779 -26.0085 0.49
      vertex 20.1779 -22.9915 0.49
      vertex 20.3393 -22.7222 0.49
    endloop
  endfacet
  facet normal 0 0 -1
    outer loop
      vertex 20.0436 -25.7246 0.49
      vertex 20.1779 -22.9915 0.49
      vertex 20.1779 -26.0085 0.49
    endloop
  endfacet
  facet normal 0 0 -1
    outer loop
      vertex 20.0436 -25.7246 0.49
      vertex 20.0436 -23.2754 0.49
      vertex 20.1779 -22.9915 0.49
    endloop
  endfacet
  facet normal 0 0 -1
    outer loop
      vertex 19.9378 -25.4289 0.49
      vertex 20.0436 -23.2754 0.49
      vertex 20.0436 -25.7246 0.49
    endloop
  endfacet
  facet normal 0 0 -1
    outer loop
      vertex 19.9378 -25.4289 0.49
      vertex 19.9378 -23.5711 0.49
      vertex 20.0436 -23.2754 0.49
    endloop
  endfacet
  facet normal 0 0 -1
    outer loop
      vertex 19.8615 -25.1243 0.49
      vertex 19.9378 -23.5711 0.49
      vertex 19.9378 -25.4289 0.49
    endloop
  endfacet
  facet normal 0 0 -1
    outer loop
      vertex 19.8615 -25.1243 0.49
      vertex 19.8615 -23.8757 0.49
      vertex 19.9378 -23.5711 0.49
    endloop
  endfacet
  facet normal 0 0 -1
    outer loop
      vertex 19.8154 -24.8137 0.49
      vertex 19.8615 -23.8757 0.49
      vertex 19.8615 -25.1243 0.49
    endloop
  endfacet
  facet normal 0 0 -1
    outer loop
      vertex 19.8154 -24.8137 0.49
      vertex 19.8154 -24.1863 0.49
      vertex 19.8615 -23.8757 0.49
    endloop
  endfacet
  facet normal 0 -0 -1
    outer loop
      vertex 19.8154 -24.1863 0.49
      vertex 19.8154 -24.8137 0.49
      vertex 19.8 -24.5 0.49
    endloop
  endfacet
  facet normal -0.803236 -0.595661 0
    outer loop
      vertex 25.6607 -22.7222 0
      vertex 25.4736 -22.4699 0.49
      vertex 25.4736 -22.4699 0
    endloop
  endfacet
  facet normal -0.803236 -0.595661 0
    outer loop
      vertex 25.4736 -22.4699 0.49
      vertex 25.6607 -22.7222 0
      vertex 25.6607 -22.7222 0.49
    endloop
  endfacet
  facet normal -0.857746 -0.514074 0
    outer loop
      vertex 25.8221 -22.9915 0
      vertex 25.6607 -22.7222 0.49
      vertex 25.6607 -22.7222 0
    endloop
  endfacet
  facet normal -0.857746 -0.514074 0
    outer loop
      vertex 25.6607 -22.7222 0.49
      vertex 25.8221 -22.9915 0
      vertex 25.8221 -22.9915 0.49
    endloop
  endfacet
  facet normal -0.740819 -0.671705 0
    outer loop
      vertex 25.4736 -22.4699 0
      vertex 25.2627 -22.2373 0.49
      vertex 25.2627 -22.2373 0
    endloop
  endfacet
  facet normal -0.740819 -0.671705 0
    outer loop
      vertex 25.2627 -22.2373 0.49
      vertex 25.4736 -22.4699 0
      vertex 25.4736 -22.4699 0.49
    endloop
  endfacet
  facet normal -0.941547 -0.336881 0
    outer loop
      vertex 26.0622 -23.5711 0
      vertex 25.9564 -23.2754 0.49
      vertex 25.9564 -23.2754 0
    endloop
  endfacet
  facet normal -0.941547 -0.336881 0
    outer loop
      vertex 25.9564 -23.2754 0.49
      vertex 26.0622 -23.5711 0
      vertex 26.0622 -23.5711 0.49
    endloop
  endfacet
  facet normal -0.989164 -0.146814 0
    outer loop
      vertex 26.1846 -24.1863 0
      vertex 26.1385 -23.8757 0.49
      vertex 26.1385 -23.8757 0
    endloop
  endfacet
  facet normal -0.989164 -0.146814 0
    outer loop
      vertex 26.1385 -23.8757 0.49
      vertex 26.1846 -24.1863 0
      vertex 26.1846 -24.1863 0.49
    endloop
  endfacet
  facet normal 0.0490324 0.998797 -0
    outer loop
      vertex 23 -27.7 0
      vertex 22.6863 -27.6846 0.49
      vertex 23 -27.7 0.49
    endloop
  endfacet
  facet normal 0.0490324 0.998797 0
    outer loop
      vertex 22.6863 -27.6846 0.49
      vertex 23 -27.7 0
      vertex 22.6863 -27.6846 0
    endloop
  endfacet
  facet normal 0.671705 0.740819 -0
    outer loop
      vertex 20.9699 -26.9736 0
      vertex 20.7373 -26.7627 0.49
      vertex 20.9699 -26.9736 0.49
    endloop
  endfacet
  facet normal 0.671705 0.740819 0
    outer loop
      vertex 20.7373 -26.7627 0.49
      vertex 20.9699 -26.9736 0
      vertex 20.7373 -26.7627 0
    endloop
  endfacet
  facet normal 0.0490324 -0.998797 0
    outer loop
      vertex 22.6863 -21.3154 0
      vertex 23 -21.3 0.49
      vertex 22.6863 -21.3154 0.49
    endloop
  endfacet
  facet normal 0.0490324 -0.998797 0
    outer loop
      vertex 23 -21.3 0.49
      vertex 22.6863 -21.3154 0
      vertex 23 -21.3 0
    endloop
  endfacet
  facet normal 0.427621 0.903958 -0
    outer loop
      vertex 21.7754 -27.4564 0
      vertex 21.4915 -27.3221 0.49
      vertex 21.7754 -27.4564 0.49
    endloop
  endfacet
  facet normal 0.427621 0.903958 0
    outer loop
      vertex 21.4915 -27.3221 0.49
      vertex 21.7754 -27.4564 0
      vertex 21.4915 -27.3221 0
    endloop
  endfacet
  facet normal 0.336881 0.941547 -0
    outer loop
      vertex 22.0711 -27.5622 0
      vertex 21.7754 -27.4564 0.49
      vertex 22.0711 -27.5622 0.49
    endloop
  endfacet
  facet normal 0.336881 0.941547 0
    outer loop
      vertex 21.7754 -27.4564 0.49
      vertex 22.0711 -27.5622 0
      vertex 21.7754 -27.4564 0
    endloop
  endfacet
  facet normal 0.146814 0.989164 -0
    outer loop
      vertex 22.6863 -27.6846 0
      vertex 22.3757 -27.6385 0.49
      vertex 22.6863 -27.6846 0.49
    endloop
  endfacet
  facet normal 0.146814 0.989164 0
    outer loop
      vertex 22.3757 -27.6385 0.49
      vertex 22.6863 -27.6846 0
      vertex 22.3757 -27.6385 0
    endloop
  endfacet
  facet normal 0.595661 0.803236 -0
    outer loop
      vertex 21.2222 -27.1607 0
      vertex 20.9699 -26.9736 0.49
      vertex 21.2222 -27.1607 0.49
    endloop
  endfacet
  facet normal 0.595661 0.803236 0
    outer loop
      vertex 20.9699 -26.9736 0.49
      vertex 21.2222 -27.1607 0
      vertex 20.9699 -26.9736 0
    endloop
  endfacet
  facet normal 0.857746 0.514074 0
    outer loop
      vertex 20.3393 -26.2778 0.49
      vertex 20.1779 -26.0085 0
      vertex 20.1779 -26.0085 0.49
    endloop
  endfacet
  facet normal 0.857746 0.514074 0
    outer loop
      vertex 20.1779 -26.0085 0
      vertex 20.3393 -26.2778 0.49
      vertex 20.3393 -26.2778 0
    endloop
  endfacet
  facet normal 0.97003 -0.242985 0
    outer loop
      vertex 19.8615 -23.8757 0.49
      vertex 19.9378 -23.5711 0
      vertex 19.9378 -23.5711 0.49
    endloop
  endfacet
  facet normal 0.97003 -0.242985 0
    outer loop
      vertex 19.9378 -23.5711 0
      vertex 19.8615 -23.8757 0.49
      vertex 19.8615 -23.8757 0
    endloop
  endfacet
  facet normal 0.671705 -0.740819 0
    outer loop
      vertex 20.7373 -22.2373 0
      vertex 20.9699 -22.0264 0.49
      vertex 20.7373 -22.2373 0.49
    endloop
  endfacet
  facet normal 0.671705 -0.740819 0
    outer loop
      vertex 20.9699 -22.0264 0.49
      vertex 20.7373 -22.2373 0
      vertex 20.9699 -22.0264 0
    endloop
  endfacet
  facet normal 0.97003 0.242985 0
    outer loop
      vertex 19.9378 -25.4289 0.49
      vertex 19.8615 -25.1243 0
      vertex 19.8615 -25.1243 0.49
    endloop
  endfacet
  facet normal 0.97003 0.242985 0
    outer loop
      vertex 19.8615 -25.1243 0
      vertex 19.9378 -25.4289 0.49
      vertex 19.9378 -25.4289 0
    endloop
  endfacet
  facet normal 0.941547 0.336881 0
    outer loop
      vertex 20.0436 -25.7246 0.49
      vertex 19.9378 -25.4289 0
      vertex 19.9378 -25.4289 0.49
    endloop
  endfacet
  facet normal 0.941547 0.336881 0
    outer loop
      vertex 19.9378 -25.4289 0
      vertex 20.0436 -25.7246 0.49
      vertex 20.0436 -25.7246 0
    endloop
  endfacet
  facet normal 0.514074 0.857746 -0
    outer loop
      vertex 21.4915 -27.3221 0
      vertex 21.2222 -27.1607 0.49
      vertex 21.4915 -27.3221 0.49
    endloop
  endfacet
  facet normal 0.514074 0.857746 0
    outer loop
      vertex 21.2222 -27.1607 0.49
      vertex 21.4915 -27.3221 0
      vertex 21.2222 -27.1607 0
    endloop
  endfacet
  facet normal 0.998797 -0.0490324 0
    outer loop
      vertex 19.8 -24.5 0.49
      vertex 19.8154 -24.1863 0
      vertex 19.8154 -24.1863 0.49
    endloop
  endfacet
  facet normal 0.998797 -0.0490324 0
    outer loop
      vertex 19.8154 -24.1863 0
      vertex 19.8 -24.5 0.49
      vertex 19.8 -24.5 0
    endloop
  endfacet
  facet normal 0.941547 -0.336881 0
    outer loop
      vertex 19.9378 -23.5711 0.49
      vertex 20.0436 -23.2754 0
      vertex 20.0436 -23.2754 0.49
    endloop
  endfacet
  facet normal 0.941547 -0.336881 0
    outer loop
      vertex 20.0436 -23.2754 0
      vertex 19.9378 -23.5711 0.49
      vertex 19.9378 -23.5711 0
    endloop
  endfacet
  facet normal 0.740819 -0.671705 0
    outer loop
      vertex 20.5264 -22.4699 0.49
      vertex 20.7373 -22.2373 0
      vertex 20.7373 -22.2373 0.49
    endloop
  endfacet
  facet normal 0.740819 -0.671705 0
    outer loop
      vertex 20.7373 -22.2373 0
      vertex 20.5264 -22.4699 0.49
      vertex 20.5264 -22.4699 0
    endloop
  endfacet
  facet normal 0.427621 -0.903958 0
    outer loop
      vertex 21.4915 -21.6779 0
      vertex 21.7754 -21.5436 0.49
      vertex 21.4915 -21.6779 0.49
    endloop
  endfacet
  facet normal 0.427621 -0.903958 0
    outer loop
      vertex 21.7754 -21.5436 0.49
      vertex 21.4915 -21.6779 0
      vertex 21.7754 -21.5436 0
    endloop
  endfacet
  facet normal 0.336881 -0.941547 0
    outer loop
      vertex 21.7754 -21.5436 0
      vertex 22.0711 -21.4378 0.49
      vertex 21.7754 -21.5436 0.49
    endloop
  endfacet
  facet normal 0.336881 -0.941547 0
    outer loop
      vertex 22.0711 -21.4378 0.49
      vertex 21.7754 -21.5436 0
      vertex 22.0711 -21.4378 0
    endloop
  endfacet
  facet normal 0.242985 -0.97003 0
    outer loop
      vertex 22.0711 -21.4378 0
      vertex 22.3757 -21.3615 0.49
      vertex 22.0711 -21.4378 0.49
    endloop
  endfacet
  facet normal 0.242985 -0.97003 0
    outer loop
      vertex 22.3757 -21.3615 0.49
      vertex 22.0711 -21.4378 0
      vertex 22.3757 -21.3615 0
    endloop
  endfacet
  facet normal 0.146814 -0.989164 0
    outer loop
      vertex 22.3757 -21.3615 0
      vertex 22.6863 -21.3154 0.49
      vertex 22.3757 -21.3615 0.49
    endloop
  endfacet
  facet normal 0.146814 -0.989164 0
    outer loop
      vertex 22.6863 -21.3154 0.49
      vertex 22.3757 -21.3615 0
      vertex 22.6863 -21.3154 0
    endloop
  endfacet
  facet normal 0.740819 0.671705 0
    outer loop
      vertex 20.7373 -26.7627 0.49
      vertex 20.5264 -26.5301 0
      vertex 20.5264 -26.5301 0.49
    endloop
  endfacet
  facet normal 0.740819 0.671705 0
    outer loop
      vertex 20.5264 -26.5301 0
      vertex 20.7373 -26.7627 0.49
      vertex 20.7373 -26.7627 0
    endloop
  endfacet
  facet normal 0.803236 0.595661 0
    outer loop
      vertex 20.5264 -26.5301 0.49
      vertex 20.3393 -26.2778 0
      vertex 20.3393 -26.2778 0.49
    endloop
  endfacet
  facet normal 0.803236 0.595661 0
    outer loop
      vertex 20.3393 -26.2778 0
      vertex 20.5264 -26.5301 0.49
      vertex 20.5264 -26.5301 0
    endloop
  endfacet
  facet normal 0.989164 -0.146814 0
    outer loop
      vertex 19.8154 -24.1863 0.49
      vertex 19.8615 -23.8757 0
      vertex 19.8615 -23.8757 0.49
    endloop
  endfacet
  facet normal 0.989164 -0.146814 0
    outer loop
      vertex 19.8615 -23.8757 0
      vertex 19.8154 -24.1863 0.49
      vertex 19.8154 -24.1863 0
    endloop
  endfacet
  facet normal 0.595661 -0.803236 0
    outer loop
      vertex 20.9699 -22.0264 0
      vertex 21.2222 -21.8393 0.49
      vertex 20.9699 -22.0264 0.49
    endloop
  endfacet
  facet normal 0.595661 -0.803236 0
    outer loop
      vertex 21.2222 -21.8393 0.49
      vertex 20.9699 -22.0264 0
      vertex 21.2222 -21.8393 0
    endloop
  endfacet
  facet normal 0.514074 -0.857746 0
    outer loop
      vertex 21.2222 -21.8393 0
      vertex 21.4915 -21.6779 0.49
      vertex 21.2222 -21.8393 0.49
    endloop
  endfacet
  facet normal 0.514074 -0.857746 0
    outer loop
      vertex 21.4915 -21.6779 0.49
      vertex 21.2222 -21.8393 0
      vertex 21.4915 -21.6779 0
    endloop
  endfacet
  facet normal 0.903958 -0.427621 0
    outer loop
      vertex 20.0436 -23.2754 0.49
      vertex 20.1779 -22.9915 0
      vertex 20.1779 -22.9915 0.49
    endloop
  endfacet
  facet normal 0.903958 -0.427621 0
    outer loop
      vertex 20.1779 -22.9915 0
      vertex 20.0436 -23.2754 0.49
      vertex 20.0436 -23.2754 0
    endloop
  endfacet
  facet normal 0.857746 -0.514074 0
    outer loop
      vertex 20.1779 -22.9915 0.49
      vertex 20.3393 -22.7222 0
      vertex 20.3393 -22.7222 0.49
    endloop
  endfacet
  facet normal 0.857746 -0.514074 0
    outer loop
      vertex 20.3393 -22.7222 0
      vertex 20.1779 -22.9915 0.49
      vertex 20.1779 -22.9915 0
    endloop
  endfacet
  facet normal 0.803236 -0.595661 0
    outer loop
      vertex 20.3393 -22.7222 0.49
      vertex 20.5264 -22.4699 0
      vertex 20.5264 -22.4699 0.49
    endloop
  endfacet
  facet normal 0.803236 -0.595661 0
    outer loop
      vertex 20.5264 -22.4699 0
      vertex 20.3393 -22.7222 0.49
      vertex 20.3393 -22.7222 0
    endloop
  endfacet
  facet normal -0.0490324 0.998797 0
    outer loop
      vertex 23.3137 -18.6846 0
      vertex 23 -18.7 0.49
      vertex 23.3137 -18.6846 0.49
    endloop
  endfacet
  facet normal -0.0490324 0.998797 0
    outer loop
      vertex 23 -18.7 0.49
      vertex 23.3137 -18.6846 0
      vertex 23 -18.7 0
    endloop
  endfacet
  facet normal 0.0490324 -0.998797 0
    outer loop
      vertex 22.6863 -12.3154 0
      vertex 23 -12.3 0.49
      vertex 22.6863 -12.3154 0.49
    endloop
  endfacet
  facet normal 0.0490324 -0.998797 0
    outer loop
      vertex 23 -12.3 0.49
      vertex 22.6863 -12.3154 0
      vertex 23 -12.3 0
    endloop
  endfacet
  facet normal -0.998797 -0.0490324 0
    outer loop
      vertex 26.2 -15.5 0
      vertex 26.1846 -15.1863 0.49
      vertex 26.1846 -15.1863 0
    endloop
  endfacet
  facet normal -0.998797 -0.0490324 0
    outer loop
      vertex 26.1846 -15.1863 0.49
      vertex 26.2 -15.5 0
      vertex 26.2 -15.5 0.49
    endloop
  endfacet
  facet normal 0.998797 0.0490324 0
    outer loop
      vertex 19.8154 -15.8137 0.49
      vertex 19.8 -15.5 0
      vertex 19.8 -15.5 0.49
    endloop
  endfacet
  facet normal 0.998797 0.0490324 0
    outer loop
      vertex 19.8 -15.5 0
      vertex 19.8154 -15.8137 0.49
      vertex 19.8154 -15.8137 0
    endloop
  endfacet
  facet normal -0.740819 0.671705 0
    outer loop
      vertex 25.2627 -17.7627 0
      vertex 25.4736 -17.5301 0.49
      vertex 25.4736 -17.5301 0
    endloop
  endfacet
  facet normal -0.740819 0.671705 0
    outer loop
      vertex 25.4736 -17.5301 0.49
      vertex 25.2627 -17.7627 0
      vertex 25.2627 -17.7627 0.49
    endloop
  endfacet
  facet normal -0.671705 -0.740819 0
    outer loop
      vertex 25.0301 -13.0264 0
      vertex 25.2627 -13.2373 0.49
      vertex 25.0301 -13.0264 0.49
    endloop
  endfacet
  facet normal -0.671705 -0.740819 -0
    outer loop
      vertex 25.2627 -13.2373 0.49
      vertex 25.0301 -13.0264 0
      vertex 25.2627 -13.2373 0
    endloop
  endfacet
  facet normal -0.903958 -0.427621 0
    outer loop
      vertex 25.9564 -14.2754 0
      vertex 25.8221 -13.9915 0.49
      vertex 25.8221 -13.9915 0
    endloop
  endfacet
  facet normal -0.903958 -0.427621 0
    outer loop
      vertex 25.8221 -13.9915 0.49
      vertex 25.9564 -14.2754 0
      vertex 25.9564 -14.2754 0.49
    endloop
  endfacet
  facet normal -0.427621 0.903958 0
    outer loop
      vertex 24.5085 -18.3221 0
      vertex 24.2246 -18.4564 0.49
      vertex 24.5085 -18.3221 0.49
    endloop
  endfacet
  facet normal -0.427621 0.903958 0
    outer loop
      vertex 24.2246 -18.4564 0.49
      vertex 24.5085 -18.3221 0
      vertex 24.2246 -18.4564 0
    endloop
  endfacet
  facet normal -0.941547 0.336881 0
    outer loop
      vertex 25.9564 -16.7246 0
      vertex 26.0622 -16.4289 0.49
      vertex 26.0622 -16.4289 0
    endloop
  endfacet
  facet normal -0.941547 0.336881 0
    outer loop
      vertex 26.0622 -16.4289 0.49
      vertex 25.9564 -16.7246 0
      vertex 25.9564 -16.7246 0.49
    endloop
  endfacet
  facet normal -0.857746 0.514074 0
    outer loop
      vertex 25.6607 -17.2778 0
      vertex 25.8221 -17.0085 0.49
      vertex 25.8221 -17.0085 0
    endloop
  endfacet
  facet normal -0.857746 0.514074 0
    outer loop
      vertex 25.8221 -17.0085 0.49
      vertex 25.6607 -17.2778 0
      vertex 25.6607 -17.2778 0.49
    endloop
  endfacet
  facet normal -0.427621 -0.903958 0
    outer loop
      vertex 24.2246 -12.5436 0
      vertex 24.5085 -12.6779 0.49
      vertex 24.2246 -12.5436 0.49
    endloop
  endfacet
  facet normal -0.427621 -0.903958 -0
    outer loop
      vertex 24.5085 -12.6779 0.49
      vertex 24.2246 -12.5436 0
      vertex 24.5085 -12.6779 0
    endloop
  endfacet
  facet normal -0.514074 -0.857746 0
    outer loop
      vertex 24.5085 -12.6779 0
      vertex 24.7778 -12.8393 0.49
      vertex 24.5085 -12.6779 0.49
    endloop
  endfacet
  facet normal -0.514074 -0.857746 -0
    outer loop
      vertex 24.7778 -12.8393 0.49
      vertex 24.5085 -12.6779 0
      vertex 24.7778 -12.8393 0
    endloop
  endfacet
  facet normal -0.97003 -0.242985 0
    outer loop
      vertex 26.1385 -14.8757 0
      vertex 26.0622 -14.5711 0.49
      vertex 26.0622 -14.5711 0
    endloop
  endfacet
  facet normal -0.97003 -0.242985 0
    outer loop
      vertex 26.0622 -14.5711 0.49
      vertex 26.1385 -14.8757 0
      vertex 26.1385 -14.8757 0.49
    endloop
  endfacet
  facet normal 0.989164 0.146814 0
    outer loop
      vertex 19.8615 -16.1243 0.49
      vertex 19.8154 -15.8137 0
      vertex 19.8154 -15.8137 0.49
    endloop
  endfacet
  facet normal 0.989164 0.146814 0
    outer loop
      vertex 19.8154 -15.8137 0
      vertex 19.8615 -16.1243 0.49
      vertex 19.8615 -16.1243 0
    endloop
  endfacet
  facet normal -0.242985 0.97003 0
    outer loop
      vertex 23.9289 -18.5622 0
      vertex 23.6243 -18.6385 0.49
      vertex 23.9289 -18.5622 0.49
    endloop
  endfacet
  facet normal -0.242985 0.97003 0
    outer loop
      vertex 23.6243 -18.6385 0.49
      vertex 23.9289 -18.5622 0
      vertex 23.6243 -18.6385 0
    endloop
  endfacet
  facet normal -0.146814 0.989164 0
    outer loop
      vertex 23.6243 -18.6385 0
      vertex 23.3137 -18.6846 0.49
      vertex 23.6243 -18.6385 0.49
    endloop
  endfacet
  facet normal -0.146814 0.989164 0
    outer loop
      vertex 23.3137 -18.6846 0.49
      vertex 23.6243 -18.6385 0
      vertex 23.3137 -18.6846 0
    endloop
  endfacet
  facet normal -0.336881 0.941547 0
    outer loop
      vertex 24.2246 -18.4564 0
      vertex 23.9289 -18.5622 0.49
      vertex 24.2246 -18.4564 0.49
    endloop
  endfacet
  facet normal -0.336881 0.941547 0
    outer loop
      vertex 23.9289 -18.5622 0.49
      vertex 24.2246 -18.4564 0
      vertex 23.9289 -18.5622 0
    endloop
  endfacet
  facet normal -0.595661 0.803236 0
    outer loop
      vertex 25.0301 -17.9736 0
      vertex 24.7778 -18.1607 0.49
      vertex 25.0301 -17.9736 0.49
    endloop
  endfacet
  facet normal -0.595661 0.803236 0
    outer loop
      vertex 24.7778 -18.1607 0.49
      vertex 25.0301 -17.9736 0
      vertex 24.7778 -18.1607 0
    endloop
  endfacet
  facet normal -0.671705 0.740819 0
    outer loop
      vertex 25.2627 -17.7627 0
      vertex 25.0301 -17.9736 0.49
      vertex 25.2627 -17.7627 0.49
    endloop
  endfacet
  facet normal -0.671705 0.740819 0
    outer loop
      vertex 25.0301 -17.9736 0.49
      vertex 25.2627 -17.7627 0
      vertex 25.0301 -17.9736 0
    endloop
  endfacet
  facet normal -0.514074 0.857746 0
    outer loop
      vertex 24.7778 -18.1607 0
      vertex 24.5085 -18.3221 0.49
      vertex 24.7778 -18.1607 0.49
    endloop
  endfacet
  facet normal -0.514074 0.857746 0
    outer loop
      vertex 24.5085 -18.3221 0.49
      vertex 24.7778 -18.1607 0
      vertex 24.5085 -18.3221 0
    endloop
  endfacet
  facet normal -0.989164 0.146814 0
    outer loop
      vertex 26.1385 -16.1243 0
      vertex 26.1846 -15.8137 0.49
      vertex 26.1846 -15.8137 0
    endloop
  endfacet
  facet normal -0.989164 0.146814 0
    outer loop
      vertex 26.1846 -15.8137 0.49
      vertex 26.1385 -16.1243 0
      vertex 26.1385 -16.1243 0.49
    endloop
  endfacet
  facet normal -0.998797 0.0490324 0
    outer loop
      vertex 26.1846 -15.8137 0
      vertex 26.2 -15.5 0.49
      vertex 26.2 -15.5 0
    endloop
  endfacet
  facet normal -0.998797 0.0490324 0
    outer loop
      vertex 26.2 -15.5 0.49
      vertex 26.1846 -15.8137 0
      vertex 26.1846 -15.8137 0.49
    endloop
  endfacet
  facet normal -0.903958 0.427621 0
    outer loop
      vertex 25.8221 -17.0085 0
      vertex 25.9564 -16.7246 0.49
      vertex 25.9564 -16.7246 0
    endloop
  endfacet
  facet normal -0.903958 0.427621 0
    outer loop
      vertex 25.9564 -16.7246 0.49
      vertex 25.8221 -17.0085 0
      vertex 25.8221 -17.0085 0.49
    endloop
  endfacet
  facet normal -0.803236 0.595661 0
    outer loop
      vertex 25.4736 -17.5301 0
      vertex 25.6607 -17.2778 0.49
      vertex 25.6607 -17.2778 0
    endloop
  endfacet
  facet normal -0.803236 0.595661 0
    outer loop
      vertex 25.6607 -17.2778 0.49
      vertex 25.4736 -17.5301 0
      vertex 25.4736 -17.5301 0.49
    endloop
  endfacet
  facet normal -0.146814 -0.989164 0
    outer loop
      vertex 23.3137 -12.3154 0
      vertex 23.6243 -12.3615 0.49
      vertex 23.3137 -12.3154 0.49
    endloop
  endfacet
  facet normal -0.146814 -0.989164 -0
    outer loop
      vertex 23.6243 -12.3615 0.49
      vertex 23.3137 -12.3154 0
      vertex 23.6243 -12.3615 0
    endloop
  endfacet
  facet normal -0.595661 -0.803236 0
    outer loop
      vertex 24.7778 -12.8393 0
      vertex 25.0301 -13.0264 0.49
      vertex 24.7778 -12.8393 0.49
    endloop
  endfacet
  facet normal -0.595661 -0.803236 -0
    outer loop
      vertex 25.0301 -13.0264 0.49
      vertex 24.7778 -12.8393 0
      vertex 25.0301 -13.0264 0
    endloop
  endfacet
  facet normal -0.336881 -0.941547 0
    outer loop
      vertex 23.9289 -12.4378 0
      vertex 24.2246 -12.5436 0.49
      vertex 23.9289 -12.4378 0.49
    endloop
  endfacet
  facet normal -0.336881 -0.941547 -0
    outer loop
      vertex 24.2246 -12.5436 0.49
      vertex 23.9289 -12.4378 0
      vertex 24.2246 -12.5436 0
    endloop
  endfacet
  facet normal -0.242985 -0.97003 0
    outer loop
      vertex 23.6243 -12.3615 0
      vertex 23.9289 -12.4378 0.49
      vertex 23.6243 -12.3615 0.49
    endloop
  endfacet
  facet normal -0.242985 -0.97003 -0
    outer loop
      vertex 23.9289 -12.4378 0.49
      vertex 23.6243 -12.3615 0
      vertex 23.9289 -12.4378 0
    endloop
  endfacet
  facet normal -0.0490324 -0.998797 0
    outer loop
      vertex 23 -12.3 0
      vertex 23.3137 -12.3154 0.49
      vertex 23 -12.3 0.49
    endloop
  endfacet
  facet normal -0.0490324 -0.998797 -0
    outer loop
      vertex 23.3137 -12.3154 0.49
      vertex 23 -12.3 0
      vertex 23.3137 -12.3154 0
    endloop
  endfacet
  facet normal 0 0 -1
    outer loop
      vertex 26.1846 -15.8137 0.49
      vertex 26.1846 -15.1863 0.49
      vertex 26.2 -15.5 0.49
    endloop
  endfacet
  facet normal 0 0 -1
    outer loop
      vertex 26.1385 -16.1243 0.49
      vertex 26.1846 -15.1863 0.49
      vertex 26.1846 -15.8137 0.49
    endloop
  endfacet
  facet normal 0 0 -1
    outer loop
      vertex 26.1385 -16.1243 0.49
      vertex 26.1385 -14.8757 0.49
      vertex 26.1846 -15.1863 0.49
    endloop
  endfacet
  facet normal 0 0 -1
    outer loop
      vertex 26.0622 -16.4289 0.49
      vertex 26.1385 -14.8757 0.49
      vertex 26.1385 -16.1243 0.49
    endloop
  endfacet
  facet normal 0 0 -1
    outer loop
      vertex 26.0622 -16.4289 0.49
      vertex 26.0622 -14.5711 0.49
      vertex 26.1385 -14.8757 0.49
    endloop
  endfacet
  facet normal 0 0 -1
    outer loop
      vertex 25.9564 -16.7246 0.49
      vertex 26.0622 -14.5711 0.49
      vertex 26.0622 -16.4289 0.49
    endloop
  endfacet
  facet normal 0 0 -1
    outer loop
      vertex 25.9564 -16.7246 0.49
      vertex 25.9564 -14.2754 0.49
      vertex 26.0622 -14.5711 0.49
    endloop
  endfacet
  facet normal 0 0 -1
    outer loop
      vertex 25.8221 -17.0085 0.49
      vertex 25.9564 -14.2754 0.49
      vertex 25.9564 -16.7246 0.49
    endloop
  endfacet
  facet normal 0 0 -1
    outer loop
      vertex 25.8221 -17.0085 0.49
      vertex 25.8221 -13.9915 0.49
      vertex 25.9564 -14.2754 0.49
    endloop
  endfacet
  facet normal 0 0 -1
    outer loop
      vertex 25.6607 -17.2778 0.49
      vertex 25.8221 -13.9915 0.49
      vertex 25.8221 -17.0085 0.49
    endloop
  endfacet
  facet normal 0 0 -1
    outer loop
      vertex 25.6607 -17.2778 0.49
      vertex 25.6607 -13.7222 0.49
      vertex 25.8221 -13.9915 0.49
    endloop
  endfacet
  facet normal 0 0 -1
    outer loop
      vertex 25.4736 -17.5301 0.49
      vertex 25.6607 -13.7222 0.49
      vertex 25.6607 -17.2778 0.49
    endloop
  endfacet
  facet normal 0 0 -1
    outer loop
      vertex 25.4736 -17.5301 0.49
      vertex 25.4736 -13.4699 0.49
      vertex 25.6607 -13.7222 0.49
    endloop
  endfacet
  facet normal 0 0 -1
    outer loop
      vertex 25.2627 -17.7627 0.49
      vertex 25.4736 -13.4699 0.49
      vertex 25.4736 -17.5301 0.49
    endloop
  endfacet
  facet normal 0 0 -1
    outer loop
      vertex 25.2627 -17.7627 0.49
      vertex 25.2627 -13.2373 0.49
      vertex 25.4736 -13.4699 0.49
    endloop
  endfacet
  facet normal 0 0 -1
    outer loop
      vertex 25.0301 -17.9736 0.49
      vertex 25.2627 -13.2373 0.49
      vertex 25.2627 -17.7627 0.49
    endloop
  endfacet
  facet normal 0 0 -1
    outer loop
      vertex 25.0301 -17.9736 0.49
      vertex 25.0301 -13.0264 0.49
      vertex 25.2627 -13.2373 0.49
    endloop
  endfacet
  facet normal 0 0 -1
    outer loop
      vertex 24.7778 -18.1607 0.49
      vertex 25.0301 -13.0264 0.49
      vertex 25.0301 -17.9736 0.49
    endloop
  endfacet
  facet normal 0 0 -1
    outer loop
      vertex 24.7778 -18.1607 0.49
      vertex 24.7778 -12.8393 0.49
      vertex 25.0301 -13.0264 0.49
    endloop
  endfacet
  facet normal 0 0 -1
    outer loop
      vertex 24.5085 -18.3221 0.49
      vertex 24.7778 -12.8393 0.49
      vertex 24.7778 -18.1607 0.49
    endloop
  endfacet
  facet normal 0 0 -1
    outer loop
      vertex 24.5085 -18.3221 0.49
      vertex 24.5085 -12.6779 0.49
      vertex 24.7778 -12.8393 0.49
    endloop
  endfacet
  facet normal 0 0 -1
    outer loop
      vertex 24.2246 -18.4564 0.49
      vertex 24.5085 -12.6779 0.49
      vertex 24.5085 -18.3221 0.49
    endloop
  endfacet
  facet normal 0 0 -1
    outer loop
      vertex 24.2246 -18.4564 0.49
      vertex 24.2246 -12.5436 0.49
      vertex 24.5085 -12.6779 0.49
    endloop
  endfacet
  facet normal 0 0 -1
    outer loop
      vertex 23.9289 -18.5622 0.49
      vertex 24.2246 -12.5436 0.49
      vertex 24.2246 -18.4564 0.49
    endloop
  endfacet
  facet normal 0 0 -1
    outer loop
      vertex 23.9289 -18.5622 0.49
      vertex 23.9289 -12.4378 0.49
      vertex 24.2246 -12.5436 0.49
    endloop
  endfacet
  facet normal 0 0 -1
    outer loop
      vertex 23.6243 -18.6385 0.49
      vertex 23.9289 -12.4378 0.49
      vertex 23.9289 -18.5622 0.49
    endloop
  endfacet
  facet normal 0 0 -1
    outer loop
      vertex 23.6243 -18.6385 0.49
      vertex 23.6243 -12.3615 0.49
      vertex 23.9289 -12.4378 0.49
    endloop
  endfacet
  facet normal 0 0 -1
    outer loop
      vertex 23.3137 -18.6846 0.49
      vertex 23.6243 -12.3615 0.49
      vertex 23.6243 -18.6385 0.49
    endloop
  endfacet
  facet normal 0 0 -1
    outer loop
      vertex 23.3137 -18.6846 0.49
      vertex 23.3137 -12.3154 0.49
      vertex 23.6243 -12.3615 0.49
    endloop
  endfacet
  facet normal 0 0 -1
    outer loop
      vertex 23 -18.7 0.49
      vertex 23.3137 -12.3154 0.49
      vertex 23.3137 -18.6846 0.49
    endloop
  endfacet
  facet normal 0 0 -1
    outer loop
      vertex 23 -18.7 0.49
      vertex 23 -12.3 0.49
      vertex 23.3137 -12.3154 0.49
    endloop
  endfacet
  facet normal 0 0 -1
    outer loop
      vertex 22.6863 -18.6846 0.49
      vertex 23 -12.3 0.49
      vertex 23 -18.7 0.49
    endloop
  endfacet
  facet normal 0 0 -1
    outer loop
      vertex 22.6863 -18.6846 0.49
      vertex 22.6863 -12.3154 0.49
      vertex 23 -12.3 0.49
    endloop
  endfacet
  facet normal 0 0 -1
    outer loop
      vertex 22.3757 -18.6385 0.49
      vertex 22.6863 -12.3154 0.49
      vertex 22.6863 -18.6846 0.49
    endloop
  endfacet
  facet normal 0 0 -1
    outer loop
      vertex 22.3757 -18.6385 0.49
      vertex 22.3757 -12.3615 0.49
      vertex 22.6863 -12.3154 0.49
    endloop
  endfacet
  facet normal 0 0 -1
    outer loop
      vertex 22.0711 -18.5622 0.49
      vertex 22.3757 -12.3615 0.49
      vertex 22.3757 -18.6385 0.49
    endloop
  endfacet
  facet normal 0 0 -1
    outer loop
      vertex 22.0711 -18.5622 0.49
      vertex 22.0711 -12.4378 0.49
      vertex 22.3757 -12.3615 0.49
    endloop
  endfacet
  facet normal 0 0 -1
    outer loop
      vertex 21.7754 -18.4564 0.49
      vertex 22.0711 -12.4378 0.49
      vertex 22.0711 -18.5622 0.49
    endloop
  endfacet
  facet normal 0 0 -1
    outer loop
      vertex 21.7754 -18.4564 0.49
      vertex 21.7754 -12.5436 0.49
      vertex 22.0711 -12.4378 0.49
    endloop
  endfacet
  facet normal 0 0 -1
    outer loop
      vertex 21.4915 -18.3221 0.49
      vertex 21.7754 -12.5436 0.49
      vertex 21.7754 -18.4564 0.49
    endloop
  endfacet
  facet normal 0 0 -1
    outer loop
      vertex 21.4915 -18.3221 0.49
      vertex 21.4915 -12.6779 0.49
      vertex 21.7754 -12.5436 0.49
    endloop
  endfacet
  facet normal 0 0 -1
    outer loop
      vertex 21.2222 -18.1607 0.49
      vertex 21.4915 -12.6779 0.49
      vertex 21.4915 -18.3221 0.49
    endloop
  endfacet
  facet normal 0 0 -1
    outer loop
      vertex 21.2222 -18.1607 0.49
      vertex 21.2222 -12.8393 0.49
      vertex 21.4915 -12.6779 0.49
    endloop
  endfacet
  facet normal 0 0 -1
    outer loop
      vertex 20.9699 -17.9736 0.49
      vertex 21.2222 -12.8393 0.49
      vertex 21.2222 -18.1607 0.49
    endloop
  endfacet
  facet normal 0 0 -1
    outer loop
      vertex 20.9699 -17.9736 0.49
      vertex 20.9699 -13.0264 0.49
      vertex 21.2222 -12.8393 0.49
    endloop
  endfacet
  facet normal 0 0 -1
    outer loop
      vertex 20.7373 -17.7627 0.49
      vertex 20.9699 -13.0264 0.49
      vertex 20.9699 -17.9736 0.49
    endloop
  endfacet
  facet normal 0 0 -1
    outer loop
      vertex 20.7373 -17.7627 0.49
      vertex 20.7373 -13.2373 0.49
      vertex 20.9699 -13.0264 0.49
    endloop
  endfacet
  facet normal 0 0 -1
    outer loop
      vertex 20.5264 -17.5301 0.49
      vertex 20.7373 -13.2373 0.49
      vertex 20.7373 -17.7627 0.49
    endloop
  endfacet
  facet normal 0 0 -1
    outer loop
      vertex 20.5264 -17.5301 0.49
      vertex 20.5264 -13.4699 0.49
      vertex 20.7373 -13.2373 0.49
    endloop
  endfacet
  facet normal 0 0 -1
    outer loop
      vertex 20.3393 -17.2778 0.49
      vertex 20.5264 -13.4699 0.49
      vertex 20.5264 -17.5301 0.49
    endloop
  endfacet
  facet normal 0 0 -1
    outer loop
      vertex 20.3393 -17.2778 0.49
      vertex 20.3393 -13.7222 0.49
      vertex 20.5264 -13.4699 0.49
    endloop
  endfacet
  facet normal 0 0 -1
    outer loop
      vertex 20.1779 -17.0085 0.49
      vertex 20.3393 -13.7222 0.49
      vertex 20.3393 -17.2778 0.49
    endloop
  endfacet
  facet normal 0 0 -1
    outer loop
      vertex 20.1779 -17.0085 0.49
      vertex 20.1779 -13.9915 0.49
      vertex 20.3393 -13.7222 0.49
    endloop
  endfacet
  facet normal 0 0 -1
    outer loop
      vertex 20.0436 -16.7246 0.49
      vertex 20.1779 -13.9915 0.49
      vertex 20.1779 -17.0085 0.49
    endloop
  endfacet
  facet normal 0 0 -1
    outer loop
      vertex 20.0436 -16.7246 0.49
      vertex 20.0436 -14.2754 0.49
      vertex 20.1779 -13.9915 0.49
    endloop
  endfacet
  facet normal 0 0 -1
    outer loop
      vertex 19.9378 -16.4289 0.49
      vertex 20.0436 -14.2754 0.49
      vertex 20.0436 -16.7246 0.49
    endloop
  endfacet
  facet normal 0 0 -1
    outer loop
      vertex 19.9378 -16.4289 0.49
      vertex 19.9378 -14.5711 0.49
      vertex 20.0436 -14.2754 0.49
    endloop
  endfacet
  facet normal 0 0 -1
    outer loop
      vertex 19.8615 -16.1243 0.49
      vertex 19.9378 -14.5711 0.49
      vertex 19.9378 -16.4289 0.49
    endloop
  endfacet
  facet normal 0 0 -1
    outer loop
      vertex 19.8615 -16.1243 0.49
      vertex 19.8615 -14.8757 0.49
      vertex 19.9378 -14.5711 0.49
    endloop
  endfacet
  facet normal 0 0 -1
    outer loop
      vertex 19.8154 -15.8137 0.49
      vertex 19.8615 -14.8757 0.49
      vertex 19.8615 -16.1243 0.49
    endloop
  endfacet
  facet normal 0 0 -1
    outer loop
      vertex 19.8154 -15.8137 0.49
      vertex 19.8154 -15.1863 0.49
      vertex 19.8615 -14.8757 0.49
    endloop
  endfacet
  facet normal 0 -0 -1
    outer loop
      vertex 19.8154 -15.1863 0.49
      vertex 19.8154 -15.8137 0.49
      vertex 19.8 -15.5 0.49
    endloop
  endfacet
  facet normal -0.857746 -0.514074 0
    outer loop
      vertex 25.8221 -13.9915 0
      vertex 25.6607 -13.7222 0.49
      vertex 25.6607 -13.7222 0
    endloop
  endfacet
  facet normal -0.857746 -0.514074 0
    outer loop
      vertex 25.6607 -13.7222 0.49
      vertex 25.8221 -13.9915 0
      vertex 25.8221 -13.9915 0.49
    endloop
  endfacet
  facet normal -0.803236 -0.595661 0
    outer loop
      vertex 25.6607 -13.7222 0
      vertex 25.4736 -13.4699 0.49
      vertex 25.4736 -13.4699 0
    endloop
  endfacet
  facet normal -0.803236 -0.595661 0
    outer loop
      vertex 25.4736 -13.4699 0.49
      vertex 25.6607 -13.7222 0
      vertex 25.6607 -13.7222 0.49
    endloop
  endfacet
  facet normal -0.740819 -0.671705 0
    outer loop
      vertex 25.4736 -13.4699 0
      vertex 25.2627 -13.2373 0.49
      vertex 25.2627 -13.2373 0
    endloop
  endfacet
  facet normal -0.740819 -0.671705 0
    outer loop
      vertex 25.2627 -13.2373 0.49
      vertex 25.4736 -13.4699 0
      vertex 25.4736 -13.4699 0.49
    endloop
  endfacet
  facet normal -0.989164 -0.146814 0
    outer loop
      vertex 26.1846 -15.1863 0
      vertex 26.1385 -14.8757 0.49
      vertex 26.1385 -14.8757 0
    endloop
  endfacet
  facet normal -0.989164 -0.146814 0
    outer loop
      vertex 26.1385 -14.8757 0.49
      vertex 26.1846 -15.1863 0
      vertex 26.1846 -15.1863 0.49
    endloop
  endfacet
  facet normal 0.671705 0.740819 -0
    outer loop
      vertex 20.9699 -17.9736 0
      vertex 20.7373 -17.7627 0.49
      vertex 20.9699 -17.9736 0.49
    endloop
  endfacet
  facet normal 0.671705 0.740819 0
    outer loop
      vertex 20.7373 -17.7627 0.49
      vertex 20.9699 -17.9736 0
      vertex 20.7373 -17.7627 0
    endloop
  endfacet
  facet normal 0.427621 0.903958 -0
    outer loop
      vertex 21.7754 -18.4564 0
      vertex 21.4915 -18.3221 0.49
      vertex 21.7754 -18.4564 0.49
    endloop
  endfacet
  facet normal 0.427621 0.903958 0
    outer loop
      vertex 21.4915 -18.3221 0.49
      vertex 21.7754 -18.4564 0
      vertex 21.4915 -18.3221 0
    endloop
  endfacet
  facet normal 0.146814 -0.989164 0
    outer loop
      vertex 22.3757 -12.3615 0
      vertex 22.6863 -12.3154 0.49
      vertex 22.3757 -12.3615 0.49
    endloop
  endfacet
  facet normal 0.146814 -0.989164 0
    outer loop
      vertex 22.6863 -12.3154 0.49
      vertex 22.3757 -12.3615 0
      vertex 22.6863 -12.3154 0
    endloop
  endfacet
  facet normal 0.903958 0.427621 0
    outer loop
      vertex 20.1779 -17.0085 0.49
      vertex 20.0436 -16.7246 0
      vertex 20.0436 -16.7246 0.49
    endloop
  endfacet
  facet normal 0.903958 0.427621 0
    outer loop
      vertex 20.0436 -16.7246 0
      vertex 20.1779 -17.0085 0.49
      vertex 20.1779 -17.0085 0
    endloop
  endfacet
  facet normal -0.97003 0.242985 0
    outer loop
      vertex 26.0622 -16.4289 0
      vertex 26.1385 -16.1243 0.49
      vertex 26.1385 -16.1243 0
    endloop
  endfacet
  facet normal -0.97003 0.242985 0
    outer loop
      vertex 26.1385 -16.1243 0.49
      vertex 26.0622 -16.4289 0
      vertex 26.0622 -16.4289 0.49
    endloop
  endfacet
  facet normal -0.941547 -0.336881 0
    outer loop
      vertex 26.0622 -14.5711 0
      vertex 25.9564 -14.2754 0.49
      vertex 25.9564 -14.2754 0
    endloop
  endfacet
  facet normal -0.941547 -0.336881 0
    outer loop
      vertex 25.9564 -14.2754 0.49
      vertex 26.0622 -14.5711 0
      vertex 26.0622 -14.5711 0.49
    endloop
  endfacet
  facet normal 0.146814 0.989164 -0
    outer loop
      vertex 22.6863 -18.6846 0
      vertex 22.3757 -18.6385 0.49
      vertex 22.6863 -18.6846 0.49
    endloop
  endfacet
  facet normal 0.146814 0.989164 0
    outer loop
      vertex 22.3757 -18.6385 0.49
      vertex 22.6863 -18.6846 0
      vertex 22.3757 -18.6385 0
    endloop
  endfacet
  facet normal 0.0490324 0.998797 -0
    outer loop
      vertex 23 -18.7 0
      vertex 22.6863 -18.6846 0.49
      vertex 23 -18.7 0.49
    endloop
  endfacet
  facet normal 0.0490324 0.998797 0
    outer loop
      vertex 22.6863 -18.6846 0.49
      vertex 23 -18.7 0
      vertex 22.6863 -18.6846 0
    endloop
  endfacet
  facet normal 0.595661 0.803236 -0
    outer loop
      vertex 21.2222 -18.1607 0
      vertex 20.9699 -17.9736 0.49
      vertex 21.2222 -18.1607 0.49
    endloop
  endfacet
  facet normal 0.595661 0.803236 0
    outer loop
      vertex 20.9699 -17.9736 0.49
      vertex 21.2222 -18.1607 0
      vertex 20.9699 -17.9736 0
    endloop
  endfacet
  facet normal 0.857746 0.514074 0
    outer loop
      vertex 20.3393 -17.2778 0.49
      vertex 20.1779 -17.0085 0
      vertex 20.1779 -17.0085 0.49
    endloop
  endfacet
  facet normal 0.857746 0.514074 0
    outer loop
      vertex 20.1779 -17.0085 0
      vertex 20.3393 -17.2778 0.49
      vertex 20.3393 -17.2778 0
    endloop
  endfacet
  facet normal 0.671705 -0.740819 0
    outer loop
      vertex 20.7373 -13.2373 0
      vertex 20.9699 -13.0264 0.49
      vertex 20.7373 -13.2373 0.49
    endloop
  endfacet
  facet normal 0.671705 -0.740819 0
    outer loop
      vertex 20.9699 -13.0264 0.49
      vertex 20.7373 -13.2373 0
      vertex 20.9699 -13.0264 0
    endloop
  endfacet
  facet normal 0.336881 -0.941547 0
    outer loop
      vertex 21.7754 -12.5436 0
      vertex 22.0711 -12.4378 0.49
      vertex 21.7754 -12.5436 0.49
    endloop
  endfacet
  facet normal 0.336881 -0.941547 0
    outer loop
      vertex 22.0711 -12.4378 0.49
      vertex 21.7754 -12.5436 0
      vertex 22.0711 -12.4378 0
    endloop
  endfacet
  facet normal 0.97003 0.242985 0
    outer loop
      vertex 19.9378 -16.4289 0.49
      vertex 19.8615 -16.1243 0
      vertex 19.8615 -16.1243 0.49
    endloop
  endfacet
  facet normal 0.97003 0.242985 0
    outer loop
      vertex 19.8615 -16.1243 0
      vertex 19.9378 -16.4289 0.49
      vertex 19.9378 -16.4289 0
    endloop
  endfacet
  facet normal 0.336881 0.941547 -0
    outer loop
      vertex 22.0711 -18.5622 0
      vertex 21.7754 -18.4564 0.49
      vertex 22.0711 -18.5622 0.49
    endloop
  endfacet
  facet normal 0.336881 0.941547 0
    outer loop
      vertex 21.7754 -18.4564 0.49
      vertex 22.0711 -18.5622 0
      vertex 21.7754 -18.4564 0
    endloop
  endfacet
  facet normal 0.242985 0.97003 -0
    outer loop
      vertex 22.3757 -18.6385 0
      vertex 22.0711 -18.5622 0.49
      vertex 22.3757 -18.6385 0.49
    endloop
  endfacet
  facet normal 0.242985 0.97003 0
    outer loop
      vertex 22.0711 -18.5622 0.49
      vertex 22.3757 -18.6385 0
      vertex 22.0711 -18.5622 0
    endloop
  endfacet
  facet normal 0.514074 0.857746 -0
    outer loop
      vertex 21.4915 -18.3221 0
      vertex 21.2222 -18.1607 0.49
      vertex 21.4915 -18.3221 0.49
    endloop
  endfacet
  facet normal 0.514074 0.857746 0
    outer loop
      vertex 21.2222 -18.1607 0.49
      vertex 21.4915 -18.3221 0
      vertex 21.2222 -18.1607 0
    endloop
  endfacet
  facet normal 0.998797 -0.0490324 0
    outer loop
      vertex 19.8 -15.5 0.49
      vertex 19.8154 -15.1863 0
      vertex 19.8154 -15.1863 0.49
    endloop
  endfacet
  facet normal 0.998797 -0.0490324 0
    outer loop
      vertex 19.8154 -15.1863 0
      vertex 19.8 -15.5 0.49
      vertex 19.8 -15.5 0
    endloop
  endfacet
  facet normal 0.740819 -0.671705 0
    outer loop
      vertex 20.5264 -13.4699 0.49
      vertex 20.7373 -13.2373 0
      vertex 20.7373 -13.2373 0.49
    endloop
  endfacet
  facet normal 0.740819 -0.671705 0
    outer loop
      vertex 20.7373 -13.2373 0
      vertex 20.5264 -13.4699 0.49
      vertex 20.5264 -13.4699 0
    endloop
  endfacet
  facet normal 0.595661 -0.803236 0
    outer loop
      vertex 20.9699 -13.0264 0
      vertex 21.2222 -12.8393 0.49
      vertex 20.9699 -13.0264 0.49
    endloop
  endfacet
  facet normal 0.595661 -0.803236 0
    outer loop
      vertex 21.2222 -12.8393 0.49
      vertex 20.9699 -13.0264 0
      vertex 21.2222 -12.8393 0
    endloop
  endfacet
  facet normal 0.427621 -0.903958 0
    outer loop
      vertex 21.4915 -12.6779 0
      vertex 21.7754 -12.5436 0.49
      vertex 21.4915 -12.6779 0.49
    endloop
  endfacet
  facet normal 0.427621 -0.903958 0
    outer loop
      vertex 21.7754 -12.5436 0.49
      vertex 21.4915 -12.6779 0
      vertex 21.7754 -12.5436 0
    endloop
  endfacet
  facet normal 0.242985 -0.97003 0
    outer loop
      vertex 22.0711 -12.4378 0
      vertex 22.3757 -12.3615 0.49
      vertex 22.0711 -12.4378 0.49
    endloop
  endfacet
  facet normal 0.242985 -0.97003 0
    outer loop
      vertex 22.3757 -12.3615 0.49
      vertex 22.0711 -12.4378 0
      vertex 22.3757 -12.3615 0
    endloop
  endfacet
  facet normal 0.740819 0.671705 0
    outer loop
      vertex 20.7373 -17.7627 0.49
      vertex 20.5264 -17.5301 0
      vertex 20.5264 -17.5301 0.49
    endloop
  endfacet
  facet normal 0.740819 0.671705 0
    outer loop
      vertex 20.5264 -17.5301 0
      vertex 20.7373 -17.7627 0.49
      vertex 20.7373 -17.7627 0
    endloop
  endfacet
  facet normal 0.803236 0.595661 0
    outer loop
      vertex 20.5264 -17.5301 0.49
      vertex 20.3393 -17.2778 0
      vertex 20.3393 -17.2778 0.49
    endloop
  endfacet
  facet normal 0.803236 0.595661 0
    outer loop
      vertex 20.3393 -17.2778 0
      vertex 20.5264 -17.5301 0.49
      vertex 20.5264 -17.5301 0
    endloop
  endfacet
  facet normal 0.989164 -0.146814 0
    outer loop
      vertex 19.8154 -15.1863 0.49
      vertex 19.8615 -14.8757 0
      vertex 19.8615 -14.8757 0.49
    endloop
  endfacet
  facet normal 0.989164 -0.146814 0
    outer loop
      vertex 19.8615 -14.8757 0
      vertex 19.8154 -15.1863 0.49
      vertex 19.8154 -15.1863 0
    endloop
  endfacet
  facet normal 0.803236 -0.595661 0
    outer loop
      vertex 20.3393 -13.7222 0.49
      vertex 20.5264 -13.4699 0
      vertex 20.5264 -13.4699 0.49
    endloop
  endfacet
  facet normal 0.803236 -0.595661 0
    outer loop
      vertex 20.5264 -13.4699 0
      vertex 20.3393 -13.7222 0.49
      vertex 20.3393 -13.7222 0
    endloop
  endfacet
  facet normal 0.514074 -0.857746 0
    outer loop
      vertex 21.2222 -12.8393 0
      vertex 21.4915 -12.6779 0.49
      vertex 21.2222 -12.8393 0.49
    endloop
  endfacet
  facet normal 0.514074 -0.857746 0
    outer loop
      vertex 21.4915 -12.6779 0.49
      vertex 21.2222 -12.8393 0
      vertex 21.4915 -12.6779 0
    endloop
  endfacet
  facet normal 0.941547 0.336881 0
    outer loop
      vertex 20.0436 -16.7246 0.49
      vertex 19.9378 -16.4289 0
      vertex 19.9378 -16.4289 0.49
    endloop
  endfacet
  facet normal 0.941547 0.336881 0
    outer loop
      vertex 19.9378 -16.4289 0
      vertex 20.0436 -16.7246 0.49
      vertex 20.0436 -16.7246 0
    endloop
  endfacet
  facet normal 0.97003 -0.242985 0
    outer loop
      vertex 19.8615 -14.8757 0.49
      vertex 19.9378 -14.5711 0
      vertex 19.9378 -14.5711 0.49
    endloop
  endfacet
  facet normal 0.97003 -0.242985 0
    outer loop
      vertex 19.9378 -14.5711 0
      vertex 19.8615 -14.8757 0.49
      vertex 19.8615 -14.8757 0
    endloop
  endfacet
  facet normal 0.903958 -0.427621 0
    outer loop
      vertex 20.0436 -14.2754 0.49
      vertex 20.1779 -13.9915 0
      vertex 20.1779 -13.9915 0.49
    endloop
  endfacet
  facet normal 0.903958 -0.427621 0
    outer loop
      vertex 20.1779 -13.9915 0
      vertex 20.0436 -14.2754 0.49
      vertex 20.0436 -14.2754 0
    endloop
  endfacet
  facet normal 0.857746 -0.514074 0
    outer loop
      vertex 20.1779 -13.9915 0.49
      vertex 20.3393 -13.7222 0
      vertex 20.3393 -13.7222 0.49
    endloop
  endfacet
  facet normal 0.857746 -0.514074 0
    outer loop
      vertex 20.3393 -13.7222 0
      vertex 20.1779 -13.9915 0.49
      vertex 20.1779 -13.9915 0
    endloop
  endfacet
  facet normal 0.941547 -0.336881 0
    outer loop
      vertex 19.9378 -14.5711 0.49
      vertex 20.0436 -14.2754 0
      vertex 20.0436 -14.2754 0.49
    endloop
  endfacet
  facet normal 0.941547 -0.336881 0
    outer loop
      vertex 20.0436 -14.2754 0
      vertex 19.9378 -14.5711 0.49
      vertex 19.9378 -14.5711 0
    endloop
  endfacet
  facet normal -0.802744 0.596324 0
    outer loop
      vertex 24.6184 -37.9075 0
      vertex 24.6652 -37.8445 0.49
      vertex 24.6652 -37.8445 0
    endloop
  endfacet
  facet normal -0.802744 0.596324 0
    outer loop
      vertex 24.6652 -37.8445 0.49
      vertex 24.6184 -37.9075 0
      vertex 24.6184 -37.9075 0.49
    endloop
  endfacet
  facet normal -0.903893 -0.427758 0
    outer loop
      vertex 24.7391 -37.0939 0
      vertex 24.7055 -37.0229 0.49
      vertex 24.7055 -37.0229 0
    endloop
  endfacet
  facet normal -0.903893 -0.427758 0
    outer loop
      vertex 24.7055 -37.0229 0.49
      vertex 24.7391 -37.0939 0
      vertex 24.7391 -37.0939 0.49
    endloop
  endfacet
  facet normal -0.337546 -0.941309 0
    outer loop
      vertex 24.2322 -36.6344 0
      vertex 24.3061 -36.6609 0.49
      vertex 24.2322 -36.6344 0.49
    endloop
  endfacet
  facet normal -0.337546 -0.941309 -0
    outer loop
      vertex 24.3061 -36.6609 0.49
      vertex 24.2322 -36.6344 0
      vertex 24.3061 -36.6609 0
    endloop
  endfacet
  facet normal 0.337546 0.941309 -0
    outer loop
      vertex 23.7678 -38.1656 0
      vertex 23.6939 -38.1391 0.49
      vertex 23.7678 -38.1656 0.49
    endloop
  endfacet
  facet normal 0.337546 0.941309 0
    outer loop
      vertex 23.6939 -38.1391 0.49
      vertex 23.7678 -38.1656 0
      vertex 23.6939 -38.1391 0
    endloop
  endfacet
  facet normal 0.941309 -0.337546 0
    outer loop
      vertex 23.2344 -37.1678 0.49
      vertex 23.2609 -37.0939 0
      vertex 23.2609 -37.0939 0.49
    endloop
  endfacet
  facet normal 0.941309 -0.337546 0
    outer loop
      vertex 23.2609 -37.0939 0
      vertex 23.2344 -37.1678 0.49
      vertex 23.2344 -37.1678 0
    endloop
  endfacet
  facet normal -0.427758 0.903893 0
    outer loop
      vertex 24.3771 -38.1055 0
      vertex 24.3061 -38.1391 0.49
      vertex 24.3771 -38.1055 0.49
    endloop
  endfacet
  facet normal -0.427758 0.903893 0
    outer loop
      vertex 24.3061 -38.1391 0.49
      vertex 24.3771 -38.1055 0
      vertex 24.3061 -38.1391 0
    endloop
  endfacet
  facet normal -0.513184 0.858278 0
    outer loop
      vertex 24.4445 -38.0652 0
      vertex 24.3771 -38.1055 0.49
      vertex 24.4445 -38.0652 0.49
    endloop
  endfacet
  facet normal -0.513184 0.858278 0
    outer loop
      vertex 24.3771 -38.1055 0.49
      vertex 24.4445 -38.0652 0
      vertex 24.3771 -38.1055 0
    endloop
  endfacet
  facet normal -0.941309 0.337546 0
    outer loop
      vertex 24.7391 -37.7061 0
      vertex 24.7656 -37.6322 0.49
      vertex 24.7656 -37.6322 0
    endloop
  endfacet
  facet normal -0.941309 0.337546 0
    outer loop
      vertex 24.7656 -37.6322 0.49
      vertex 24.7391 -37.7061 0
      vertex 24.7391 -37.7061 0.49
    endloop
  endfacet
  facet normal -0.998765 0.0496835 0
    outer loop
      vertex 24.7961 -37.4784 0
      vertex 24.8 -37.4 0.49
      vertex 24.8 -37.4 0
    endloop
  endfacet
  facet normal -0.998765 0.0496835 0
    outer loop
      vertex 24.8 -37.4 0.49
      vertex 24.7961 -37.4784 0
      vertex 24.7961 -37.4784 0.49
    endloop
  endfacet
  facet normal -0.0496835 -0.998765 0
    outer loop
      vertex 24 -36.6 0
      vertex 24.0784 -36.6039 0.49
      vertex 24 -36.6 0.49
    endloop
  endfacet
  facet normal -0.0496835 -0.998765 -0
    outer loop
      vertex 24.0784 -36.6039 0.49
      vertex 24 -36.6 0
      vertex 24.0784 -36.6039 0
    endloop
  endfacet
  facet normal -0.596324 -0.802744 0
    outer loop
      vertex 24.4445 -36.7348 0
      vertex 24.5075 -36.7816 0.49
      vertex 24.4445 -36.7348 0.49
    endloop
  endfacet
  facet normal -0.596324 -0.802744 -0
    outer loop
      vertex 24.5075 -36.7816 0.49
      vertex 24.4445 -36.7348 0
      vertex 24.5075 -36.7816 0
    endloop
  endfacet
  facet normal -0.970217 -0.242236 0
    outer loop
      vertex 24.7846 -37.2439 0
      vertex 24.7656 -37.1678 0.49
      vertex 24.7656 -37.1678 0
    endloop
  endfacet
  facet normal -0.970217 -0.242236 0
    outer loop
      vertex 24.7656 -37.1678 0.49
      vertex 24.7846 -37.2439 0
      vertex 24.7846 -37.2439 0.49
    endloop
  endfacet
  facet normal 0.0496835 0.998765 -0
    outer loop
      vertex 24 -38.2 0
      vertex 23.9216 -38.1961 0.49
      vertex 24 -38.2 0.49
    endloop
  endfacet
  facet normal 0.0496835 0.998765 0
    outer loop
      vertex 23.9216 -38.1961 0.49
      vertex 24 -38.2 0
      vertex 23.9216 -38.1961 0
    endloop
  endfacet
  facet normal 0.596324 0.802744 -0
    outer loop
      vertex 23.5555 -38.0652 0
      vertex 23.4925 -38.0184 0.49
      vertex 23.5555 -38.0652 0.49
    endloop
  endfacet
  facet normal 0.596324 0.802744 0
    outer loop
      vertex 23.4925 -38.0184 0.49
      vertex 23.5555 -38.0652 0
      vertex 23.4925 -38.0184 0
    endloop
  endfacet
  facet normal 0.998765 -0.0496835 0
    outer loop
      vertex 23.2 -37.4 0.49
      vertex 23.2039 -37.3216 0
      vertex 23.2039 -37.3216 0.49
    endloop
  endfacet
  facet normal 0.998765 -0.0496835 0
    outer loop
      vertex 23.2039 -37.3216 0
      vertex 23.2 -37.4 0.49
      vertex 23.2 -37.4 0
    endloop
  endfacet
  facet normal 0.802744 -0.596324 0
    outer loop
      vertex 23.3348 -36.9555 0.49
      vertex 23.3816 -36.8925 0
      vertex 23.3816 -36.8925 0.49
    endloop
  endfacet
  facet normal 0.802744 -0.596324 0
    outer loop
      vertex 23.3816 -36.8925 0
      vertex 23.3348 -36.9555 0.49
      vertex 23.3348 -36.9555 0
    endloop
  endfacet
  facet normal -0.14641 0.989224 0
    outer loop
      vertex 24.1561 -38.1846 0
      vertex 24.0784 -38.1961 0.49
      vertex 24.1561 -38.1846 0.49
    endloop
  endfacet
  facet normal -0.14641 0.989224 0
    outer loop
      vertex 24.0784 -38.1961 0.49
      vertex 24.1561 -38.1846 0
      vertex 24.0784 -38.1961 0
    endloop
  endfacet
  facet normal -0.242236 0.970217 0
    outer loop
      vertex 24.2322 -38.1656 0
      vertex 24.1561 -38.1846 0.49
      vertex 24.2322 -38.1656 0.49
    endloop
  endfacet
  facet normal -0.242236 0.970217 0
    outer loop
      vertex 24.1561 -38.1846 0.49
      vertex 24.2322 -38.1656 0
      vertex 24.1561 -38.1846 0
    endloop
  endfacet
  facet normal -0.337546 0.941309 0
    outer loop
      vertex 24.3061 -38.1391 0
      vertex 24.2322 -38.1656 0.49
      vertex 24.3061 -38.1391 0.49
    endloop
  endfacet
  facet normal -0.337546 0.941309 0
    outer loop
      vertex 24.2322 -38.1656 0.49
      vertex 24.3061 -38.1391 0
      vertex 24.2322 -38.1656 0
    endloop
  endfacet
  facet normal -0.671213 0.741264 0
    outer loop
      vertex 24.5657 -37.9657 0
      vertex 24.5075 -38.0184 0.49
      vertex 24.5657 -37.9657 0.49
    endloop
  endfacet
  facet normal -0.671213 0.741264 0
    outer loop
      vertex 24.5075 -38.0184 0.49
      vertex 24.5657 -37.9657 0
      vertex 24.5075 -38.0184 0
    endloop
  endfacet
  facet normal -0.596324 0.802744 0
    outer loop
      vertex 24.5075 -38.0184 0
      vertex 24.4445 -38.0652 0.49
      vertex 24.5075 -38.0184 0.49
    endloop
  endfacet
  facet normal -0.596324 0.802744 0
    outer loop
      vertex 24.4445 -38.0652 0.49
      vertex 24.5075 -38.0184 0
      vertex 24.4445 -38.0652 0
    endloop
  endfacet
  facet normal -0.741264 0.671213 0
    outer loop
      vertex 24.5657 -37.9657 0
      vertex 24.6184 -37.9075 0.49
      vertex 24.6184 -37.9075 0
    endloop
  endfacet
  facet normal -0.741264 0.671213 0
    outer loop
      vertex 24.6184 -37.9075 0.49
      vertex 24.5657 -37.9657 0
      vertex 24.5657 -37.9657 0.49
    endloop
  endfacet
  facet normal -0.858278 0.513184 0
    outer loop
      vertex 24.6652 -37.8445 0
      vertex 24.7055 -37.7771 0.49
      vertex 24.7055 -37.7771 0
    endloop
  endfacet
  facet normal -0.858278 0.513184 0
    outer loop
      vertex 24.7055 -37.7771 0.49
      vertex 24.6652 -37.8445 0
      vertex 24.6652 -37.8445 0.49
    endloop
  endfacet
  facet normal -0.998765 -0.0496835 0
    outer loop
      vertex 24.8 -37.4 0
      vertex 24.7961 -37.3216 0.49
      vertex 24.7961 -37.3216 0
    endloop
  endfacet
  facet normal -0.998765 -0.0496835 0
    outer loop
      vertex 24.7961 -37.3216 0.49
      vertex 24.8 -37.4 0
      vertex 24.8 -37.4 0.49
    endloop
  endfacet
  facet normal -0.903893 0.427758 0
    outer loop
      vertex 24.7055 -37.7771 0
      vertex 24.7391 -37.7061 0.49
      vertex 24.7391 -37.7061 0
    endloop
  endfacet
  facet normal -0.903893 0.427758 0
    outer loop
      vertex 24.7391 -37.7061 0.49
      vertex 24.7055 -37.7771 0
      vertex 24.7055 -37.7771 0.49
    endloop
  endfacet
  facet normal -0.970217 0.242236 0
    outer loop
      vertex 24.7656 -37.6322 0
      vertex 24.7846 -37.5561 0.49
      vertex 24.7846 -37.5561 0
    endloop
  endfacet
  facet normal -0.970217 0.242236 0
    outer loop
      vertex 24.7846 -37.5561 0.49
      vertex 24.7656 -37.6322 0
      vertex 24.7656 -37.6322 0.49
    endloop
  endfacet
  facet normal -0.989224 0.14641 0
    outer loop
      vertex 24.7846 -37.5561 0
      vertex 24.7961 -37.4784 0.49
      vertex 24.7961 -37.4784 0
    endloop
  endfacet
  facet normal -0.989224 0.14641 0
    outer loop
      vertex 24.7961 -37.4784 0.49
      vertex 24.7846 -37.5561 0
      vertex 24.7846 -37.5561 0.49
    endloop
  endfacet
  facet normal 0 0 -1
    outer loop
      vertex 24.7961 -37.4784 0.49
      vertex 24.7961 -37.3216 0.49
      vertex 24.8 -37.4 0.49
    endloop
  endfacet
  facet normal 0 0 -1
    outer loop
      vertex 24.7846 -37.5561 0.49
      vertex 24.7961 -37.3216 0.49
      vertex 24.7961 -37.4784 0.49
    endloop
  endfacet
  facet normal 0 0 -1
    outer loop
      vertex 24.7846 -37.5561 0.49
      vertex 24.7846 -37.2439 0.49
      vertex 24.7961 -37.3216 0.49
    endloop
  endfacet
  facet normal 0 0 -1
    outer loop
      vertex 24.7656 -37.6322 0.49
      vertex 24.7846 -37.2439 0.49
      vertex 24.7846 -37.5561 0.49
    endloop
  endfacet
  facet normal 0 0 -1
    outer loop
      vertex 24.7656 -37.6322 0.49
      vertex 24.7656 -37.1678 0.49
      vertex 24.7846 -37.2439 0.49
    endloop
  endfacet
  facet normal 0 0 -1
    outer loop
      vertex 24.7391 -37.7061 0.49
      vertex 24.7656 -37.1678 0.49
      vertex 24.7656 -37.6322 0.49
    endloop
  endfacet
  facet normal 0 0 -1
    outer loop
      vertex 24.7391 -37.7061 0.49
      vertex 24.7391 -37.0939 0.49
      vertex 24.7656 -37.1678 0.49
    endloop
  endfacet
  facet normal 0 0 -1
    outer loop
      vertex 24.7055 -37.7771 0.49
      vertex 24.7391 -37.0939 0.49
      vertex 24.7391 -37.7061 0.49
    endloop
  endfacet
  facet normal 0 0 -1
    outer loop
      vertex 24.7055 -37.7771 0.49
      vertex 24.7055 -37.0229 0.49
      vertex 24.7391 -37.0939 0.49
    endloop
  endfacet
  facet normal 0 0 -1
    outer loop
      vertex 24.6652 -37.8445 0.49
      vertex 24.7055 -37.0229 0.49
      vertex 24.7055 -37.7771 0.49
    endloop
  endfacet
  facet normal 0 0 -1
    outer loop
      vertex 24.6652 -37.8445 0.49
      vertex 24.6652 -36.9555 0.49
      vertex 24.7055 -37.0229 0.49
    endloop
  endfacet
  facet normal 0 0 -1
    outer loop
      vertex 24.6184 -37.9075 0.49
      vertex 24.6652 -36.9555 0.49
      vertex 24.6652 -37.8445 0.49
    endloop
  endfacet
  facet normal 0 0 -1
    outer loop
      vertex 24.6184 -37.9075 0.49
      vertex 24.6184 -36.8925 0.49
      vertex 24.6652 -36.9555 0.49
    endloop
  endfacet
  facet normal 0 0 -1
    outer loop
      vertex 24.5657 -37.9657 0.49
      vertex 24.6184 -36.8925 0.49
      vertex 24.6184 -37.9075 0.49
    endloop
  endfacet
  facet normal 0 0 -1
    outer loop
      vertex 24.5657 -37.9657 0.49
      vertex 24.5657 -36.8343 0.49
      vertex 24.6184 -36.8925 0.49
    endloop
  endfacet
  facet normal 0 0 -1
    outer loop
      vertex 24.5075 -38.0184 0.49
      vertex 24.5657 -36.8343 0.49
      vertex 24.5657 -37.9657 0.49
    endloop
  endfacet
  facet normal 0 0 -1
    outer loop
      vertex 24.5075 -38.0184 0.49
      vertex 24.5075 -36.7816 0.49
      vertex 24.5657 -36.8343 0.49
    endloop
  endfacet
  facet normal 0 0 -1
    outer loop
      vertex 24.4445 -38.0652 0.49
      vertex 24.5075 -36.7816 0.49
      vertex 24.5075 -38.0184 0.49
    endloop
  endfacet
  facet normal 0 0 -1
    outer loop
      vertex 24.4445 -38.0652 0.49
      vertex 24.4445 -36.7348 0.49
      vertex 24.5075 -36.7816 0.49
    endloop
  endfacet
  facet normal 0 0 -1
    outer loop
      vertex 24.3771 -38.1055 0.49
      vertex 24.4445 -36.7348 0.49
      vertex 24.4445 -38.0652 0.49
    endloop
  endfacet
  facet normal 0 0 -1
    outer loop
      vertex 24.3771 -38.1055 0.49
      vertex 24.3771 -36.6945 0.49
      vertex 24.4445 -36.7348 0.49
    endloop
  endfacet
  facet normal 0 0 -1
    outer loop
      vertex 24.3061 -38.1391 0.49
      vertex 24.3771 -36.6945 0.49
      vertex 24.3771 -38.1055 0.49
    endloop
  endfacet
  facet normal 0 0 -1
    outer loop
      vertex 24.3061 -38.1391 0.49
      vertex 24.3061 -36.6609 0.49
      vertex 24.3771 -36.6945 0.49
    endloop
  endfacet
  facet normal 0 0 -1
    outer loop
      vertex 24.2322 -38.1656 0.49
      vertex 24.3061 -36.6609 0.49
      vertex 24.3061 -38.1391 0.49
    endloop
  endfacet
  facet normal 0 0 -1
    outer loop
      vertex 24.2322 -38.1656 0.49
      vertex 24.2322 -36.6344 0.49
      vertex 24.3061 -36.6609 0.49
    endloop
  endfacet
  facet normal 0 0 -1
    outer loop
      vertex 24.1561 -38.1846 0.49
      vertex 24.2322 -36.6344 0.49
      vertex 24.2322 -38.1656 0.49
    endloop
  endfacet
  facet normal 0 0 -1
    outer loop
      vertex 24.1561 -38.1846 0.49
      vertex 24.1561 -36.6154 0.49
      vertex 24.2322 -36.6344 0.49
    endloop
  endfacet
  facet normal 0 0 -1
    outer loop
      vertex 24.0784 -38.1961 0.49
      vertex 24.1561 -36.6154 0.49
      vertex 24.1561 -38.1846 0.49
    endloop
  endfacet
  facet normal 0 0 -1
    outer loop
      vertex 24.0784 -38.1961 0.49
      vertex 24.0784 -36.6039 0.49
      vertex 24.1561 -36.6154 0.49
    endloop
  endfacet
  facet normal 0 0 -1
    outer loop
      vertex 24 -38.2 0.49
      vertex 24.0784 -36.6039 0.49
      vertex 24.0784 -38.1961 0.49
    endloop
  endfacet
  facet normal 0 0 -1
    outer loop
      vertex 24 -38.2 0.49
      vertex 24 -36.6 0.49
      vertex 24.0784 -36.6039 0.49
    endloop
  endfacet
  facet normal 0 0 -1
    outer loop
      vertex 23.9216 -38.1961 0.49
      vertex 24 -36.6 0.49
      vertex 24 -38.2 0.49
    endloop
  endfacet
  facet normal 0 0 -1
    outer loop
      vertex 23.9216 -38.1961 0.49
      vertex 23.9216 -36.6039 0.49
      vertex 24 -36.6 0.49
    endloop
  endfacet
  facet normal 0 0 -1
    outer loop
      vertex 23.8439 -38.1846 0.49
      vertex 23.9216 -36.6039 0.49
      vertex 23.9216 -38.1961 0.49
    endloop
  endfacet
  facet normal 0 0 -1
    outer loop
      vertex 23.8439 -38.1846 0.49
      vertex 23.8439 -36.6154 0.49
      vertex 23.9216 -36.6039 0.49
    endloop
  endfacet
  facet normal 0 0 -1
    outer loop
      vertex 23.7678 -38.1656 0.49
      vertex 23.8439 -36.6154 0.49
      vertex 23.8439 -38.1846 0.49
    endloop
  endfacet
  facet normal 0 0 -1
    outer loop
      vertex 23.7678 -38.1656 0.49
      vertex 23.7678 -36.6344 0.49
      vertex 23.8439 -36.6154 0.49
    endloop
  endfacet
  facet normal 0 0 -1
    outer loop
      vertex 23.6939 -38.1391 0.49
      vertex 23.7678 -36.6344 0.49
      vertex 23.7678 -38.1656 0.49
    endloop
  endfacet
  facet normal 0 0 -1
    outer loop
      vertex 23.6939 -38.1391 0.49
      vertex 23.6939 -36.6609 0.49
      vertex 23.7678 -36.6344 0.49
    endloop
  endfacet
  facet normal 0 0 -1
    outer loop
      vertex 23.6229 -38.1055 0.49
      vertex 23.6939 -36.6609 0.49
      vertex 23.6939 -38.1391 0.49
    endloop
  endfacet
  facet normal 0 0 -1
    outer loop
      vertex 23.6229 -38.1055 0.49
      vertex 23.6229 -36.6945 0.49
      vertex 23.6939 -36.6609 0.49
    endloop
  endfacet
  facet normal 0 0 -1
    outer loop
      vertex 23.5555 -38.0652 0.49
      vertex 23.6229 -36.6945 0.49
      vertex 23.6229 -38.1055 0.49
    endloop
  endfacet
  facet normal 0 0 -1
    outer loop
      vertex 23.5555 -38.0652 0.49
      vertex 23.5555 -36.7348 0.49
      vertex 23.6229 -36.6945 0.49
    endloop
  endfacet
  facet normal 0 0 -1
    outer loop
      vertex 23.4925 -38.0184 0.49
      vertex 23.5555 -36.7348 0.49
      vertex 23.5555 -38.0652 0.49
    endloop
  endfacet
  facet normal 0 0 -1
    outer loop
      vertex 23.4925 -38.0184 0.49
      vertex 23.4925 -36.7816 0.49
      vertex 23.5555 -36.7348 0.49
    endloop
  endfacet
  facet normal 0 0 -1
    outer loop
      vertex 23.4343 -37.9657 0.49
      vertex 23.4925 -36.7816 0.49
      vertex 23.4925 -38.0184 0.49
    endloop
  endfacet
  facet normal 0 0 -1
    outer loop
      vertex 23.4343 -37.9657 0.49
      vertex 23.4343 -36.8343 0.49
      vertex 23.4925 -36.7816 0.49
    endloop
  endfacet
  facet normal 0 0 -1
    outer loop
      vertex 23.3816 -37.9075 0.49
      vertex 23.4343 -36.8343 0.49
      vertex 23.4343 -37.9657 0.49
    endloop
  endfacet
  facet normal 0 0 -1
    outer loop
      vertex 23.3816 -37.9075 0.49
      vertex 23.3816 -36.8925 0.49
      vertex 23.4343 -36.8343 0.49
    endloop
  endfacet
  facet normal 0 0 -1
    outer loop
      vertex 23.3348 -37.8445 0.49
      vertex 23.3816 -36.8925 0.49
      vertex 23.3816 -37.9075 0.49
    endloop
  endfacet
  facet normal 0 0 -1
    outer loop
      vertex 23.3348 -37.8445 0.49
      vertex 23.3348 -36.9555 0.49
      vertex 23.3816 -36.8925 0.49
    endloop
  endfacet
  facet normal 0 0 -1
    outer loop
      vertex 23.2945 -37.7771 0.49
      vertex 23.3348 -36.9555 0.49
      vertex 23.3348 -37.8445 0.49
    endloop
  endfacet
  facet normal 0 0 -1
    outer loop
      vertex 23.2945 -37.7771 0.49
      vertex 23.2945 -37.0229 0.49
      vertex 23.3348 -36.9555 0.49
    endloop
  endfacet
  facet normal 0 0 -1
    outer loop
      vertex 23.2609 -37.7061 0.49
      vertex 23.2945 -37.0229 0.49
      vertex 23.2945 -37.7771 0.49
    endloop
  endfacet
  facet normal 0 0 -1
    outer loop
      vertex 23.2609 -37.7061 0.49
      vertex 23.2609 -37.0939 0.49
      vertex 23.2945 -37.0229 0.49
    endloop
  endfacet
  facet normal 0 0 -1
    outer loop
      vertex 23.2344 -37.6322 0.49
      vertex 23.2609 -37.0939 0.49
      vertex 23.2609 -37.7061 0.49
    endloop
  endfacet
  facet normal 0 0 -1
    outer loop
      vertex 23.2344 -37.6322 0.49
      vertex 23.2344 -37.1678 0.49
      vertex 23.2609 -37.0939 0.49
    endloop
  endfacet
  facet normal 0 0 -1
    outer loop
      vertex 23.2154 -37.5561 0.49
      vertex 23.2344 -37.1678 0.49
      vertex 23.2344 -37.6322 0.49
    endloop
  endfacet
  facet normal 0 0 -1
    outer loop
      vertex 23.2154 -37.5561 0.49
      vertex 23.2154 -37.2439 0.49
      vertex 23.2344 -37.1678 0.49
    endloop
  endfacet
  facet normal 0 0 -1
    outer loop
      vertex 23.2039 -37.4784 0.49
      vertex 23.2154 -37.2439 0.49
      vertex 23.2154 -37.5561 0.49
    endloop
  endfacet
  facet normal 0 0 -1
    outer loop
      vertex 23.2039 -37.4784 0.49
      vertex 23.2039 -37.3216 0.49
      vertex 23.2154 -37.2439 0.49
    endloop
  endfacet
  facet normal 0 -0 -1
    outer loop
      vertex 23.2039 -37.3216 0.49
      vertex 23.2039 -37.4784 0.49
      vertex 23.2 -37.4 0.49
    endloop
  endfacet
  facet normal -0.242236 -0.970217 0
    outer loop
      vertex 24.1561 -36.6154 0
      vertex 24.2322 -36.6344 0.49
      vertex 24.1561 -36.6154 0.49
    endloop
  endfacet
  facet normal -0.242236 -0.970217 -0
    outer loop
      vertex 24.2322 -36.6344 0.49
      vertex 24.1561 -36.6154 0
      vertex 24.2322 -36.6344 0
    endloop
  endfacet
  facet normal -0.14641 -0.989224 0
    outer loop
      vertex 24.0784 -36.6039 0
      vertex 24.1561 -36.6154 0.49
      vertex 24.0784 -36.6039 0.49
    endloop
  endfacet
  facet normal -0.14641 -0.989224 -0
    outer loop
      vertex 24.1561 -36.6154 0.49
      vertex 24.0784 -36.6039 0
      vertex 24.1561 -36.6154 0
    endloop
  endfacet
  facet normal -0.427758 -0.903893 0
    outer loop
      vertex 24.3061 -36.6609 0
      vertex 24.3771 -36.6945 0.49
      vertex 24.3061 -36.6609 0.49
    endloop
  endfacet
  facet normal -0.427758 -0.903893 -0
    outer loop
      vertex 24.3771 -36.6945 0.49
      vertex 24.3061 -36.6609 0
      vertex 24.3771 -36.6945 0
    endloop
  endfacet
  facet normal -0.513184 -0.858278 0
    outer loop
      vertex 24.3771 -36.6945 0
      vertex 24.4445 -36.7348 0.49
      vertex 24.3771 -36.6945 0.49
    endloop
  endfacet
  facet normal -0.513184 -0.858278 -0
    outer loop
      vertex 24.4445 -36.7348 0.49
      vertex 24.3771 -36.6945 0
      vertex 24.4445 -36.7348 0
    endloop
  endfacet
  facet normal -0.941309 -0.337546 0
    outer loop
      vertex 24.7656 -37.1678 0
      vertex 24.7391 -37.0939 0.49
      vertex 24.7391 -37.0939 0
    endloop
  endfacet
  facet normal -0.941309 -0.337546 0
    outer loop
      vertex 24.7391 -37.0939 0.49
      vertex 24.7656 -37.1678 0
      vertex 24.7656 -37.1678 0.49
    endloop
  endfacet
  facet normal -0.989224 -0.14641 0
    outer loop
      vertex 24.7961 -37.3216 0
      vertex 24.7846 -37.2439 0.49
      vertex 24.7846 -37.2439 0
    endloop
  endfacet
  facet normal -0.989224 -0.14641 0
    outer loop
      vertex 24.7846 -37.2439 0.49
      vertex 24.7961 -37.3216 0
      vertex 24.7961 -37.3216 0.49
    endloop
  endfacet
  facet normal -0.802744 -0.596324 0
    outer loop
      vertex 24.6652 -36.9555 0
      vertex 24.6184 -36.8925 0.49
      vertex 24.6184 -36.8925 0
    endloop
  endfacet
  facet normal -0.802744 -0.596324 0
    outer loop
      vertex 24.6184 -36.8925 0.49
      vertex 24.6652 -36.9555 0
      vertex 24.6652 -36.9555 0.49
    endloop
  endfacet
  facet normal -0.741264 -0.671213 0
    outer loop
      vertex 24.6184 -36.8925 0
      vertex 24.5657 -36.8343 0.49
      vertex 24.5657 -36.8343 0
    endloop
  endfacet
  facet normal -0.741264 -0.671213 0
    outer loop
      vertex 24.5657 -36.8343 0.49
      vertex 24.6184 -36.8925 0
      vertex 24.6184 -36.8925 0.49
    endloop
  endfacet
  facet normal -0.858278 -0.513184 0
    outer loop
      vertex 24.7055 -37.0229 0
      vertex 24.6652 -36.9555 0.49
      vertex 24.6652 -36.9555 0
    endloop
  endfacet
  facet normal -0.858278 -0.513184 0
    outer loop
      vertex 24.6652 -36.9555 0.49
      vertex 24.7055 -37.0229 0
      vertex 24.7055 -37.0229 0.49
    endloop
  endfacet
  facet normal -0.671213 -0.741264 0
    outer loop
      vertex 24.5075 -36.7816 0
      vertex 24.5657 -36.8343 0.49
      vertex 24.5075 -36.7816 0.49
    endloop
  endfacet
  facet normal -0.671213 -0.741264 -0
    outer loop
      vertex 24.5657 -36.8343 0.49
      vertex 24.5075 -36.7816 0
      vertex 24.5657 -36.8343 0
    endloop
  endfacet
  facet normal -0.0496835 0.998765 0
    outer loop
      vertex 24.0784 -38.1961 0
      vertex 24 -38.2 0.49
      vertex 24.0784 -38.1961 0.49
    endloop
  endfacet
  facet normal -0.0496835 0.998765 0
    outer loop
      vertex 24 -38.2 0.49
      vertex 24.0784 -38.1961 0
      vertex 24 -38.2 0
    endloop
  endfacet
  facet normal 0.989224 0.14641 0
    outer loop
      vertex 23.2154 -37.5561 0.49
      vertex 23.2039 -37.4784 0
      vertex 23.2039 -37.4784 0.49
    endloop
  endfacet
  facet normal 0.989224 0.14641 0
    outer loop
      vertex 23.2039 -37.4784 0
      vertex 23.2154 -37.5561 0.49
      vertex 23.2154 -37.5561 0
    endloop
  endfacet
  facet normal 0.941309 0.337546 0
    outer loop
      vertex 23.2609 -37.7061 0.49
      vertex 23.2344 -37.6322 0
      vertex 23.2344 -37.6322 0.49
    endloop
  endfacet
  facet normal 0.941309 0.337546 0
    outer loop
      vertex 23.2344 -37.6322 0
      vertex 23.2609 -37.7061 0.49
      vertex 23.2609 -37.7061 0
    endloop
  endfacet
  facet normal 0.741264 0.671213 0
    outer loop
      vertex 23.4343 -37.9657 0.49
      vertex 23.3816 -37.9075 0
      vertex 23.3816 -37.9075 0.49
    endloop
  endfacet
  facet normal 0.741264 0.671213 0
    outer loop
      vertex 23.3816 -37.9075 0
      vertex 23.4343 -37.9657 0.49
      vertex 23.4343 -37.9657 0
    endloop
  endfacet
  facet normal 0.858278 0.513184 0
    outer loop
      vertex 23.3348 -37.8445 0.49
      vertex 23.2945 -37.7771 0
      vertex 23.2945 -37.7771 0.49
    endloop
  endfacet
  facet normal 0.858278 0.513184 0
    outer loop
      vertex 23.2945 -37.7771 0
      vertex 23.3348 -37.8445 0.49
      vertex 23.3348 -37.8445 0
    endloop
  endfacet
  facet normal 0.427758 0.903893 -0
    outer loop
      vertex 23.6939 -38.1391 0
      vertex 23.6229 -38.1055 0.49
      vertex 23.6939 -38.1391 0.49
    endloop
  endfacet
  facet normal 0.427758 0.903893 0
    outer loop
      vertex 23.6229 -38.1055 0.49
      vertex 23.6939 -38.1391 0
      vertex 23.6229 -38.1055 0
    endloop
  endfacet
  facet normal 0.998765 0.0496835 0
    outer loop
      vertex 23.2039 -37.4784 0.49
      vertex 23.2 -37.4 0
      vertex 23.2 -37.4 0.49
    endloop
  endfacet
  facet normal 0.998765 0.0496835 0
    outer loop
      vertex 23.2 -37.4 0
      vertex 23.2039 -37.4784 0.49
      vertex 23.2039 -37.4784 0
    endloop
  endfacet
  facet normal 0.970217 -0.242236 0
    outer loop
      vertex 23.2154 -37.2439 0.49
      vertex 23.2344 -37.1678 0
      vertex 23.2344 -37.1678 0.49
    endloop
  endfacet
  facet normal 0.970217 -0.242236 0
    outer loop
      vertex 23.2344 -37.1678 0
      vertex 23.2154 -37.2439 0.49
      vertex 23.2154 -37.2439 0
    endloop
  endfacet
  facet normal 0.903893 -0.427758 0
    outer loop
      vertex 23.2609 -37.0939 0.49
      vertex 23.2945 -37.0229 0
      vertex 23.2945 -37.0229 0.49
    endloop
  endfacet
  facet normal 0.903893 -0.427758 0
    outer loop
      vertex 23.2945 -37.0229 0
      vertex 23.2609 -37.0939 0.49
      vertex 23.2609 -37.0939 0
    endloop
  endfacet
  facet normal 0.337546 -0.941309 0
    outer loop
      vertex 23.6939 -36.6609 0
      vertex 23.7678 -36.6344 0.49
      vertex 23.6939 -36.6609 0.49
    endloop
  endfacet
  facet normal 0.337546 -0.941309 0
    outer loop
      vertex 23.7678 -36.6344 0.49
      vertex 23.6939 -36.6609 0
      vertex 23.7678 -36.6344 0
    endloop
  endfacet
  facet normal 0.14641 -0.989224 0
    outer loop
      vertex 23.8439 -36.6154 0
      vertex 23.9216 -36.6039 0.49
      vertex 23.8439 -36.6154 0.49
    endloop
  endfacet
  facet normal 0.14641 -0.989224 0
    outer loop
      vertex 23.9216 -36.6039 0.49
      vertex 23.8439 -36.6154 0
      vertex 23.9216 -36.6039 0
    endloop
  endfacet
  facet normal 0.671213 -0.741264 0
    outer loop
      vertex 23.4343 -36.8343 0
      vertex 23.4925 -36.7816 0.49
      vertex 23.4343 -36.8343 0.49
    endloop
  endfacet
  facet normal 0.671213 -0.741264 0
    outer loop
      vertex 23.4925 -36.7816 0.49
      vertex 23.4343 -36.8343 0
      vertex 23.4925 -36.7816 0
    endloop
  endfacet
  facet normal 0.513184 -0.858278 0
    outer loop
      vertex 23.5555 -36.7348 0
      vertex 23.6229 -36.6945 0.49
      vertex 23.5555 -36.7348 0.49
    endloop
  endfacet
  facet normal 0.513184 -0.858278 0
    outer loop
      vertex 23.6229 -36.6945 0.49
      vertex 23.5555 -36.7348 0
      vertex 23.6229 -36.6945 0
    endloop
  endfacet
  facet normal 0.741264 -0.671213 0
    outer loop
      vertex 23.3816 -36.8925 0.49
      vertex 23.4343 -36.8343 0
      vertex 23.4343 -36.8343 0.49
    endloop
  endfacet
  facet normal 0.741264 -0.671213 0
    outer loop
      vertex 23.4343 -36.8343 0
      vertex 23.3816 -36.8925 0.49
      vertex 23.3816 -36.8925 0
    endloop
  endfacet
  facet normal 0.0496835 -0.998765 0
    outer loop
      vertex 23.9216 -36.6039 0
      vertex 24 -36.6 0.49
      vertex 23.9216 -36.6039 0.49
    endloop
  endfacet
  facet normal 0.0496835 -0.998765 0
    outer loop
      vertex 24 -36.6 0.49
      vertex 23.9216 -36.6039 0
      vertex 24 -36.6 0
    endloop
  endfacet
  facet normal 0.14641 0.989224 -0
    outer loop
      vertex 23.9216 -38.1961 0
      vertex 23.8439 -38.1846 0.49
      vertex 23.9216 -38.1961 0.49
    endloop
  endfacet
  facet normal 0.14641 0.989224 0
    outer loop
      vertex 23.8439 -38.1846 0.49
      vertex 23.9216 -38.1961 0
      vertex 23.8439 -38.1846 0
    endloop
  endfacet
  facet normal 0.242236 0.970217 -0
    outer loop
      vertex 23.8439 -38.1846 0
      vertex 23.7678 -38.1656 0.49
      vertex 23.8439 -38.1846 0.49
    endloop
  endfacet
  facet normal 0.242236 0.970217 0
    outer loop
      vertex 23.7678 -38.1656 0.49
      vertex 23.8439 -38.1846 0
      vertex 23.7678 -38.1656 0
    endloop
  endfacet
  facet normal 0.970217 0.242236 0
    outer loop
      vertex 23.2344 -37.6322 0.49
      vertex 23.2154 -37.5561 0
      vertex 23.2154 -37.5561 0.49
    endloop
  endfacet
  facet normal 0.970217 0.242236 0
    outer loop
      vertex 23.2154 -37.5561 0
      vertex 23.2344 -37.6322 0.49
      vertex 23.2344 -37.6322 0
    endloop
  endfacet
  facet normal 0.903893 0.427758 0
    outer loop
      vertex 23.2945 -37.7771 0.49
      vertex 23.2609 -37.7061 0
      vertex 23.2609 -37.7061 0.49
    endloop
  endfacet
  facet normal 0.903893 0.427758 0
    outer loop
      vertex 23.2609 -37.7061 0
      vertex 23.2945 -37.7771 0.49
      vertex 23.2945 -37.7771 0
    endloop
  endfacet
  facet normal 0.671213 0.741264 -0
    outer loop
      vertex 23.4925 -38.0184 0
      vertex 23.4343 -37.9657 0.49
      vertex 23.4925 -38.0184 0.49
    endloop
  endfacet
  facet normal 0.671213 0.741264 0
    outer loop
      vertex 23.4343 -37.9657 0.49
      vertex 23.4925 -38.0184 0
      vertex 23.4343 -37.9657 0
    endloop
  endfacet
  facet normal 0.802744 0.596324 0
    outer loop
      vertex 23.3816 -37.9075 0.49
      vertex 23.3348 -37.8445 0
      vertex 23.3348 -37.8445 0.49
    endloop
  endfacet
  facet normal 0.802744 0.596324 0
    outer loop
      vertex 23.3348 -37.8445 0
      vertex 23.3816 -37.9075 0.49
      vertex 23.3816 -37.9075 0
    endloop
  endfacet
  facet normal 0.513184 0.858278 -0
    outer loop
      vertex 23.6229 -38.1055 0
      vertex 23.5555 -38.0652 0.49
      vertex 23.6229 -38.1055 0.49
    endloop
  endfacet
  facet normal 0.513184 0.858278 0
    outer loop
      vertex 23.5555 -38.0652 0.49
      vertex 23.6229 -38.1055 0
      vertex 23.5555 -38.0652 0
    endloop
  endfacet
  facet normal 0.989224 -0.14641 0
    outer loop
      vertex 23.2039 -37.3216 0.49
      vertex 23.2154 -37.2439 0
      vertex 23.2154 -37.2439 0.49
    endloop
  endfacet
  facet normal 0.989224 -0.14641 0
    outer loop
      vertex 23.2154 -37.2439 0
      vertex 23.2039 -37.3216 0.49
      vertex 23.2039 -37.3216 0
    endloop
  endfacet
  facet normal 0.858278 -0.513184 0
    outer loop
      vertex 23.2945 -37.0229 0.49
      vertex 23.3348 -36.9555 0
      vertex 23.3348 -36.9555 0.49
    endloop
  endfacet
  facet normal 0.858278 -0.513184 0
    outer loop
      vertex 23.3348 -36.9555 0
      vertex 23.2945 -37.0229 0.49
      vertex 23.2945 -37.0229 0
    endloop
  endfacet
  facet normal 0.427758 -0.903893 0
    outer loop
      vertex 23.6229 -36.6945 0
      vertex 23.6939 -36.6609 0.49
      vertex 23.6229 -36.6945 0.49
    endloop
  endfacet
  facet normal 0.427758 -0.903893 0
    outer loop
      vertex 23.6939 -36.6609 0.49
      vertex 23.6229 -36.6945 0
      vertex 23.6939 -36.6609 0
    endloop
  endfacet
  facet normal 0.242236 -0.970217 0
    outer loop
      vertex 23.7678 -36.6344 0
      vertex 23.8439 -36.6154 0.49
      vertex 23.7678 -36.6344 0.49
    endloop
  endfacet
  facet normal 0.242236 -0.970217 0
    outer loop
      vertex 23.8439 -36.6154 0.49
      vertex 23.7678 -36.6344 0
      vertex 23.8439 -36.6154 0
    endloop
  endfacet
  facet normal 0.596324 -0.802744 0
    outer loop
      vertex 23.4925 -36.7816 0
      vertex 23.5555 -36.7348 0.49
      vertex 23.4925 -36.7816 0.49
    endloop
  endfacet
  facet normal 0.596324 -0.802744 0
    outer loop
      vertex 23.5555 -36.7348 0.49
      vertex 23.4925 -36.7816 0
      vertex 23.5555 -36.7348 0
    endloop
  endfacet
  facet normal -0.242236 0.970217 0
    outer loop
      vertex 21.2322 -38.1656 0
      vertex 21.1561 -38.1846 0.49
      vertex 21.2322 -38.1656 0.49
    endloop
  endfacet
  facet normal -0.242236 0.970217 0
    outer loop
      vertex 21.1561 -38.1846 0.49
      vertex 21.2322 -38.1656 0
      vertex 21.1561 -38.1846 0
    endloop
  endfacet
  facet normal -0.0496835 0.998765 0
    outer loop
      vertex 21.0784 -38.1961 0
      vertex 21 -38.2 0.49
      vertex 21.0784 -38.1961 0.49
    endloop
  endfacet
  facet normal -0.0496835 0.998765 0
    outer loop
      vertex 21 -38.2 0.49
      vertex 21.0784 -38.1961 0
      vertex 21 -38.2 0
    endloop
  endfacet
  facet normal -0.998765 -0.0496835 0
    outer loop
      vertex 21.8 -37.4 0
      vertex 21.7961 -37.3216 0.49
      vertex 21.7961 -37.3216 0
    endloop
  endfacet
  facet normal -0.998765 -0.0496835 0
    outer loop
      vertex 21.7961 -37.3216 0.49
      vertex 21.8 -37.4 0
      vertex 21.8 -37.4 0.49
    endloop
  endfacet
  facet normal -0.741264 0.671213 0
    outer loop
      vertex 21.5657 -37.9657 0
      vertex 21.6184 -37.9075 0.49
      vertex 21.6184 -37.9075 0
    endloop
  endfacet
  facet normal -0.741264 0.671213 0
    outer loop
      vertex 21.6184 -37.9075 0.49
      vertex 21.5657 -37.9657 0
      vertex 21.5657 -37.9657 0.49
    endloop
  endfacet
  facet normal -0.671213 -0.741264 0
    outer loop
      vertex 21.5075 -36.7816 0
      vertex 21.5657 -36.8343 0.49
      vertex 21.5075 -36.7816 0.49
    endloop
  endfacet
  facet normal -0.671213 -0.741264 -0
    outer loop
      vertex 21.5657 -36.8343 0.49
      vertex 21.5075 -36.7816 0
      vertex 21.5657 -36.8343 0
    endloop
  endfacet
  facet normal -0.903893 -0.427758 0
    outer loop
      vertex 21.7391 -37.0939 0
      vertex 21.7055 -37.0229 0.49
      vertex 21.7055 -37.0229 0
    endloop
  endfacet
  facet normal -0.903893 -0.427758 0
    outer loop
      vertex 21.7055 -37.0229 0.49
      vertex 21.7391 -37.0939 0
      vertex 21.7391 -37.0939 0.49
    endloop
  endfacet
  facet normal 0.671213 -0.741264 0
    outer loop
      vertex 20.4343 -36.8343 0
      vertex 20.4925 -36.7816 0.49
      vertex 20.4343 -36.8343 0.49
    endloop
  endfacet
  facet normal 0.671213 -0.741264 0
    outer loop
      vertex 20.4925 -36.7816 0.49
      vertex 20.4343 -36.8343 0
      vertex 20.4925 -36.7816 0
    endloop
  endfacet
  facet normal -0.337546 0.941309 0
    outer loop
      vertex 21.3061 -38.1391 0
      vertex 21.2322 -38.1656 0.49
      vertex 21.3061 -38.1391 0.49
    endloop
  endfacet
  facet normal -0.337546 0.941309 0
    outer loop
      vertex 21.2322 -38.1656 0.49
      vertex 21.3061 -38.1391 0
      vertex 21.2322 -38.1656 0
    endloop
  endfacet
  facet normal -0.941309 0.337546 0
    outer loop
      vertex 21.7391 -37.7061 0
      vertex 21.7656 -37.6322 0.49
      vertex 21.7656 -37.6322 0
    endloop
  endfacet
  facet normal -0.941309 0.337546 0
    outer loop
      vertex 21.7656 -37.6322 0.49
      vertex 21.7391 -37.7061 0
      vertex 21.7391 -37.7061 0.49
    endloop
  endfacet
  facet normal -0.427758 -0.903893 0
    outer loop
      vertex 21.3061 -36.6609 0
      vertex 21.3771 -36.6945 0.49
      vertex 21.3061 -36.6609 0.49
    endloop
  endfacet
  facet normal -0.427758 -0.903893 -0
    outer loop
      vertex 21.3771 -36.6945 0.49
      vertex 21.3061 -36.6609 0
      vertex 21.3771 -36.6945 0
    endloop
  endfacet
  facet normal -0.513184 -0.858278 0
    outer loop
      vertex 21.3771 -36.6945 0
      vertex 21.4445 -36.7348 0.49
      vertex 21.3771 -36.6945 0.49
    endloop
  endfacet
  facet normal -0.513184 -0.858278 -0
    outer loop
      vertex 21.4445 -36.7348 0.49
      vertex 21.3771 -36.6945 0
      vertex 21.4445 -36.7348 0
    endloop
  endfacet
  facet normal 0.0496835 -0.998765 0
    outer loop
      vertex 20.9216 -36.6039 0
      vertex 21 -36.6 0.49
      vertex 20.9216 -36.6039 0.49
    endloop
  endfacet
  facet normal 0.0496835 -0.998765 0
    outer loop
      vertex 21 -36.6 0.49
      vertex 20.9216 -36.6039 0
      vertex 21 -36.6 0
    endloop
  endfacet
  facet normal 0.427758 0.903893 -0
    outer loop
      vertex 20.6939 -38.1391 0
      vertex 20.6229 -38.1055 0.49
      vertex 20.6939 -38.1391 0.49
    endloop
  endfacet
  facet normal 0.427758 0.903893 0
    outer loop
      vertex 20.6229 -38.1055 0.49
      vertex 20.6939 -38.1391 0
      vertex 20.6229 -38.1055 0
    endloop
  endfacet
  facet normal 0.941309 0.337546 0
    outer loop
      vertex 20.2609 -37.7061 0.49
      vertex 20.2344 -37.6322 0
      vertex 20.2344 -37.6322 0.49
    endloop
  endfacet
  facet normal 0.941309 0.337546 0
    outer loop
      vertex 20.2344 -37.6322 0
      vertex 20.2609 -37.7061 0.49
      vertex 20.2609 -37.7061 0
    endloop
  endfacet
  facet normal 0.671213 0.741264 -0
    outer loop
      vertex 20.4925 -38.0184 0
      vertex 20.4343 -37.9657 0.49
      vertex 20.4925 -38.0184 0.49
    endloop
  endfacet
  facet normal 0.671213 0.741264 0
    outer loop
      vertex 20.4343 -37.9657 0.49
      vertex 20.4925 -38.0184 0
      vertex 20.4343 -37.9657 0
    endloop
  endfacet
  facet normal 0.242236 0.970217 -0
    outer loop
      vertex 20.8439 -38.1846 0
      vertex 20.7678 -38.1656 0.49
      vertex 20.8439 -38.1846 0.49
    endloop
  endfacet
  facet normal 0.242236 0.970217 0
    outer loop
      vertex 20.7678 -38.1656 0.49
      vertex 20.8439 -38.1846 0
      vertex 20.7678 -38.1656 0
    endloop
  endfacet
  facet normal 0.970217 -0.242236 0
    outer loop
      vertex 20.2154 -37.2439 0.49
      vertex 20.2344 -37.1678 0
      vertex 20.2344 -37.1678 0.49
    endloop
  endfacet
  facet normal 0.970217 -0.242236 0
    outer loop
      vertex 20.2344 -37.1678 0
      vertex 20.2154 -37.2439 0.49
      vertex 20.2154 -37.2439 0
    endloop
  endfacet
  facet normal 0.903893 -0.427758 0
    outer loop
      vertex 20.2609 -37.0939 0.49
      vertex 20.2945 -37.0229 0
      vertex 20.2945 -37.0229 0.49
    endloop
  endfacet
  facet normal 0.903893 -0.427758 0
    outer loop
      vertex 20.2945 -37.0229 0
      vertex 20.2609 -37.0939 0.49
      vertex 20.2609 -37.0939 0
    endloop
  endfacet
  facet normal -0.427758 0.903893 0
    outer loop
      vertex 21.3771 -38.1055 0
      vertex 21.3061 -38.1391 0.49
      vertex 21.3771 -38.1055 0.49
    endloop
  endfacet
  facet normal -0.427758 0.903893 0
    outer loop
      vertex 21.3061 -38.1391 0.49
      vertex 21.3771 -38.1055 0
      vertex 21.3061 -38.1391 0
    endloop
  endfacet
  facet normal -0.513184 0.858278 0
    outer loop
      vertex 21.4445 -38.0652 0
      vertex 21.3771 -38.1055 0.49
      vertex 21.4445 -38.0652 0.49
    endloop
  endfacet
  facet normal -0.513184 0.858278 0
    outer loop
      vertex 21.3771 -38.1055 0.49
      vertex 21.4445 -38.0652 0
      vertex 21.3771 -38.1055 0
    endloop
  endfacet
  facet normal -0.596324 0.802744 0
    outer loop
      vertex 21.5075 -38.0184 0
      vertex 21.4445 -38.0652 0.49
      vertex 21.5075 -38.0184 0.49
    endloop
  endfacet
  facet normal -0.596324 0.802744 0
    outer loop
      vertex 21.4445 -38.0652 0.49
      vertex 21.5075 -38.0184 0
      vertex 21.4445 -38.0652 0
    endloop
  endfacet
  facet normal -0.970217 0.242236 0
    outer loop
      vertex 21.7656 -37.6322 0
      vertex 21.7846 -37.5561 0.49
      vertex 21.7846 -37.5561 0
    endloop
  endfacet
  facet normal -0.970217 0.242236 0
    outer loop
      vertex 21.7846 -37.5561 0.49
      vertex 21.7656 -37.6322 0
      vertex 21.7656 -37.6322 0.49
    endloop
  endfacet
  facet normal -0.989224 0.14641 0
    outer loop
      vertex 21.7846 -37.5561 0
      vertex 21.7961 -37.4784 0.49
      vertex 21.7961 -37.4784 0
    endloop
  endfacet
  facet normal -0.989224 0.14641 0
    outer loop
      vertex 21.7961 -37.4784 0.49
      vertex 21.7846 -37.5561 0
      vertex 21.7846 -37.5561 0.49
    endloop
  endfacet
  facet normal -0.802744 0.596324 0
    outer loop
      vertex 21.6184 -37.9075 0
      vertex 21.6652 -37.8445 0.49
      vertex 21.6652 -37.8445 0
    endloop
  endfacet
  facet normal -0.802744 0.596324 0
    outer loop
      vertex 21.6652 -37.8445 0.49
      vertex 21.6184 -37.9075 0
      vertex 21.6184 -37.9075 0.49
    endloop
  endfacet
  facet normal -0.858278 0.513184 0
    outer loop
      vertex 21.6652 -37.8445 0
      vertex 21.7055 -37.7771 0.49
      vertex 21.7055 -37.7771 0
    endloop
  endfacet
  facet normal -0.858278 0.513184 0
    outer loop
      vertex 21.7055 -37.7771 0.49
      vertex 21.6652 -37.8445 0
      vertex 21.6652 -37.8445 0.49
    endloop
  endfacet
  facet normal -0.596324 -0.802744 0
    outer loop
      vertex 21.4445 -36.7348 0
      vertex 21.5075 -36.7816 0.49
      vertex 21.4445 -36.7348 0.49
    endloop
  endfacet
  facet normal -0.596324 -0.802744 -0
    outer loop
      vertex 21.5075 -36.7816 0.49
      vertex 21.4445 -36.7348 0
      vertex 21.5075 -36.7816 0
    endloop
  endfacet
  facet normal -0.337546 -0.941309 0
    outer loop
      vertex 21.2322 -36.6344 0
      vertex 21.3061 -36.6609 0.49
      vertex 21.2322 -36.6344 0.49
    endloop
  endfacet
  facet normal -0.337546 -0.941309 -0
    outer loop
      vertex 21.3061 -36.6609 0.49
      vertex 21.2322 -36.6344 0
      vertex 21.3061 -36.6609 0
    endloop
  endfacet
  facet normal -0.242236 -0.970217 0
    outer loop
      vertex 21.1561 -36.6154 0
      vertex 21.2322 -36.6344 0.49
      vertex 21.1561 -36.6154 0.49
    endloop
  endfacet
  facet normal -0.242236 -0.970217 -0
    outer loop
      vertex 21.2322 -36.6344 0.49
      vertex 21.1561 -36.6154 0
      vertex 21.2322 -36.6344 0
    endloop
  endfacet
  facet normal -0.14641 -0.989224 0
    outer loop
      vertex 21.0784 -36.6039 0
      vertex 21.1561 -36.6154 0.49
      vertex 21.0784 -36.6039 0.49
    endloop
  endfacet
  facet normal -0.14641 -0.989224 -0
    outer loop
      vertex 21.1561 -36.6154 0.49
      vertex 21.0784 -36.6039 0
      vertex 21.1561 -36.6154 0
    endloop
  endfacet
  facet normal -0.0496835 -0.998765 0
    outer loop
      vertex 21 -36.6 0
      vertex 21.0784 -36.6039 0.49
      vertex 21 -36.6 0.49
    endloop
  endfacet
  facet normal -0.0496835 -0.998765 -0
    outer loop
      vertex 21.0784 -36.6039 0.49
      vertex 21 -36.6 0
      vertex 21.0784 -36.6039 0
    endloop
  endfacet
  facet normal -0.802744 -0.596324 0
    outer loop
      vertex 21.6652 -36.9555 0
      vertex 21.6184 -36.8925 0.49
      vertex 21.6184 -36.8925 0
    endloop
  endfacet
  facet normal -0.802744 -0.596324 0
    outer loop
      vertex 21.6184 -36.8925 0.49
      vertex 21.6652 -36.9555 0
      vertex 21.6652 -36.9555 0.49
    endloop
  endfacet
  facet normal -0.741264 -0.671213 0
    outer loop
      vertex 21.6184 -36.8925 0
      vertex 21.5657 -36.8343 0.49
      vertex 21.5657 -36.8343 0
    endloop
  endfacet
  facet normal -0.741264 -0.671213 0
    outer loop
      vertex 21.5657 -36.8343 0.49
      vertex 21.6184 -36.8925 0
      vertex 21.6184 -36.8925 0.49
    endloop
  endfacet
  facet normal -0.989224 -0.14641 0
    outer loop
      vertex 21.7961 -37.3216 0
      vertex 21.7846 -37.2439 0.49
      vertex 21.7846 -37.2439 0
    endloop
  endfacet
  facet normal -0.989224 -0.14641 0
    outer loop
      vertex 21.7846 -37.2439 0.49
      vertex 21.7961 -37.3216 0
      vertex 21.7961 -37.3216 0.49
    endloop
  endfacet
  facet normal -0.941309 -0.337546 0
    outer loop
      vertex 21.7656 -37.1678 0
      vertex 21.7391 -37.0939 0.49
      vertex 21.7391 -37.0939 0
    endloop
  endfacet
  facet normal -0.941309 -0.337546 0
    outer loop
      vertex 21.7391 -37.0939 0.49
      vertex 21.7656 -37.1678 0
      vertex 21.7656 -37.1678 0.49
    endloop
  endfacet
  facet normal -0.970217 -0.242236 0
    outer loop
      vertex 21.7846 -37.2439 0
      vertex 21.7656 -37.1678 0.49
      vertex 21.7656 -37.1678 0
    endloop
  endfacet
  facet normal -0.970217 -0.242236 0
    outer loop
      vertex 21.7656 -37.1678 0.49
      vertex 21.7846 -37.2439 0
      vertex 21.7846 -37.2439 0.49
    endloop
  endfacet
  facet normal 0.989224 0.14641 0
    outer loop
      vertex 20.2154 -37.5561 0.49
      vertex 20.2039 -37.4784 0
      vertex 20.2039 -37.4784 0.49
    endloop
  endfacet
  facet normal 0.989224 0.14641 0
    outer loop
      vertex 20.2039 -37.4784 0
      vertex 20.2154 -37.5561 0.49
      vertex 20.2154 -37.5561 0
    endloop
  endfacet
  facet normal 0.970217 0.242236 0
    outer loop
      vertex 20.2344 -37.6322 0.49
      vertex 20.2154 -37.5561 0
      vertex 20.2154 -37.5561 0.49
    endloop
  endfacet
  facet normal 0.970217 0.242236 0
    outer loop
      vertex 20.2154 -37.5561 0
      vertex 20.2344 -37.6322 0.49
      vertex 20.2344 -37.6322 0
    endloop
  endfacet
  facet normal 0.858278 0.513184 0
    outer loop
      vertex 20.3348 -37.8445 0.49
      vertex 20.2945 -37.7771 0
      vertex 20.2945 -37.7771 0.49
    endloop
  endfacet
  facet normal 0.858278 0.513184 0
    outer loop
      vertex 20.2945 -37.7771 0
      vertex 20.3348 -37.8445 0.49
      vertex 20.3348 -37.8445 0
    endloop
  endfacet
  facet normal 0.741264 0.671213 0
    outer loop
      vertex 20.4343 -37.9657 0.49
      vertex 20.3816 -37.9075 0
      vertex 20.3816 -37.9075 0.49
    endloop
  endfacet
  facet normal 0.741264 0.671213 0
    outer loop
      vertex 20.3816 -37.9075 0
      vertex 20.4343 -37.9657 0.49
      vertex 20.4343 -37.9657 0
    endloop
  endfacet
  facet normal 0.596324 0.802744 -0
    outer loop
      vertex 20.5555 -38.0652 0
      vertex 20.4925 -38.0184 0.49
      vertex 20.5555 -38.0652 0.49
    endloop
  endfacet
  facet normal 0.596324 0.802744 0
    outer loop
      vertex 20.4925 -38.0184 0.49
      vertex 20.5555 -38.0652 0
      vertex 20.4925 -38.0184 0
    endloop
  endfacet
  facet normal 0.513184 0.858278 -0
    outer loop
      vertex 20.6229 -38.1055 0
      vertex 20.5555 -38.0652 0.49
      vertex 20.6229 -38.1055 0.49
    endloop
  endfacet
  facet normal 0.513184 0.858278 0
    outer loop
      vertex 20.5555 -38.0652 0.49
      vertex 20.6229 -38.1055 0
      vertex 20.5555 -38.0652 0
    endloop
  endfacet
  facet normal 0.998765 -0.0496835 0
    outer loop
      vertex 20.2 -37.4 0.49
      vertex 20.2039 -37.3216 0
      vertex 20.2039 -37.3216 0.49
    endloop
  endfacet
  facet normal 0.998765 -0.0496835 0
    outer loop
      vertex 20.2039 -37.3216 0
      vertex 20.2 -37.4 0.49
      vertex 20.2 -37.4 0
    endloop
  endfacet
  facet normal 0.802744 -0.596324 0
    outer loop
      vertex 20.3348 -36.9555 0.49
      vertex 20.3816 -36.8925 0
      vertex 20.3816 -36.8925 0.49
    endloop
  endfacet
  facet normal 0.802744 -0.596324 0
    outer loop
      vertex 20.3816 -36.8925 0
      vertex 20.3348 -36.9555 0.49
      vertex 20.3348 -36.9555 0
    endloop
  endfacet
  facet normal 0.941309 -0.337546 0
    outer loop
      vertex 20.2344 -37.1678 0.49
      vertex 20.2609 -37.0939 0
      vertex 20.2609 -37.0939 0.49
    endloop
  endfacet
  facet normal 0.941309 -0.337546 0
    outer loop
      vertex 20.2609 -37.0939 0
      vertex 20.2344 -37.1678 0.49
      vertex 20.2344 -37.1678 0
    endloop
  endfacet
  facet normal 0.998765 0.0496835 0
    outer loop
      vertex 20.2039 -37.4784 0.49
      vertex 20.2 -37.4 0
      vertex 20.2 -37.4 0.49
    endloop
  endfacet
  facet normal 0.998765 0.0496835 0
    outer loop
      vertex 20.2 -37.4 0
      vertex 20.2039 -37.4784 0.49
      vertex 20.2039 -37.4784 0
    endloop
  endfacet
  facet normal 0.858278 -0.513184 0
    outer loop
      vertex 20.2945 -37.0229 0.49
      vertex 20.3348 -36.9555 0
      vertex 20.3348 -36.9555 0.49
    endloop
  endfacet
  facet normal 0.858278 -0.513184 0
    outer loop
      vertex 20.3348 -36.9555 0
      vertex 20.2945 -37.0229 0.49
      vertex 20.2945 -37.0229 0
    endloop
  endfacet
  facet normal 0.741264 -0.671213 0
    outer loop
      vertex 20.3816 -36.8925 0.49
      vertex 20.4343 -36.8343 0
      vertex 20.4343 -36.8343 0.49
    endloop
  endfacet
  facet normal 0.741264 -0.671213 0
    outer loop
      vertex 20.4343 -36.8343 0
      vertex 20.3816 -36.8925 0.49
      vertex 20.3816 -36.8925 0
    endloop
  endfacet
  facet normal 0.513184 -0.858278 0
    outer loop
      vertex 20.5555 -36.7348 0
      vertex 20.6229 -36.6945 0.49
      vertex 20.5555 -36.7348 0.49
    endloop
  endfacet
  facet normal 0.513184 -0.858278 0
    outer loop
      vertex 20.6229 -36.6945 0.49
      vertex 20.5555 -36.7348 0
      vertex 20.6229 -36.6945 0
    endloop
  endfacet
  facet normal 0.337546 -0.941309 0
    outer loop
      vertex 20.6939 -36.6609 0
      vertex 20.7678 -36.6344 0.49
      vertex 20.6939 -36.6609 0.49
    endloop
  endfacet
  facet normal 0.337546 -0.941309 0
    outer loop
      vertex 20.7678 -36.6344 0.49
      vertex 20.6939 -36.6609 0
      vertex 20.7678 -36.6344 0
    endloop
  endfacet
  facet normal 0.14641 -0.989224 0
    outer loop
      vertex 20.8439 -36.6154 0
      vertex 20.9216 -36.6039 0.49
      vertex 20.8439 -36.6154 0.49
    endloop
  endfacet
  facet normal 0.14641 -0.989224 0
    outer loop
      vertex 20.9216 -36.6039 0.49
      vertex 20.8439 -36.6154 0
      vertex 20.9216 -36.6039 0
    endloop
  endfacet
  facet normal 0.427758 -0.903893 0
    outer loop
      vertex 20.6229 -36.6945 0
      vertex 20.6939 -36.6609 0.49
      vertex 20.6229 -36.6945 0.49
    endloop
  endfacet
  facet normal 0.427758 -0.903893 0
    outer loop
      vertex 20.6939 -36.6609 0.49
      vertex 20.6229 -36.6945 0
      vertex 20.6939 -36.6609 0
    endloop
  endfacet
  facet normal -0.14641 0.989224 0
    outer loop
      vertex 21.1561 -38.1846 0
      vertex 21.0784 -38.1961 0.49
      vertex 21.1561 -38.1846 0.49
    endloop
  endfacet
  facet normal -0.14641 0.989224 0
    outer loop
      vertex 21.0784 -38.1961 0.49
      vertex 21.1561 -38.1846 0
      vertex 21.0784 -38.1961 0
    endloop
  endfacet
  facet normal -0.671213 0.741264 0
    outer loop
      vertex 21.5657 -37.9657 0
      vertex 21.5075 -38.0184 0.49
      vertex 21.5657 -37.9657 0.49
    endloop
  endfacet
  facet normal -0.671213 0.741264 0
    outer loop
      vertex 21.5075 -38.0184 0.49
      vertex 21.5657 -37.9657 0
      vertex 21.5075 -38.0184 0
    endloop
  endfacet
  facet normal -0.998765 0.0496835 0
    outer loop
      vertex 21.7961 -37.4784 0
      vertex 21.8 -37.4 0.49
      vertex 21.8 -37.4 0
    endloop
  endfacet
  facet normal -0.998765 0.0496835 0
    outer loop
      vertex 21.8 -37.4 0.49
      vertex 21.7961 -37.4784 0
      vertex 21.7961 -37.4784 0.49
    endloop
  endfacet
  facet normal -0.903893 0.427758 0
    outer loop
      vertex 21.7055 -37.7771 0
      vertex 21.7391 -37.7061 0.49
      vertex 21.7391 -37.7061 0
    endloop
  endfacet
  facet normal -0.903893 0.427758 0
    outer loop
      vertex 21.7391 -37.7061 0.49
      vertex 21.7055 -37.7771 0
      vertex 21.7055 -37.7771 0.49
    endloop
  endfacet
  facet normal 0 0 -1
    outer loop
      vertex 21.7961 -37.4784 0.49
      vertex 21.7961 -37.3216 0.49
      vertex 21.8 -37.4 0.49
    endloop
  endfacet
  facet normal 0 0 -1
    outer loop
      vertex 21.7846 -37.5561 0.49
      vertex 21.7961 -37.3216 0.49
      vertex 21.7961 -37.4784 0.49
    endloop
  endfacet
  facet normal 0 0 -1
    outer loop
      vertex 21.7846 -37.5561 0.49
      vertex 21.7846 -37.2439 0.49
      vertex 21.7961 -37.3216 0.49
    endloop
  endfacet
  facet normal 0 0 -1
    outer loop
      vertex 21.7656 -37.6322 0.49
      vertex 21.7846 -37.2439 0.49
      vertex 21.7846 -37.5561 0.49
    endloop
  endfacet
  facet normal 0 0 -1
    outer loop
      vertex 21.7656 -37.6322 0.49
      vertex 21.7656 -37.1678 0.49
      vertex 21.7846 -37.2439 0.49
    endloop
  endfacet
  facet normal 0 0 -1
    outer loop
      vertex 21.7391 -37.7061 0.49
      vertex 21.7656 -37.1678 0.49
      vertex 21.7656 -37.6322 0.49
    endloop
  endfacet
  facet normal 0 0 -1
    outer loop
      vertex 21.7391 -37.7061 0.49
      vertex 21.7391 -37.0939 0.49
      vertex 21.7656 -37.1678 0.49
    endloop
  endfacet
  facet normal 0 0 -1
    outer loop
      vertex 21.7055 -37.7771 0.49
      vertex 21.7391 -37.0939 0.49
      vertex 21.7391 -37.7061 0.49
    endloop
  endfacet
  facet normal 0 0 -1
    outer loop
      vertex 21.7055 -37.7771 0.49
      vertex 21.7055 -37.0229 0.49
      vertex 21.7391 -37.0939 0.49
    endloop
  endfacet
  facet normal 0 0 -1
    outer loop
      vertex 21.6652 -37.8445 0.49
      vertex 21.7055 -37.0229 0.49
      vertex 21.7055 -37.7771 0.49
    endloop
  endfacet
  facet normal 0 0 -1
    outer loop
      vertex 21.6652 -37.8445 0.49
      vertex 21.6652 -36.9555 0.49
      vertex 21.7055 -37.0229 0.49
    endloop
  endfacet
  facet normal 0 0 -1
    outer loop
      vertex 21.6184 -37.9075 0.49
      vertex 21.6652 -36.9555 0.49
      vertex 21.6652 -37.8445 0.49
    endloop
  endfacet
  facet normal 0 0 -1
    outer loop
      vertex 21.6184 -37.9075 0.49
      vertex 21.6184 -36.8925 0.49
      vertex 21.6652 -36.9555 0.49
    endloop
  endfacet
  facet normal 0 0 -1
    outer loop
      vertex 21.5657 -37.9657 0.49
      vertex 21.6184 -36.8925 0.49
      vertex 21.6184 -37.9075 0.49
    endloop
  endfacet
  facet normal 0 0 -1
    outer loop
      vertex 21.5657 -37.9657 0.49
      vertex 21.5657 -36.8343 0.49
      vertex 21.6184 -36.8925 0.49
    endloop
  endfacet
  facet normal 0 0 -1
    outer loop
      vertex 21.5075 -38.0184 0.49
      vertex 21.5657 -36.8343 0.49
      vertex 21.5657 -37.9657 0.49
    endloop
  endfacet
  facet normal 0 0 -1
    outer loop
      vertex 21.5075 -38.0184 0.49
      vertex 21.5075 -36.7816 0.49
      vertex 21.5657 -36.8343 0.49
    endloop
  endfacet
  facet normal 0 0 -1
    outer loop
      vertex 21.4445 -38.0652 0.49
      vertex 21.5075 -36.7816 0.49
      vertex 21.5075 -38.0184 0.49
    endloop
  endfacet
  facet normal 0 0 -1
    outer loop
      vertex 21.4445 -38.0652 0.49
      vertex 21.4445 -36.7348 0.49
      vertex 21.5075 -36.7816 0.49
    endloop
  endfacet
  facet normal 0 0 -1
    outer loop
      vertex 21.3771 -38.1055 0.49
      vertex 21.4445 -36.7348 0.49
      vertex 21.4445 -38.0652 0.49
    endloop
  endfacet
  facet normal 0 0 -1
    outer loop
      vertex 21.3771 -38.1055 0.49
      vertex 21.3771 -36.6945 0.49
      vertex 21.4445 -36.7348 0.49
    endloop
  endfacet
  facet normal 0 0 -1
    outer loop
      vertex 21.3061 -38.1391 0.49
      vertex 21.3771 -36.6945 0.49
      vertex 21.3771 -38.1055 0.49
    endloop
  endfacet
  facet normal 0 0 -1
    outer loop
      vertex 21.3061 -38.1391 0.49
      vertex 21.3061 -36.6609 0.49
      vertex 21.3771 -36.6945 0.49
    endloop
  endfacet
  facet normal 0 0 -1
    outer loop
      vertex 21.2322 -38.1656 0.49
      vertex 21.3061 -36.6609 0.49
      vertex 21.3061 -38.1391 0.49
    endloop
  endfacet
  facet normal 0 0 -1
    outer loop
      vertex 21.2322 -38.1656 0.49
      vertex 21.2322 -36.6344 0.49
      vertex 21.3061 -36.6609 0.49
    endloop
  endfacet
  facet normal 0 0 -1
    outer loop
      vertex 21.1561 -38.1846 0.49
      vertex 21.2322 -36.6344 0.49
      vertex 21.2322 -38.1656 0.49
    endloop
  endfacet
  facet normal 0 0 -1
    outer loop
      vertex 21.1561 -38.1846 0.49
      vertex 21.1561 -36.6154 0.49
      vertex 21.2322 -36.6344 0.49
    endloop
  endfacet
  facet normal 0 0 -1
    outer loop
      vertex 21.0784 -38.1961 0.49
      vertex 21.1561 -36.6154 0.49
      vertex 21.1561 -38.1846 0.49
    endloop
  endfacet
  facet normal 0 0 -1
    outer loop
      vertex 21.0784 -38.1961 0.49
      vertex 21.0784 -36.6039 0.49
      vertex 21.1561 -36.6154 0.49
    endloop
  endfacet
  facet normal 0 0 -1
    outer loop
      vertex 21 -38.2 0.49
      vertex 21.0784 -36.6039 0.49
      vertex 21.0784 -38.1961 0.49
    endloop
  endfacet
  facet normal 0 0 -1
    outer loop
      vertex 21 -38.2 0.49
      vertex 21 -36.6 0.49
      vertex 21.0784 -36.6039 0.49
    endloop
  endfacet
  facet normal 0 0 -1
    outer loop
      vertex 20.9216 -38.1961 0.49
      vertex 21 -36.6 0.49
      vertex 21 -38.2 0.49
    endloop
  endfacet
  facet normal 0 0 -1
    outer loop
      vertex 20.9216 -38.1961 0.49
      vertex 20.9216 -36.6039 0.49
      vertex 21 -36.6 0.49
    endloop
  endfacet
  facet normal 0 0 -1
    outer loop
      vertex 20.8439 -38.1846 0.49
      vertex 20.9216 -36.6039 0.49
      vertex 20.9216 -38.1961 0.49
    endloop
  endfacet
  facet normal 0 0 -1
    outer loop
      vertex 20.8439 -38.1846 0.49
      vertex 20.8439 -36.6154 0.49
      vertex 20.9216 -36.6039 0.49
    endloop
  endfacet
  facet normal 0 0 -1
    outer loop
      vertex 20.7678 -38.1656 0.49
      vertex 20.8439 -36.6154 0.49
      vertex 20.8439 -38.1846 0.49
    endloop
  endfacet
  facet normal 0 0 -1
    outer loop
      vertex 20.7678 -38.1656 0.49
      vertex 20.7678 -36.6344 0.49
      vertex 20.8439 -36.6154 0.49
    endloop
  endfacet
  facet normal 0 0 -1
    outer loop
      vertex 20.6939 -38.1391 0.49
      vertex 20.7678 -36.6344 0.49
      vertex 20.7678 -38.1656 0.49
    endloop
  endfacet
  facet normal 0 0 -1
    outer loop
      vertex 20.6939 -38.1391 0.49
      vertex 20.6939 -36.6609 0.49
      vertex 20.7678 -36.6344 0.49
    endloop
  endfacet
  facet normal 0 0 -1
    outer loop
      vertex 20.6229 -38.1055 0.49
      vertex 20.6939 -36.6609 0.49
      vertex 20.6939 -38.1391 0.49
    endloop
  endfacet
  facet normal 0 0 -1
    outer loop
      vertex 20.6229 -38.1055 0.49
      vertex 20.6229 -36.6945 0.49
      vertex 20.6939 -36.6609 0.49
    endloop
  endfacet
  facet normal 0 0 -1
    outer loop
      vertex 20.5555 -38.0652 0.49
      vertex 20.6229 -36.6945 0.49
      vertex 20.6229 -38.1055 0.49
    endloop
  endfacet
  facet normal 0 0 -1
    outer loop
      vertex 20.5555 -38.0652 0.49
      vertex 20.5555 -36.7348 0.49
      vertex 20.6229 -36.6945 0.49
    endloop
  endfacet
  facet normal 0 0 -1
    outer loop
      vertex 20.4925 -38.0184 0.49
      vertex 20.5555 -36.7348 0.49
      vertex 20.5555 -38.0652 0.49
    endloop
  endfacet
  facet normal 0 0 -1
    outer loop
      vertex 20.4925 -38.0184 0.49
      vertex 20.4925 -36.7816 0.49
      vertex 20.5555 -36.7348 0.49
    endloop
  endfacet
  facet normal 0 0 -1
    outer loop
      vertex 20.4343 -37.9657 0.49
      vertex 20.4925 -36.7816 0.49
      vertex 20.4925 -38.0184 0.49
    endloop
  endfacet
  facet normal 0 0 -1
    outer loop
      vertex 20.4343 -37.9657 0.49
      vertex 20.4343 -36.8343 0.49
      vertex 20.4925 -36.7816 0.49
    endloop
  endfacet
  facet normal 0 0 -1
    outer loop
      vertex 20.3816 -37.9075 0.49
      vertex 20.4343 -36.8343 0.49
      vertex 20.4343 -37.9657 0.49
    endloop
  endfacet
  facet normal 0 0 -1
    outer loop
      vertex 20.3816 -37.9075 0.49
      vertex 20.3816 -36.8925 0.49
      vertex 20.4343 -36.8343 0.49
    endloop
  endfacet
  facet normal 0 0 -1
    outer loop
      vertex 20.3348 -37.8445 0.49
      vertex 20.3816 -36.8925 0.49
      vertex 20.3816 -37.9075 0.49
    endloop
  endfacet
  facet normal 0 0 -1
    outer loop
      vertex 20.3348 -37.8445 0.49
      vertex 20.3348 -36.9555 0.49
      vertex 20.3816 -36.8925 0.49
    endloop
  endfacet
  facet normal 0 0 -1
    outer loop
      vertex 20.2945 -37.7771 0.49
      vertex 20.3348 -36.9555 0.49
      vertex 20.3348 -37.8445 0.49
    endloop
  endfacet
  facet normal 0 0 -1
    outer loop
      vertex 20.2945 -37.7771 0.49
      vertex 20.2945 -37.0229 0.49
      vertex 20.3348 -36.9555 0.49
    endloop
  endfacet
  facet normal 0 0 -1
    outer loop
      vertex 20.2609 -37.7061 0.49
      vertex 20.2945 -37.0229 0.49
      vertex 20.2945 -37.7771 0.49
    endloop
  endfacet
  facet normal 0 0 -1
    outer loop
      vertex 20.2609 -37.7061 0.49
      vertex 20.2609 -37.0939 0.49
      vertex 20.2945 -37.0229 0.49
    endloop
  endfacet
  facet normal 0 0 -1
    outer loop
      vertex 20.2344 -37.6322 0.49
      vertex 20.2609 -37.0939 0.49
      vertex 20.2609 -37.7061 0.49
    endloop
  endfacet
  facet normal 0 0 -1
    outer loop
      vertex 20.2344 -37.6322 0.49
      vertex 20.2344 -37.1678 0.49
      vertex 20.2609 -37.0939 0.49
    endloop
  endfacet
  facet normal 0 0 -1
    outer loop
      vertex 20.2154 -37.5561 0.49
      vertex 20.2344 -37.1678 0.49
      vertex 20.2344 -37.6322 0.49
    endloop
  endfacet
  facet normal 0 0 -1
    outer loop
      vertex 20.2154 -37.5561 0.49
      vertex 20.2154 -37.2439 0.49
      vertex 20.2344 -37.1678 0.49
    endloop
  endfacet
  facet normal 0 0 -1
    outer loop
      vertex 20.2039 -37.4784 0.49
      vertex 20.2154 -37.2439 0.49
      vertex 20.2154 -37.5561 0.49
    endloop
  endfacet
  facet normal 0 0 -1
    outer loop
      vertex 20.2039 -37.4784 0.49
      vertex 20.2039 -37.3216 0.49
      vertex 20.2154 -37.2439 0.49
    endloop
  endfacet
  facet normal 0 -0 -1
    outer loop
      vertex 20.2039 -37.3216 0.49
      vertex 20.2039 -37.4784 0.49
      vertex 20.2 -37.4 0.49
    endloop
  endfacet
  facet normal -0.858278 -0.513184 0
    outer loop
      vertex 21.7055 -37.0229 0
      vertex 21.6652 -36.9555 0.49
      vertex 21.6652 -36.9555 0
    endloop
  endfacet
  facet normal -0.858278 -0.513184 0
    outer loop
      vertex 21.6652 -36.9555 0.49
      vertex 21.7055 -37.0229 0
      vertex 21.7055 -37.0229 0.49
    endloop
  endfacet
  facet normal 0.903893 0.427758 0
    outer loop
      vertex 20.2945 -37.7771 0.49
      vertex 20.2609 -37.7061 0
      vertex 20.2609 -37.7061 0.49
    endloop
  endfacet
  facet normal 0.903893 0.427758 0
    outer loop
      vertex 20.2609 -37.7061 0
      vertex 20.2945 -37.7771 0.49
      vertex 20.2945 -37.7771 0
    endloop
  endfacet
  facet normal 0.802744 0.596324 0
    outer loop
      vertex 20.3816 -37.9075 0.49
      vertex 20.3348 -37.8445 0
      vertex 20.3348 -37.8445 0.49
    endloop
  endfacet
  facet normal 0.802744 0.596324 0
    outer loop
      vertex 20.3348 -37.8445 0
      vertex 20.3816 -37.9075 0.49
      vertex 20.3816 -37.9075 0
    endloop
  endfacet
  facet normal 0.337546 0.941309 -0
    outer loop
      vertex 20.7678 -38.1656 0
      vertex 20.6939 -38.1391 0.49
      vertex 20.7678 -38.1656 0.49
    endloop
  endfacet
  facet normal 0.337546 0.941309 0
    outer loop
      vertex 20.6939 -38.1391 0.49
      vertex 20.7678 -38.1656 0
      vertex 20.6939 -38.1391 0
    endloop
  endfacet
  facet normal 0.14641 0.989224 -0
    outer loop
      vertex 20.9216 -38.1961 0
      vertex 20.8439 -38.1846 0.49
      vertex 20.9216 -38.1961 0.49
    endloop
  endfacet
  facet normal 0.14641 0.989224 0
    outer loop
      vertex 20.8439 -38.1846 0.49
      vertex 20.9216 -38.1961 0
      vertex 20.8439 -38.1846 0
    endloop
  endfacet
  facet normal 0.0496835 0.998765 -0
    outer loop
      vertex 21 -38.2 0
      vertex 20.9216 -38.1961 0.49
      vertex 21 -38.2 0.49
    endloop
  endfacet
  facet normal 0.0496835 0.998765 0
    outer loop
      vertex 20.9216 -38.1961 0.49
      vertex 21 -38.2 0
      vertex 20.9216 -38.1961 0
    endloop
  endfacet
  facet normal 0.989224 -0.14641 0
    outer loop
      vertex 20.2039 -37.3216 0.49
      vertex 20.2154 -37.2439 0
      vertex 20.2154 -37.2439 0.49
    endloop
  endfacet
  facet normal 0.989224 -0.14641 0
    outer loop
      vertex 20.2154 -37.2439 0
      vertex 20.2039 -37.3216 0.49
      vertex 20.2039 -37.3216 0
    endloop
  endfacet
  facet normal 0.596324 -0.802744 0
    outer loop
      vertex 20.4925 -36.7816 0
      vertex 20.5555 -36.7348 0.49
      vertex 20.4925 -36.7816 0.49
    endloop
  endfacet
  facet normal 0.596324 -0.802744 0
    outer loop
      vertex 20.5555 -36.7348 0.49
      vertex 20.4925 -36.7816 0
      vertex 20.5555 -36.7348 0
    endloop
  endfacet
  facet normal 0.242236 -0.970217 0
    outer loop
      vertex 20.7678 -36.6344 0
      vertex 20.8439 -36.6154 0.49
      vertex 20.7678 -36.6344 0.49
    endloop
  endfacet
  facet normal 0.242236 -0.970217 0
    outer loop
      vertex 20.8439 -36.6154 0.49
      vertex 20.7678 -36.6344 0
      vertex 20.8439 -36.6154 0
    endloop
  endfacet
  facet normal -0.0496835 0.998765 0
    outer loop
      vertex 18.0784 -38.1961 0
      vertex 18 -38.2 0.49
      vertex 18.0784 -38.1961 0.49
    endloop
  endfacet
  facet normal -0.0496835 0.998765 0
    outer loop
      vertex 18 -38.2 0.49
      vertex 18.0784 -38.1961 0
      vertex 18 -38.2 0
    endloop
  endfacet
  facet normal -0.998765 -0.0496835 0
    outer loop
      vertex 18.8 -37.4 0
      vertex 18.7961 -37.3216 0.49
      vertex 18.7961 -37.3216 0
    endloop
  endfacet
  facet normal -0.998765 -0.0496835 0
    outer loop
      vertex 18.7961 -37.3216 0.49
      vertex 18.8 -37.4 0
      vertex 18.8 -37.4 0.49
    endloop
  endfacet
  facet normal 0.998765 0.0496835 0
    outer loop
      vertex 17.2039 -37.4784 0.49
      vertex 17.2 -37.4 0
      vertex 17.2 -37.4 0.49
    endloop
  endfacet
  facet normal 0.998765 0.0496835 0
    outer loop
      vertex 17.2 -37.4 0
      vertex 17.2039 -37.4784 0.49
      vertex 17.2039 -37.4784 0
    endloop
  endfacet
  facet normal 0.741264 -0.671213 0
    outer loop
      vertex 17.3816 -36.8925 0.49
      vertex 17.4343 -36.8343 0
      vertex 17.4343 -36.8343 0.49
    endloop
  endfacet
  facet normal 0.741264 -0.671213 0
    outer loop
      vertex 17.4343 -36.8343 0
      vertex 17.3816 -36.8925 0.49
      vertex 17.3816 -36.8925 0
    endloop
  endfacet
  facet normal -0.741264 0.671213 0
    outer loop
      vertex 18.5657 -37.9657 0
      vertex 18.6184 -37.9075 0.49
      vertex 18.6184 -37.9075 0
    endloop
  endfacet
  facet normal -0.741264 0.671213 0
    outer loop
      vertex 18.6184 -37.9075 0.49
      vertex 18.5657 -37.9657 0
      vertex 18.5657 -37.9657 0.49
    endloop
  endfacet
  facet normal -0.671213 -0.741264 0
    outer loop
      vertex 18.5075 -36.7816 0
      vertex 18.5657 -36.8343 0.49
      vertex 18.5075 -36.7816 0.49
    endloop
  endfacet
  facet normal -0.671213 -0.741264 -0
    outer loop
      vertex 18.5657 -36.8343 0.49
      vertex 18.5075 -36.7816 0
      vertex 18.5657 -36.8343 0
    endloop
  endfacet
  facet normal -0.903893 -0.427758 0
    outer loop
      vertex 18.7391 -37.0939 0
      vertex 18.7055 -37.0229 0.49
      vertex 18.7055 -37.0229 0
    endloop
  endfacet
  facet normal -0.903893 -0.427758 0
    outer loop
      vertex 18.7055 -37.0229 0.49
      vertex 18.7391 -37.0939 0
      vertex 18.7391 -37.0939 0.49
    endloop
  endfacet
  facet normal 0.337546 -0.941309 0
    outer loop
      vertex 17.6939 -36.6609 0
      vertex 17.7678 -36.6344 0.49
      vertex 17.6939 -36.6609 0.49
    endloop
  endfacet
  facet normal 0.337546 -0.941309 0
    outer loop
      vertex 17.7678 -36.6344 0.49
      vertex 17.6939 -36.6609 0
      vertex 17.7678 -36.6344 0
    endloop
  endfacet
  facet normal -0.427758 0.903893 0
    outer loop
      vertex 18.3771 -38.1055 0
      vertex 18.3061 -38.1391 0.49
      vertex 18.3771 -38.1055 0.49
    endloop
  endfacet
  facet normal -0.427758 0.903893 0
    outer loop
      vertex 18.3061 -38.1391 0.49
      vertex 18.3771 -38.1055 0
      vertex 18.3061 -38.1391 0
    endloop
  endfacet
  facet normal -0.941309 0.337546 0
    outer loop
      vertex 18.7391 -37.7061 0
      vertex 18.7656 -37.6322 0.49
      vertex 18.7656 -37.6322 0
    endloop
  endfacet
  facet normal -0.941309 0.337546 0
    outer loop
      vertex 18.7656 -37.6322 0.49
      vertex 18.7391 -37.7061 0
      vertex 18.7391 -37.7061 0.49
    endloop
  endfacet
  facet normal -0.427758 -0.903893 0
    outer loop
      vertex 18.3061 -36.6609 0
      vertex 18.3771 -36.6945 0.49
      vertex 18.3061 -36.6609 0.49
    endloop
  endfacet
  facet normal -0.427758 -0.903893 -0
    outer loop
      vertex 18.3771 -36.6945 0.49
      vertex 18.3061 -36.6609 0
      vertex 18.3771 -36.6945 0
    endloop
  endfacet
  facet normal -0.513184 -0.858278 0
    outer loop
      vertex 18.3771 -36.6945 0
      vertex 18.4445 -36.7348 0.49
      vertex 18.3771 -36.6945 0.49
    endloop
  endfacet
  facet normal -0.513184 -0.858278 -0
    outer loop
      vertex 18.4445 -36.7348 0.49
      vertex 18.3771 -36.6945 0
      vertex 18.4445 -36.7348 0
    endloop
  endfacet
  facet normal -0.970217 -0.242236 0
    outer loop
      vertex 18.7846 -37.2439 0
      vertex 18.7656 -37.1678 0.49
      vertex 18.7656 -37.1678 0
    endloop
  endfacet
  facet normal -0.970217 -0.242236 0
    outer loop
      vertex 18.7656 -37.1678 0.49
      vertex 18.7846 -37.2439 0
      vertex 18.7846 -37.2439 0.49
    endloop
  endfacet
  facet normal 0.427758 0.903893 -0
    outer loop
      vertex 17.6939 -38.1391 0
      vertex 17.6229 -38.1055 0.49
      vertex 17.6939 -38.1391 0.49
    endloop
  endfacet
  facet normal 0.427758 0.903893 0
    outer loop
      vertex 17.6229 -38.1055 0.49
      vertex 17.6939 -38.1391 0
      vertex 17.6229 -38.1055 0
    endloop
  endfacet
  facet normal 0.941309 0.337546 0
    outer loop
      vertex 17.2609 -37.7061 0.49
      vertex 17.2344 -37.6322 0
      vertex 17.2344 -37.6322 0.49
    endloop
  endfacet
  facet normal 0.941309 0.337546 0
    outer loop
      vertex 17.2344 -37.6322 0
      vertex 17.2609 -37.7061 0.49
      vertex 17.2609 -37.7061 0
    endloop
  endfacet
  facet normal 0.671213 0.741264 -0
    outer loop
      vertex 17.4925 -38.0184 0
      vertex 17.4343 -37.9657 0.49
      vertex 17.4925 -38.0184 0.49
    endloop
  endfacet
  facet normal 0.671213 0.741264 0
    outer loop
      vertex 17.4343 -37.9657 0.49
      vertex 17.4925 -38.0184 0
      vertex 17.4343 -37.9657 0
    endloop
  endfacet
  facet normal 0.242236 0.970217 -0
    outer loop
      vertex 17.8439 -38.1846 0
      vertex 17.7678 -38.1656 0.49
      vertex 17.8439 -38.1846 0.49
    endloop
  endfacet
  facet normal 0.242236 0.970217 0
    outer loop
      vertex 17.7678 -38.1656 0.49
      vertex 17.8439 -38.1846 0
      vertex 17.7678 -38.1656 0
    endloop
  endfacet
  facet normal 0.970217 -0.242236 0
    outer loop
      vertex 17.2154 -37.2439 0.49
      vertex 17.2344 -37.1678 0
      vertex 17.2344 -37.1678 0.49
    endloop
  endfacet
  facet normal 0.970217 -0.242236 0
    outer loop
      vertex 17.2344 -37.1678 0
      vertex 17.2154 -37.2439 0.49
      vertex 17.2154 -37.2439 0
    endloop
  endfacet
  facet normal 0.671213 -0.741264 0
    outer loop
      vertex 17.4343 -36.8343 0
      vertex 17.4925 -36.7816 0.49
      vertex 17.4343 -36.8343 0.49
    endloop
  endfacet
  facet normal 0.671213 -0.741264 0
    outer loop
      vertex 17.4925 -36.7816 0.49
      vertex 17.4343 -36.8343 0
      vertex 17.4925 -36.7816 0
    endloop
  endfacet
  facet normal -0.242236 0.970217 0
    outer loop
      vertex 18.2322 -38.1656 0
      vertex 18.1561 -38.1846 0.49
      vertex 18.2322 -38.1656 0.49
    endloop
  endfacet
  facet normal -0.242236 0.970217 0
    outer loop
      vertex 18.1561 -38.1846 0.49
      vertex 18.2322 -38.1656 0
      vertex 18.1561 -38.1846 0
    endloop
  endfacet
  facet normal -0.14641 0.989224 0
    outer loop
      vertex 18.1561 -38.1846 0
      vertex 18.0784 -38.1961 0.49
      vertex 18.1561 -38.1846 0.49
    endloop
  endfacet
  facet normal -0.14641 0.989224 0
    outer loop
      vertex 18.0784 -38.1961 0.49
      vertex 18.1561 -38.1846 0
      vertex 18.0784 -38.1961 0
    endloop
  endfacet
  facet normal -0.337546 0.941309 0
    outer loop
      vertex 18.3061 -38.1391 0
      vertex 18.2322 -38.1656 0.49
      vertex 18.3061 -38.1391 0.49
    endloop
  endfacet
  facet normal -0.337546 0.941309 0
    outer loop
      vertex 18.2322 -38.1656 0.49
      vertex 18.3061 -38.1391 0
      vertex 18.2322 -38.1656 0
    endloop
  endfacet
  facet normal -0.596324 0.802744 0
    outer loop
      vertex 18.5075 -38.0184 0
      vertex 18.4445 -38.0652 0.49
      vertex 18.5075 -38.0184 0.49
    endloop
  endfacet
  facet normal -0.596324 0.802744 0
    outer loop
      vertex 18.4445 -38.0652 0.49
      vertex 18.5075 -38.0184 0
      vertex 18.4445 -38.0652 0
    endloop
  endfacet
  facet normal -0.671213 0.741264 0
    outer loop
      vertex 18.5657 -37.9657 0
      vertex 18.5075 -38.0184 0.49
      vertex 18.5657 -37.9657 0.49
    endloop
  endfacet
  facet normal -0.671213 0.741264 0
    outer loop
      vertex 18.5075 -38.0184 0.49
      vertex 18.5657 -37.9657 0
      vertex 18.5075 -38.0184 0
    endloop
  endfacet
  facet normal -0.513184 0.858278 0
    outer loop
      vertex 18.4445 -38.0652 0
      vertex 18.3771 -38.1055 0.49
      vertex 18.4445 -38.0652 0.49
    endloop
  endfacet
  facet normal -0.513184 0.858278 0
    outer loop
      vertex 18.3771 -38.1055 0.49
      vertex 18.4445 -38.0652 0
      vertex 18.3771 -38.1055 0
    endloop
  endfacet
  facet normal -0.989224 0.14641 0
    outer loop
      vertex 18.7846 -37.5561 0
      vertex 18.7961 -37.4784 0.49
      vertex 18.7961 -37.4784 0
    endloop
  endfacet
  facet normal -0.989224 0.14641 0
    outer loop
      vertex 18.7961 -37.4784 0.49
      vertex 18.7846 -37.5561 0
      vertex 18.7846 -37.5561 0.49
    endloop
  endfacet
  facet normal -0.998765 0.0496835 0
    outer loop
      vertex 18.7961 -37.4784 0
      vertex 18.8 -37.4 0.49
      vertex 18.8 -37.4 0
    endloop
  endfacet
  facet normal -0.998765 0.0496835 0
    outer loop
      vertex 18.8 -37.4 0.49
      vertex 18.7961 -37.4784 0
      vertex 18.7961 -37.4784 0.49
    endloop
  endfacet
  facet normal -0.858278 0.513184 0
    outer loop
      vertex 18.6652 -37.8445 0
      vertex 18.7055 -37.7771 0.49
      vertex 18.7055 -37.7771 0
    endloop
  endfacet
  facet normal -0.858278 0.513184 0
    outer loop
      vertex 18.7055 -37.7771 0.49
      vertex 18.6652 -37.8445 0
      vertex 18.6652 -37.8445 0.49
    endloop
  endfacet
  facet normal -0.903893 0.427758 0
    outer loop
      vertex 18.7055 -37.7771 0
      vertex 18.7391 -37.7061 0.49
      vertex 18.7391 -37.7061 0
    endloop
  endfacet
  facet normal -0.903893 0.427758 0
    outer loop
      vertex 18.7391 -37.7061 0.49
      vertex 18.7055 -37.7771 0
      vertex 18.7055 -37.7771 0.49
    endloop
  endfacet
  facet normal -0.802744 0.596324 0
    outer loop
      vertex 18.6184 -37.9075 0
      vertex 18.6652 -37.8445 0.49
      vertex 18.6652 -37.8445 0
    endloop
  endfacet
  facet normal -0.802744 0.596324 0
    outer loop
      vertex 18.6652 -37.8445 0.49
      vertex 18.6184 -37.9075 0
      vertex 18.6184 -37.9075 0.49
    endloop
  endfacet
  facet normal -0.14641 -0.989224 0
    outer loop
      vertex 18.0784 -36.6039 0
      vertex 18.1561 -36.6154 0.49
      vertex 18.0784 -36.6039 0.49
    endloop
  endfacet
  facet normal -0.14641 -0.989224 -0
    outer loop
      vertex 18.1561 -36.6154 0.49
      vertex 18.0784 -36.6039 0
      vertex 18.1561 -36.6154 0
    endloop
  endfacet
  facet normal -0.596324 -0.802744 0
    outer loop
      vertex 18.4445 -36.7348 0
      vertex 18.5075 -36.7816 0.49
      vertex 18.4445 -36.7348 0.49
    endloop
  endfacet
  facet normal -0.596324 -0.802744 -0
    outer loop
      vertex 18.5075 -36.7816 0.49
      vertex 18.4445 -36.7348 0
      vertex 18.5075 -36.7816 0
    endloop
  endfacet
  facet normal -0.337546 -0.941309 0
    outer loop
      vertex 18.2322 -36.6344 0
      vertex 18.3061 -36.6609 0.49
      vertex 18.2322 -36.6344 0.49
    endloop
  endfacet
  facet normal -0.337546 -0.941309 -0
    outer loop
      vertex 18.3061 -36.6609 0.49
      vertex 18.2322 -36.6344 0
      vertex 18.3061 -36.6609 0
    endloop
  endfacet
  facet normal -0.242236 -0.970217 0
    outer loop
      vertex 18.1561 -36.6154 0
      vertex 18.2322 -36.6344 0.49
      vertex 18.1561 -36.6154 0.49
    endloop
  endfacet
  facet normal -0.242236 -0.970217 -0
    outer loop
      vertex 18.2322 -36.6344 0.49
      vertex 18.1561 -36.6154 0
      vertex 18.2322 -36.6344 0
    endloop
  endfacet
  facet normal -0.0496835 -0.998765 0
    outer loop
      vertex 18 -36.6 0
      vertex 18.0784 -36.6039 0.49
      vertex 18 -36.6 0.49
    endloop
  endfacet
  facet normal -0.0496835 -0.998765 -0
    outer loop
      vertex 18.0784 -36.6039 0.49
      vertex 18 -36.6 0
      vertex 18.0784 -36.6039 0
    endloop
  endfacet
  facet normal 0 0 -1
    outer loop
      vertex 18.7961 -37.4784 0.49
      vertex 18.7961 -37.3216 0.49
      vertex 18.8 -37.4 0.49
    endloop
  endfacet
  facet normal 0 0 -1
    outer loop
      vertex 18.7846 -37.5561 0.49
      vertex 18.7961 -37.3216 0.49
      vertex 18.7961 -37.4784 0.49
    endloop
  endfacet
  facet normal 0 0 -1
    outer loop
      vertex 18.7846 -37.5561 0.49
      vertex 18.7846 -37.2439 0.49
      vertex 18.7961 -37.3216 0.49
    endloop
  endfacet
  facet normal 0 0 -1
    outer loop
      vertex 18.7656 -37.6322 0.49
      vertex 18.7846 -37.2439 0.49
      vertex 18.7846 -37.5561 0.49
    endloop
  endfacet
  facet normal 0 0 -1
    outer loop
      vertex 18.7656 -37.6322 0.49
      vertex 18.7656 -37.1678 0.49
      vertex 18.7846 -37.2439 0.49
    endloop
  endfacet
  facet normal 0 0 -1
    outer loop
      vertex 18.7391 -37.7061 0.49
      vertex 18.7656 -37.1678 0.49
      vertex 18.7656 -37.6322 0.49
    endloop
  endfacet
  facet normal 0 0 -1
    outer loop
      vertex 18.7391 -37.7061 0.49
      vertex 18.7391 -37.0939 0.49
      vertex 18.7656 -37.1678 0.49
    endloop
  endfacet
  facet normal 0 0 -1
    outer loop
      vertex 18.7055 -37.7771 0.49
      vertex 18.7391 -37.0939 0.49
      vertex 18.7391 -37.7061 0.49
    endloop
  endfacet
  facet normal 0 0 -1
    outer loop
      vertex 18.7055 -37.7771 0.49
      vertex 18.7055 -37.0229 0.49
      vertex 18.7391 -37.0939 0.49
    endloop
  endfacet
  facet normal 0 0 -1
    outer loop
      vertex 18.6652 -37.8445 0.49
      vertex 18.7055 -37.0229 0.49
      vertex 18.7055 -37.7771 0.49
    endloop
  endfacet
  facet normal 0 0 -1
    outer loop
      vertex 18.6652 -37.8445 0.49
      vertex 18.6652 -36.9555 0.49
      vertex 18.7055 -37.0229 0.49
    endloop
  endfacet
  facet normal 0 0 -1
    outer loop
      vertex 18.6184 -37.9075 0.49
      vertex 18.6652 -36.9555 0.49
      vertex 18.6652 -37.8445 0.49
    endloop
  endfacet
  facet normal 0 0 -1
    outer loop
      vertex 18.6184 -37.9075 0.49
      vertex 18.6184 -36.8925 0.49
      vertex 18.6652 -36.9555 0.49
    endloop
  endfacet
  facet normal 0 0 -1
    outer loop
      vertex 18.5657 -37.9657 0.49
      vertex 18.6184 -36.8925 0.49
      vertex 18.6184 -37.9075 0.49
    endloop
  endfacet
  facet normal 0 0 -1
    outer loop
      vertex 18.5657 -37.9657 0.49
      vertex 18.5657 -36.8343 0.49
      vertex 18.6184 -36.8925 0.49
    endloop
  endfacet
  facet normal 0 0 -1
    outer loop
      vertex 18.5075 -38.0184 0.49
      vertex 18.5657 -36.8343 0.49
      vertex 18.5657 -37.9657 0.49
    endloop
  endfacet
  facet normal 0 0 -1
    outer loop
      vertex 18.5075 -38.0184 0.49
      vertex 18.5075 -36.7816 0.49
      vertex 18.5657 -36.8343 0.49
    endloop
  endfacet
  facet normal 0 0 -1
    outer loop
      vertex 18.4445 -38.0652 0.49
      vertex 18.5075 -36.7816 0.49
      vertex 18.5075 -38.0184 0.49
    endloop
  endfacet
  facet normal 0 0 -1
    outer loop
      vertex 18.4445 -38.0652 0.49
      vertex 18.4445 -36.7348 0.49
      vertex 18.5075 -36.7816 0.49
    endloop
  endfacet
  facet normal 0 0 -1
    outer loop
      vertex 18.3771 -38.1055 0.49
      vertex 18.4445 -36.7348 0.49
      vertex 18.4445 -38.0652 0.49
    endloop
  endfacet
  facet normal 0 0 -1
    outer loop
      vertex 18.3771 -38.1055 0.49
      vertex 18.3771 -36.6945 0.49
      vertex 18.4445 -36.7348 0.49
    endloop
  endfacet
  facet normal 0 0 -1
    outer loop
      vertex 18.3061 -38.1391 0.49
      vertex 18.3771 -36.6945 0.49
      vertex 18.3771 -38.1055 0.49
    endloop
  endfacet
  facet normal 0 0 -1
    outer loop
      vertex 18.3061 -38.1391 0.49
      vertex 18.3061 -36.6609 0.49
      vertex 18.3771 -36.6945 0.49
    endloop
  endfacet
  facet normal 0 0 -1
    outer loop
      vertex 18.2322 -38.1656 0.49
      vertex 18.3061 -36.6609 0.49
      vertex 18.3061 -38.1391 0.49
    endloop
  endfacet
  facet normal 0 0 -1
    outer loop
      vertex 18.2322 -38.1656 0.49
      vertex 18.2322 -36.6344 0.49
      vertex 18.3061 -36.6609 0.49
    endloop
  endfacet
  facet normal 0 0 -1
    outer loop
      vertex 18.1561 -38.1846 0.49
      vertex 18.2322 -36.6344 0.49
      vertex 18.2322 -38.1656 0.49
    endloop
  endfacet
  facet normal 0 0 -1
    outer loop
      vertex 18.1561 -38.1846 0.49
      vertex 18.1561 -36.6154 0.49
      vertex 18.2322 -36.6344 0.49
    endloop
  endfacet
  facet normal 0 0 -1
    outer loop
      vertex 18.0784 -38.1961 0.49
      vertex 18.1561 -36.6154 0.49
      vertex 18.1561 -38.1846 0.49
    endloop
  endfacet
  facet normal 0 0 -1
    outer loop
      vertex 18.0784 -38.1961 0.49
      vertex 18.0784 -36.6039 0.49
      vertex 18.1561 -36.6154 0.49
    endloop
  endfacet
  facet normal 0 0 -1
    outer loop
      vertex 18 -38.2 0.49
      vertex 18.0784 -36.6039 0.49
      vertex 18.0784 -38.1961 0.49
    endloop
  endfacet
  facet normal 0 0 -1
    outer loop
      vertex 18 -38.2 0.49
      vertex 18 -36.6 0.49
      vertex 18.0784 -36.6039 0.49
    endloop
  endfacet
  facet normal 0 0 -1
    outer loop
      vertex 17.9216 -38.1961 0.49
      vertex 18 -36.6 0.49
      vertex 18 -38.2 0.49
    endloop
  endfacet
  facet normal 0 0 -1
    outer loop
      vertex 17.9216 -38.1961 0.49
      vertex 17.9216 -36.6039 0.49
      vertex 18 -36.6 0.49
    endloop
  endfacet
  facet normal 0 0 -1
    outer loop
      vertex 17.8439 -38.1846 0.49
      vertex 17.9216 -36.6039 0.49
      vertex 17.9216 -38.1961 0.49
    endloop
  endfacet
  facet normal 0 0 -1
    outer loop
      vertex 17.8439 -38.1846 0.49
      vertex 17.8439 -36.6154 0.49
      vertex 17.9216 -36.6039 0.49
    endloop
  endfacet
  facet normal 0 0 -1
    outer loop
      vertex 17.7678 -38.1656 0.49
      vertex 17.8439 -36.6154 0.49
      vertex 17.8439 -38.1846 0.49
    endloop
  endfacet
  facet normal 0 0 -1
    outer loop
      vertex 17.7678 -38.1656 0.49
      vertex 17.7678 -36.6344 0.49
      vertex 17.8439 -36.6154 0.49
    endloop
  endfacet
  facet normal 0 0 -1
    outer loop
      vertex 17.6939 -38.1391 0.49
      vertex 17.7678 -36.6344 0.49
      vertex 17.7678 -38.1656 0.49
    endloop
  endfacet
  facet normal 0 0 -1
    outer loop
      vertex 17.6939 -38.1391 0.49
      vertex 17.6939 -36.6609 0.49
      vertex 17.7678 -36.6344 0.49
    endloop
  endfacet
  facet normal 0 0 -1
    outer loop
      vertex 17.6229 -38.1055 0.49
      vertex 17.6939 -36.6609 0.49
      vertex 17.6939 -38.1391 0.49
    endloop
  endfacet
  facet normal 0 0 -1
    outer loop
      vertex 17.6229 -38.1055 0.49
      vertex 17.6229 -36.6945 0.49
      vertex 17.6939 -36.6609 0.49
    endloop
  endfacet
  facet normal 0 0 -1
    outer loop
      vertex 17.5555 -38.0652 0.49
      vertex 17.6229 -36.6945 0.49
      vertex 17.6229 -38.1055 0.49
    endloop
  endfacet
  facet normal 0 0 -1
    outer loop
      vertex 17.5555 -38.0652 0.49
      vertex 17.5555 -36.7348 0.49
      vertex 17.6229 -36.6945 0.49
    endloop
  endfacet
  facet normal 0 0 -1
    outer loop
      vertex 17.4925 -38.0184 0.49
      vertex 17.5555 -36.7348 0.49
      vertex 17.5555 -38.0652 0.49
    endloop
  endfacet
  facet normal 0 0 -1
    outer loop
      vertex 17.4925 -38.0184 0.49
      vertex 17.4925 -36.7816 0.49
      vertex 17.5555 -36.7348 0.49
    endloop
  endfacet
  facet normal 0 0 -1
    outer loop
      vertex 17.4343 -37.9657 0.49
      vertex 17.4925 -36.7816 0.49
      vertex 17.4925 -38.0184 0.49
    endloop
  endfacet
  facet normal 0 0 -1
    outer loop
      vertex 17.4343 -37.9657 0.49
      vertex 17.4343 -36.8343 0.49
      vertex 17.4925 -36.7816 0.49
    endloop
  endfacet
  facet normal 0 0 -1
    outer loop
      vertex 17.3816 -37.9075 0.49
      vertex 17.4343 -36.8343 0.49
      vertex 17.4343 -37.9657 0.49
    endloop
  endfacet
  facet normal 0 0 -1
    outer loop
      vertex 17.3816 -37.9075 0.49
      vertex 17.3816 -36.8925 0.49
      vertex 17.4343 -36.8343 0.49
    endloop
  endfacet
  facet normal 0 0 -1
    outer loop
      vertex 17.3348 -37.8445 0.49
      vertex 17.3816 -36.8925 0.49
      vertex 17.3816 -37.9075 0.49
    endloop
  endfacet
  facet normal 0 0 -1
    outer loop
      vertex 17.3348 -37.8445 0.49
      vertex 17.3348 -36.9555 0.49
      vertex 17.3816 -36.8925 0.49
    endloop
  endfacet
  facet normal 0 0 -1
    outer loop
      vertex 17.2945 -37.7771 0.49
      vertex 17.3348 -36.9555 0.49
      vertex 17.3348 -37.8445 0.49
    endloop
  endfacet
  facet normal 0 0 -1
    outer loop
      vertex 17.2945 -37.7771 0.49
      vertex 17.2945 -37.0229 0.49
      vertex 17.3348 -36.9555 0.49
    endloop
  endfacet
  facet normal 0 0 -1
    outer loop
      vertex 17.2609 -37.7061 0.49
      vertex 17.2945 -37.0229 0.49
      vertex 17.2945 -37.7771 0.49
    endloop
  endfacet
  facet normal 0 0 -1
    outer loop
      vertex 17.2609 -37.7061 0.49
      vertex 17.2609 -37.0939 0.49
      vertex 17.2945 -37.0229 0.49
    endloop
  endfacet
  facet normal 0 0 -1
    outer loop
      vertex 17.2344 -37.6322 0.49
      vertex 17.2609 -37.0939 0.49
      vertex 17.2609 -37.7061 0.49
    endloop
  endfacet
  facet normal 0 0 -1
    outer loop
      vertex 17.2344 -37.6322 0.49
      vertex 17.2344 -37.1678 0.49
      vertex 17.2609 -37.0939 0.49
    endloop
  endfacet
  facet normal 0 0 -1
    outer loop
      vertex 17.2154 -37.5561 0.49
      vertex 17.2344 -37.1678 0.49
      vertex 17.2344 -37.6322 0.49
    endloop
  endfacet
  facet normal 0 0 -1
    outer loop
      vertex 17.2154 -37.5561 0.49
      vertex 17.2154 -37.2439 0.49
      vertex 17.2344 -37.1678 0.49
    endloop
  endfacet
  facet normal 0 0 -1
    outer loop
      vertex 17.2039 -37.4784 0.49
      vertex 17.2154 -37.2439 0.49
      vertex 17.2154 -37.5561 0.49
    endloop
  endfacet
  facet normal 0 0 -1
    outer loop
      vertex 17.2039 -37.4784 0.49
      vertex 17.2039 -37.3216 0.49
      vertex 17.2154 -37.2439 0.49
    endloop
  endfacet
  facet normal 0 -0 -1
    outer loop
      vertex 17.2039 -37.3216 0.49
      vertex 17.2039 -37.4784 0.49
      vertex 17.2 -37.4 0.49
    endloop
  endfacet
  facet normal -0.802744 -0.596324 0
    outer loop
      vertex 18.6652 -36.9555 0
      vertex 18.6184 -36.8925 0.49
      vertex 18.6184 -36.8925 0
    endloop
  endfacet
  facet normal -0.802744 -0.596324 0
    outer loop
      vertex 18.6184 -36.8925 0.49
      vertex 18.6652 -36.9555 0
      vertex 18.6652 -36.9555 0.49
    endloop
  endfacet
  facet normal -0.741264 -0.671213 0
    outer loop
      vertex 18.6184 -36.8925 0
      vertex 18.5657 -36.8343 0.49
      vertex 18.5657 -36.8343 0
    endloop
  endfacet
  facet normal -0.741264 -0.671213 0
    outer loop
      vertex 18.5657 -36.8343 0.49
      vertex 18.6184 -36.8925 0
      vertex 18.6184 -36.8925 0.49
    endloop
  endfacet
  facet normal -0.941309 -0.337546 0
    outer loop
      vertex 18.7656 -37.1678 0
      vertex 18.7391 -37.0939 0.49
      vertex 18.7391 -37.0939 0
    endloop
  endfacet
  facet normal -0.941309 -0.337546 0
    outer loop
      vertex 18.7391 -37.0939 0.49
      vertex 18.7656 -37.1678 0
      vertex 18.7656 -37.1678 0.49
    endloop
  endfacet
  facet normal -0.989224 -0.14641 0
    outer loop
      vertex 18.7961 -37.3216 0
      vertex 18.7846 -37.2439 0.49
      vertex 18.7846 -37.2439 0
    endloop
  endfacet
  facet normal -0.989224 -0.14641 0
    outer loop
      vertex 18.7846 -37.2439 0.49
      vertex 18.7961 -37.3216 0
      vertex 18.7961 -37.3216 0.49
    endloop
  endfacet
  facet normal 0.989224 0.14641 0
    outer loop
      vertex 17.2154 -37.5561 0.49
      vertex 17.2039 -37.4784 0
      vertex 17.2039 -37.4784 0.49
    endloop
  endfacet
  facet normal 0.989224 0.14641 0
    outer loop
      vertex 17.2039 -37.4784 0
      vertex 17.2154 -37.5561 0.49
      vertex 17.2154 -37.5561 0
    endloop
  endfacet
  facet normal 0.858278 0.513184 0
    outer loop
      vertex 17.3348 -37.8445 0.49
      vertex 17.2945 -37.7771 0
      vertex 17.2945 -37.7771 0.49
    endloop
  endfacet
  facet normal 0.858278 0.513184 0
    outer loop
      vertex 17.2945 -37.7771 0
      vertex 17.3348 -37.8445 0.49
      vertex 17.3348 -37.8445 0
    endloop
  endfacet
  facet normal 0.741264 0.671213 0
    outer loop
      vertex 17.4343 -37.9657 0.49
      vertex 17.3816 -37.9075 0
      vertex 17.3816 -37.9075 0.49
    endloop
  endfacet
  facet normal 0.741264 0.671213 0
    outer loop
      vertex 17.3816 -37.9075 0
      vertex 17.4343 -37.9657 0.49
      vertex 17.4343 -37.9657 0
    endloop
  endfacet
  facet normal 0.596324 0.802744 -0
    outer loop
      vertex 17.5555 -38.0652 0
      vertex 17.4925 -38.0184 0.49
      vertex 17.5555 -38.0652 0.49
    endloop
  endfacet
  facet normal 0.596324 0.802744 0
    outer loop
      vertex 17.4925 -38.0184 0.49
      vertex 17.5555 -38.0652 0
      vertex 17.4925 -38.0184 0
    endloop
  endfacet
  facet normal 0.513184 0.858278 -0
    outer loop
      vertex 17.6229 -38.1055 0
      vertex 17.5555 -38.0652 0.49
      vertex 17.6229 -38.1055 0.49
    endloop
  endfacet
  facet normal 0.513184 0.858278 0
    outer loop
      vertex 17.5555 -38.0652 0.49
      vertex 17.6229 -38.1055 0
      vertex 17.5555 -38.0652 0
    endloop
  endfacet
  facet normal 0.802744 -0.596324 0
    outer loop
      vertex 17.3348 -36.9555 0.49
      vertex 17.3816 -36.8925 0
      vertex 17.3816 -36.8925 0.49
    endloop
  endfacet
  facet normal 0.802744 -0.596324 0
    outer loop
      vertex 17.3816 -36.8925 0
      vertex 17.3348 -36.9555 0.49
      vertex 17.3348 -36.9555 0
    endloop
  endfacet
  facet normal 0.858278 -0.513184 0
    outer loop
      vertex 17.2945 -37.0229 0.49
      vertex 17.3348 -36.9555 0
      vertex 17.3348 -36.9555 0.49
    endloop
  endfacet
  facet normal 0.858278 -0.513184 0
    outer loop
      vertex 17.3348 -36.9555 0
      vertex 17.2945 -37.0229 0.49
      vertex 17.2945 -37.0229 0
    endloop
  endfacet
  facet normal 0.903893 -0.427758 0
    outer loop
      vertex 17.2609 -37.0939 0.49
      vertex 17.2945 -37.0229 0
      vertex 17.2945 -37.0229 0.49
    endloop
  endfacet
  facet normal 0.903893 -0.427758 0
    outer loop
      vertex 17.2945 -37.0229 0
      vertex 17.2609 -37.0939 0.49
      vertex 17.2609 -37.0939 0
    endloop
  endfacet
  facet normal 0.998765 -0.0496835 0
    outer loop
      vertex 17.2 -37.4 0.49
      vertex 17.2039 -37.3216 0
      vertex 17.2039 -37.3216 0.49
    endloop
  endfacet
  facet normal 0.998765 -0.0496835 0
    outer loop
      vertex 17.2039 -37.3216 0
      vertex 17.2 -37.4 0.49
      vertex 17.2 -37.4 0
    endloop
  endfacet
  facet normal 0.513184 -0.858278 0
    outer loop
      vertex 17.5555 -36.7348 0
      vertex 17.6229 -36.6945 0.49
      vertex 17.5555 -36.7348 0.49
    endloop
  endfacet
  facet normal 0.513184 -0.858278 0
    outer loop
      vertex 17.6229 -36.6945 0.49
      vertex 17.5555 -36.7348 0
      vertex 17.6229 -36.6945 0
    endloop
  endfacet
  facet normal 0.427758 -0.903893 0
    outer loop
      vertex 17.6229 -36.6945 0
      vertex 17.6939 -36.6609 0.49
      vertex 17.6229 -36.6945 0.49
    endloop
  endfacet
  facet normal 0.427758 -0.903893 0
    outer loop
      vertex 17.6939 -36.6609 0.49
      vertex 17.6229 -36.6945 0
      vertex 17.6939 -36.6609 0
    endloop
  endfacet
  facet normal 0.14641 -0.989224 0
    outer loop
      vertex 17.8439 -36.6154 0
      vertex 17.9216 -36.6039 0.49
      vertex 17.8439 -36.6154 0.49
    endloop
  endfacet
  facet normal 0.14641 -0.989224 0
    outer loop
      vertex 17.9216 -36.6039 0.49
      vertex 17.8439 -36.6154 0
      vertex 17.9216 -36.6039 0
    endloop
  endfacet
  facet normal -0.970217 0.242236 0
    outer loop
      vertex 18.7656 -37.6322 0
      vertex 18.7846 -37.5561 0.49
      vertex 18.7846 -37.5561 0
    endloop
  endfacet
  facet normal -0.970217 0.242236 0
    outer loop
      vertex 18.7846 -37.5561 0.49
      vertex 18.7656 -37.6322 0
      vertex 18.7656 -37.6322 0.49
    endloop
  endfacet
  facet normal 0.0496835 -0.998765 0
    outer loop
      vertex 17.9216 -36.6039 0
      vertex 18 -36.6 0.49
      vertex 17.9216 -36.6039 0.49
    endloop
  endfacet
  facet normal 0.0496835 -0.998765 0
    outer loop
      vertex 18 -36.6 0.49
      vertex 17.9216 -36.6039 0
      vertex 18 -36.6 0
    endloop
  endfacet
  facet normal -0.858278 -0.513184 0
    outer loop
      vertex 18.7055 -37.0229 0
      vertex 18.6652 -36.9555 0.49
      vertex 18.6652 -36.9555 0
    endloop
  endfacet
  facet normal -0.858278 -0.513184 0
    outer loop
      vertex 18.6652 -36.9555 0.49
      vertex 18.7055 -37.0229 0
      vertex 18.7055 -37.0229 0.49
    endloop
  endfacet
  facet normal 0.970217 0.242236 0
    outer loop
      vertex 17.2344 -37.6322 0.49
      vertex 17.2154 -37.5561 0
      vertex 17.2154 -37.5561 0.49
    endloop
  endfacet
  facet normal 0.970217 0.242236 0
    outer loop
      vertex 17.2154 -37.5561 0
      vertex 17.2344 -37.6322 0.49
      vertex 17.2344 -37.6322 0
    endloop
  endfacet
  facet normal 0.903893 0.427758 0
    outer loop
      vertex 17.2945 -37.7771 0.49
      vertex 17.2609 -37.7061 0
      vertex 17.2609 -37.7061 0.49
    endloop
  endfacet
  facet normal 0.903893 0.427758 0
    outer loop
      vertex 17.2609 -37.7061 0
      vertex 17.2945 -37.7771 0.49
      vertex 17.2945 -37.7771 0
    endloop
  endfacet
  facet normal 0.802744 0.596324 0
    outer loop
      vertex 17.3816 -37.9075 0.49
      vertex 17.3348 -37.8445 0
      vertex 17.3348 -37.8445 0.49
    endloop
  endfacet
  facet normal 0.802744 0.596324 0
    outer loop
      vertex 17.3348 -37.8445 0
      vertex 17.3816 -37.9075 0.49
      vertex 17.3816 -37.9075 0
    endloop
  endfacet
  facet normal 0.337546 0.941309 -0
    outer loop
      vertex 17.7678 -38.1656 0
      vertex 17.6939 -38.1391 0.49
      vertex 17.7678 -38.1656 0.49
    endloop
  endfacet
  facet normal 0.337546 0.941309 0
    outer loop
      vertex 17.6939 -38.1391 0.49
      vertex 17.7678 -38.1656 0
      vertex 17.6939 -38.1391 0
    endloop
  endfacet
  facet normal 0.14641 0.989224 -0
    outer loop
      vertex 17.9216 -38.1961 0
      vertex 17.8439 -38.1846 0.49
      vertex 17.9216 -38.1961 0.49
    endloop
  endfacet
  facet normal 0.14641 0.989224 0
    outer loop
      vertex 17.8439 -38.1846 0.49
      vertex 17.9216 -38.1961 0
      vertex 17.8439 -38.1846 0
    endloop
  endfacet
  facet normal 0.0496835 0.998765 -0
    outer loop
      vertex 18 -38.2 0
      vertex 17.9216 -38.1961 0.49
      vertex 18 -38.2 0.49
    endloop
  endfacet
  facet normal 0.0496835 0.998765 0
    outer loop
      vertex 17.9216 -38.1961 0.49
      vertex 18 -38.2 0
      vertex 17.9216 -38.1961 0
    endloop
  endfacet
  facet normal 0.941309 -0.337546 0
    outer loop
      vertex 17.2344 -37.1678 0.49
      vertex 17.2609 -37.0939 0
      vertex 17.2609 -37.0939 0.49
    endloop
  endfacet
  facet normal 0.941309 -0.337546 0
    outer loop
      vertex 17.2609 -37.0939 0
      vertex 17.2344 -37.1678 0.49
      vertex 17.2344 -37.1678 0
    endloop
  endfacet
  facet normal 0.989224 -0.14641 0
    outer loop
      vertex 17.2039 -37.3216 0.49
      vertex 17.2154 -37.2439 0
      vertex 17.2154 -37.2439 0.49
    endloop
  endfacet
  facet normal 0.989224 -0.14641 0
    outer loop
      vertex 17.2154 -37.2439 0
      vertex 17.2039 -37.3216 0.49
      vertex 17.2039 -37.3216 0
    endloop
  endfacet
  facet normal 0.596324 -0.802744 0
    outer loop
      vertex 17.4925 -36.7816 0
      vertex 17.5555 -36.7348 0.49
      vertex 17.4925 -36.7816 0.49
    endloop
  endfacet
  facet normal 0.596324 -0.802744 0
    outer loop
      vertex 17.5555 -36.7348 0.49
      vertex 17.4925 -36.7816 0
      vertex 17.5555 -36.7348 0
    endloop
  endfacet
  facet normal 0.242236 -0.970217 0
    outer loop
      vertex 17.7678 -36.6344 0
      vertex 17.8439 -36.6154 0.49
      vertex 17.7678 -36.6344 0.49
    endloop
  endfacet
  facet normal 0.242236 -0.970217 0
    outer loop
      vertex 17.8439 -36.6154 0.49
      vertex 17.7678 -36.6344 0
      vertex 17.8439 -36.6154 0
    endloop
  endfacet
  facet normal 0 0 -1
    outer loop
      vertex 16.819 -35.9032 0
      vertex 17.5555 -36.7348 0
      vertex 17.4925 -36.7816 0
    endloop
  endfacet
  facet normal 0 0 -1
    outer loop
      vertex 17.5555 -36.7348 0
      vertex 17.4855 -34.294 0
      vertex 17.5 -34 0
    endloop
  endfacet
  facet normal 0 0 -1
    outer loop
      vertex 17.5555 -36.7348 0
      vertex 17.4424 -34.5853 0
      vertex 17.4855 -34.294 0
    endloop
  endfacet
  facet normal 0 0 -1
    outer loop
      vertex 16.6213 -36.1213 0
      vertex 17.4925 -36.7816 0
      vertex 17.4343 -36.8343 0
    endloop
  endfacet
  facet normal 0 0 -1
    outer loop
      vertex 16.6213 -36.1213 0
      vertex 17.4343 -36.8343 0
      vertex 17.3816 -36.8925 0
    endloop
  endfacet
  facet normal 0 0 -1
    outer loop
      vertex 17.5555 -36.7348 0
      vertex 17.3708 -34.8708 0
      vertex 17.4424 -34.5853 0
    endloop
  endfacet
  facet normal 0 0 -1
    outer loop
      vertex 16.6213 -36.1213 0
      vertex 17.3816 -36.8925 0
      vertex 17.3348 -36.9555 0
    endloop
  endfacet
  facet normal 0 0 -1
    outer loop
      vertex 16.4032 -36.319 0
      vertex 17.3348 -36.9555 0
      vertex 17.2945 -37.0229 0
    endloop
  endfacet
  facet normal 0 0 -1
    outer loop
      vertex 17.5555 -36.7348 0
      vertex 17.2716 -35.148 0
      vertex 17.3708 -34.8708 0
    endloop
  endfacet
  facet normal 0 0 -1
    outer loop
      vertex 16.4032 -36.319 0
      vertex 17.2945 -37.0229 0
      vertex 17.2609 -37.0939 0
    endloop
  endfacet
  facet normal 0 0 -1
    outer loop
      vertex 16.1667 -36.4944 0
      vertex 17.2609 -37.0939 0
      vertex 17.2344 -37.1678 0
    endloop
  endfacet
  facet normal 0 0 -1
    outer loop
      vertex 16.1667 -36.4944 0
      vertex 17.2344 -37.1678 0
      vertex 17.2154 -37.2439 0
    endloop
  endfacet
  facet normal 0 0 -1
    outer loop
      vertex 16.1667 -36.4944 0
      vertex 17.2154 -37.2439 0
      vertex 17.2039 -37.3216 0
    endloop
  endfacet
  facet normal 0 0 -1
    outer loop
      vertex 15.9142 -36.6458 0
      vertex 17.2039 -37.3216 0
      vertex 17.2 -37.4 0
    endloop
  endfacet
  facet normal 0 0 -1
    outer loop
      vertex 17.5555 -36.7348 0
      vertex 17.1458 -35.4142 0
      vertex 17.2716 -35.148 0
    endloop
  endfacet
  facet normal 0 0 -1
    outer loop
      vertex 26.1846 -15.8137 0
      vertex 29.8 -4.5 0
      vertex 26.1846 -24.1863 0
    endloop
  endfacet
  facet normal 0 0 -1
    outer loop
      vertex 29.8 -4.5 0
      vertex 26.1846 -15.8137 0
      vertex 26.2 -15.5 0
    endloop
  endfacet
  facet normal 0 0 -1
    outer loop
      vertex 26.1385 -23.8757 0
      vertex 26.1846 -15.8137 0
      vertex 26.1846 -24.1863 0
    endloop
  endfacet
  facet normal 0 0 -1
    outer loop
      vertex 26.1385 -23.8757 0
      vertex 26.1385 -16.1243 0
      vertex 26.1846 -15.8137 0
    endloop
  endfacet
  facet normal 0 0 -1
    outer loop
      vertex 26.0622 -23.5711 0
      vertex 26.1385 -16.1243 0
      vertex 26.1385 -23.8757 0
    endloop
  endfacet
  facet normal 0 0 -1
    outer loop
      vertex 26.0622 -23.5711 0
      vertex 26.0622 -16.4289 0
      vertex 26.1385 -16.1243 0
    endloop
  endfacet
  facet normal 0 0 -1
    outer loop
      vertex 25.9564 -23.2754 0
      vertex 26.0622 -16.4289 0
      vertex 26.0622 -23.5711 0
    endloop
  endfacet
  facet normal 0 0 -1
    outer loop
      vertex 25.9564 -23.2754 0
      vertex 25.9564 -16.7246 0
      vertex 26.0622 -16.4289 0
    endloop
  endfacet
  facet normal 0 0 -1
    outer loop
      vertex 25.8221 -22.9915 0
      vertex 25.9564 -16.7246 0
      vertex 25.9564 -23.2754 0
    endloop
  endfacet
  facet normal 0 0 -1
    outer loop
      vertex 25.8221 -22.9915 0
      vertex 25.8221 -17.0085 0
      vertex 25.9564 -16.7246 0
    endloop
  endfacet
  facet normal 0 0 -1
    outer loop
      vertex 25.6607 -22.7222 0
      vertex 25.8221 -17.0085 0
      vertex 25.8221 -22.9915 0
    endloop
  endfacet
  facet normal 0 0 -1
    outer loop
      vertex 25.6607 -22.7222 0
      vertex 25.6607 -17.2778 0
      vertex 25.8221 -17.0085 0
    endloop
  endfacet
  facet normal 0 0 -1
    outer loop
      vertex 25.4736 -22.4699 0
      vertex 25.6607 -17.2778 0
      vertex 25.6607 -22.7222 0
    endloop
  endfacet
  facet normal 0 0 -1
    outer loop
      vertex 25.4736 -22.4699 0
      vertex 25.4736 -17.5301 0
      vertex 25.6607 -17.2778 0
    endloop
  endfacet
  facet normal 0 0 -1
    outer loop
      vertex 25.2627 -22.2373 0
      vertex 25.4736 -17.5301 0
      vertex 25.4736 -22.4699 0
    endloop
  endfacet
  facet normal 0 0 -1
    outer loop
      vertex 25.2627 -22.2373 0
      vertex 25.2627 -17.7627 0
      vertex 25.4736 -17.5301 0
    endloop
  endfacet
  facet normal 0 0 -1
    outer loop
      vertex 25.0301 -22.0264 0
      vertex 25.2627 -17.7627 0
      vertex 25.2627 -22.2373 0
    endloop
  endfacet
  facet normal 0 0 -1
    outer loop
      vertex 25.0301 -22.0264 0
      vertex 25.0301 -17.9736 0
      vertex 25.2627 -17.7627 0
    endloop
  endfacet
  facet normal 0 0 -1
    outer loop
      vertex 24.7778 -21.8393 0
      vertex 25.0301 -17.9736 0
      vertex 25.0301 -22.0264 0
    endloop
  endfacet
  facet normal 0 0 -1
    outer loop
      vertex 24.7778 -21.8393 0
      vertex 24.7778 -18.1607 0
      vertex 25.0301 -17.9736 0
    endloop
  endfacet
  facet normal 0 0 -1
    outer loop
      vertex 24.5085 -21.6779 0
      vertex 24.7778 -18.1607 0
      vertex 24.7778 -21.8393 0
    endloop
  endfacet
  facet normal 0 0 -1
    outer loop
      vertex 24.5085 -21.6779 0
      vertex 24.5085 -18.3221 0
      vertex 24.7778 -18.1607 0
    endloop
  endfacet
  facet normal 0 0 -1
    outer loop
      vertex 24.2246 -21.5436 0
      vertex 24.5085 -18.3221 0
      vertex 24.5085 -21.6779 0
    endloop
  endfacet
  facet normal 0 0 -1
    outer loop
      vertex 24.2246 -21.5436 0
      vertex 24.2246 -18.4564 0
      vertex 24.5085 -18.3221 0
    endloop
  endfacet
  facet normal 0 0 -1
    outer loop
      vertex 23.9289 -21.4378 0
      vertex 24.2246 -18.4564 0
      vertex 24.2246 -21.5436 0
    endloop
  endfacet
  facet normal 0 0 -1
    outer loop
      vertex 23.9289 -21.4378 0
      vertex 23.9289 -18.5622 0
      vertex 24.2246 -18.4564 0
    endloop
  endfacet
  facet normal 0 0 -1
    outer loop
      vertex 23.6243 -21.3615 0
      vertex 23.9289 -18.5622 0
      vertex 23.9289 -21.4378 0
    endloop
  endfacet
  facet normal 0 0 -1
    outer loop
      vertex 23.6243 -21.3615 0
      vertex 23.6243 -18.6385 0
      vertex 23.9289 -18.5622 0
    endloop
  endfacet
  facet normal 0 0 -1
    outer loop
      vertex 23.3137 -21.3154 0
      vertex 23.6243 -18.6385 0
      vertex 23.6243 -21.3615 0
    endloop
  endfacet
  facet normal 0 0 -1
    outer loop
      vertex 23.3137 -21.3154 0
      vertex 23.3137 -18.6846 0
      vertex 23.6243 -18.6385 0
    endloop
  endfacet
  facet normal 0 0 -1
    outer loop
      vertex 23 -21.3 0
      vertex 23.3137 -18.6846 0
      vertex 23.3137 -21.3154 0
    endloop
  endfacet
  facet normal 0 0 -1
    outer loop
      vertex 23 -21.3 0
      vertex 23 -18.7 0
      vertex 23.3137 -18.6846 0
    endloop
  endfacet
  facet normal 0 0 -1
    outer loop
      vertex 22.6863 -21.3154 0
      vertex 23 -18.7 0
      vertex 23 -21.3 0
    endloop
  endfacet
  facet normal 0 0 -1
    outer loop
      vertex 22.6863 -21.3154 0
      vertex 22.6863 -18.6846 0
      vertex 23 -18.7 0
    endloop
  endfacet
  facet normal 0 0 -1
    outer loop
      vertex 22.3757 -21.3615 0
      vertex 22.6863 -18.6846 0
      vertex 22.6863 -21.3154 0
    endloop
  endfacet
  facet normal 0 0 -1
    outer loop
      vertex 22.3757 -21.3615 0
      vertex 22.3757 -18.6385 0
      vertex 22.6863 -18.6846 0
    endloop
  endfacet
  facet normal 0 0 -1
    outer loop
      vertex 22.0711 -21.4378 0
      vertex 22.3757 -18.6385 0
      vertex 22.3757 -21.3615 0
    endloop
  endfacet
  facet normal 0 0 -1
    outer loop
      vertex 22.0711 -21.4378 0
      vertex 22.0711 -18.5622 0
      vertex 22.3757 -18.6385 0
    endloop
  endfacet
  facet normal 0 0 -1
    outer loop
      vertex 21.7754 -21.5436 0
      vertex 22.0711 -18.5622 0
      vertex 22.0711 -21.4378 0
    endloop
  endfacet
  facet normal 0 0 -1
    outer loop
      vertex 21.7754 -21.5436 0
      vertex 21.7754 -18.4564 0
      vertex 22.0711 -18.5622 0
    endloop
  endfacet
  facet normal 0 0 -1
    outer loop
      vertex 21.4915 -21.6779 0
      vertex 21.7754 -18.4564 0
      vertex 21.7754 -21.5436 0
    endloop
  endfacet
  facet normal 0 0 -1
    outer loop
      vertex 21.4915 -21.6779 0
      vertex 21.4915 -18.3221 0
      vertex 21.7754 -18.4564 0
    endloop
  endfacet
  facet normal 0 0 -1
    outer loop
      vertex 21.2222 -21.8393 0
      vertex 21.4915 -18.3221 0
      vertex 21.4915 -21.6779 0
    endloop
  endfacet
  facet normal 0 0 -1
    outer loop
      vertex 21.2222 -21.8393 0
      vertex 21.2222 -18.1607 0
      vertex 21.4915 -18.3221 0
    endloop
  endfacet
  facet normal 0 0 -1
    outer loop
      vertex 20.9699 -22.0264 0
      vertex 21.2222 -18.1607 0
      vertex 21.2222 -21.8393 0
    endloop
  endfacet
  facet normal 0 0 -1
    outer loop
      vertex 20.9699 -22.0264 0
      vertex 20.9699 -17.9736 0
      vertex 21.2222 -18.1607 0
    endloop
  endfacet
  facet normal 0 0 -1
    outer loop
      vertex 20.7373 -22.2373 0
      vertex 20.9699 -17.9736 0
      vertex 20.9699 -22.0264 0
    endloop
  endfacet
  facet normal 0 0 -1
    outer loop
      vertex 20.7373 -22.2373 0
      vertex 20.7373 -17.7627 0
      vertex 20.9699 -17.9736 0
    endloop
  endfacet
  facet normal 0 0 -1
    outer loop
      vertex 20.5264 -22.4699 0
      vertex 20.7373 -17.7627 0
      vertex 20.7373 -22.2373 0
    endloop
  endfacet
  facet normal 0 0 -1
    outer loop
      vertex 20.5264 -22.4699 0
      vertex 20.5264 -17.5301 0
      vertex 20.7373 -17.7627 0
    endloop
  endfacet
  facet normal 0 0 -1
    outer loop
      vertex 20.3393 -22.7222 0
      vertex 20.5264 -17.5301 0
      vertex 20.5264 -22.4699 0
    endloop
  endfacet
  facet normal 0 0 -1
    outer loop
      vertex 20.3393 -22.7222 0
      vertex 20.3393 -17.2778 0
      vertex 20.5264 -17.5301 0
    endloop
  endfacet
  facet normal 0 0 -1
    outer loop
      vertex 20.1779 -22.9915 0
      vertex 20.3393 -17.2778 0
      vertex 20.3393 -22.7222 0
    endloop
  endfacet
  facet normal 0 0 -1
    outer loop
      vertex 20.1779 -22.9915 0
      vertex 20.1779 -17.0085 0
      vertex 20.3393 -17.2778 0
    endloop
  endfacet
  facet normal 0 0 -1
    outer loop
      vertex 20.0436 -23.2754 0
      vertex 20.1779 -17.0085 0
      vertex 20.1779 -22.9915 0
    endloop
  endfacet
  facet normal 0 0 -1
    outer loop
      vertex 20.0436 -23.2754 0
      vertex 20.0436 -16.7246 0
      vertex 20.1779 -17.0085 0
    endloop
  endfacet
  facet normal 0 0 -1
    outer loop
      vertex 19.9378 -23.5711 0
      vertex 20.0436 -16.7246 0
      vertex 20.0436 -23.2754 0
    endloop
  endfacet
  facet normal 0 0 -1
    outer loop
      vertex 19.9378 -23.5711 0
      vertex 19.9378 -16.4289 0
      vertex 20.0436 -16.7246 0
    endloop
  endfacet
  facet normal 0 0 -1
    outer loop
      vertex 19.8615 -23.8757 0
      vertex 19.9378 -16.4289 0
      vertex 19.9378 -23.5711 0
    endloop
  endfacet
  facet normal 0 0 -1
    outer loop
      vertex 19.8615 -23.8757 0
      vertex 19.8615 -16.1243 0
      vertex 19.9378 -16.4289 0
    endloop
  endfacet
  facet normal 0 0 -1
    outer loop
      vertex 19.8154 -24.1863 0
      vertex 19.8615 -16.1243 0
      vertex 19.8615 -23.8757 0
    endloop
  endfacet
  facet normal 0 0 -1
    outer loop
      vertex 19.8154 -24.1863 0
      vertex 19.8154 -15.8137 0
      vertex 19.8615 -16.1243 0
    endloop
  endfacet
  facet normal 0 0 -1
    outer loop
      vertex 17.5 -34 0
      vertex 19.8154 -24.1863 0
      vertex 19.8 -24.5 0
    endloop
  endfacet
  facet normal -0 0 -1
    outer loop
      vertex 19.8154 -24.1863 0
      vertex 17.5 -34 0
      vertex 19.8154 -15.8137 0
    endloop
  endfacet
  facet normal 0 0 -1
    outer loop
      vertex 24.6652 -36.9555 0
      vertex 29.8 -35.5 0
      vertex 29.7841 -35.8235 0
    endloop
  endfacet
  facet normal 0 0 -1
    outer loop
      vertex 26.1846 -24.1863 0
      vertex 29.8 -35.5 0
      vertex 26.2 -24.5 0
    endloop
  endfacet
  facet normal 0 0 -1
    outer loop
      vertex 24.6652 -36.9555 0
      vertex 29.7841 -35.8235 0
      vertex 29.7366 -36.1438 0
    endloop
  endfacet
  facet normal 0 0 -1
    outer loop
      vertex 29.8 -35.5 0
      vertex 26.1846 -24.1863 0
      vertex 29.8 -4.5 0
    endloop
  endfacet
  facet normal 0 0 -1
    outer loop
      vertex 24.7055 -37.0229 0
      vertex 29.7366 -36.1438 0
      vertex 29.6579 -36.4579 0
    endloop
  endfacet
  facet normal 0 0 -1
    outer loop
      vertex 26.1846 -15.1863 0
      vertex 29.8 -4.5 0
      vertex 26.2 -15.5 0
    endloop
  endfacet
  facet normal 0 0 -1
    outer loop
      vertex 24.7055 -37.0229 0
      vertex 29.6579 -36.4579 0
      vertex 29.5488 -36.7628 0
    endloop
  endfacet
  facet normal 0 0 -1
    outer loop
      vertex 26.1385 -14.8757 0
      vertex 29.8 -4.5 0
      vertex 26.1846 -15.1863 0
    endloop
  endfacet
  facet normal 0 0 -1
    outer loop
      vertex 24.7055 -37.0229 0
      vertex 29.5488 -36.7628 0
      vertex 29.4103 -37.0556 0
    endloop
  endfacet
  facet normal 0 0 -1
    outer loop
      vertex 26.0622 -14.5711 0
      vertex 29.8 -4.5 0
      vertex 26.1385 -14.8757 0
    endloop
  endfacet
  facet normal 0 0 -1
    outer loop
      vertex 24.7055 -37.0229 0
      vertex 29.4103 -37.0556 0
      vertex 29.2438 -37.3334 0
    endloop
  endfacet
  facet normal 0 0 -1
    outer loop
      vertex 25.9564 -14.2754 0
      vertex 29.8 -4.5 0
      vertex 26.0622 -14.5711 0
    endloop
  endfacet
  facet normal 0 0 -1
    outer loop
      vertex 24.7055 -37.0229 0
      vertex 29.2438 -37.3334 0
      vertex 29.0509 -37.5935 0
    endloop
  endfacet
  facet normal 0 0 -1
    outer loop
      vertex 25.8221 -13.9915 0
      vertex 29.8 -4.5 0
      vertex 25.9564 -14.2754 0
    endloop
  endfacet
  facet normal 0 0 -1
    outer loop
      vertex 24.7391 -37.0939 0
      vertex 29.0509 -37.5935 0
      vertex 28.8335 -37.8335 0
    endloop
  endfacet
  facet normal 0 0 -1
    outer loop
      vertex 25.6607 -13.7222 0
      vertex 29.8 -4.5 0
      vertex 25.8221 -13.9915 0
    endloop
  endfacet
  facet normal 0 0 -1
    outer loop
      vertex 24.7391 -37.0939 0
      vertex 28.8335 -37.8335 0
      vertex 28.5935 -38.0509 0
    endloop
  endfacet
  facet normal 0 0 -1
    outer loop
      vertex 25.4736 -13.4699 0
      vertex 29.8 -4.5 0
      vertex 25.6607 -13.7222 0
    endloop
  endfacet
  facet normal 0 0 -1
    outer loop
      vertex 24.7391 -37.0939 0
      vertex 28.5935 -38.0509 0
      vertex 28.3334 -38.2438 0
    endloop
  endfacet
  facet normal 0 0 -1
    outer loop
      vertex 25.2627 -13.2373 0
      vertex 29.8 -4.5 0
      vertex 25.4736 -13.4699 0
    endloop
  endfacet
  facet normal 0 0 -1
    outer loop
      vertex 24.7391 -37.0939 0
      vertex 28.3334 -38.2438 0
      vertex 28.0556 -38.4103 0
    endloop
  endfacet
  facet normal 0 0 -1
    outer loop
      vertex 25.0301 -13.0264 0
      vertex 29.8 -4.5 0
      vertex 25.2627 -13.2373 0
    endloop
  endfacet
  facet normal 0 0 -1
    outer loop
      vertex 24.7656 -37.1678 0
      vertex 28.0556 -38.4103 0
      vertex 27.7628 -38.5488 0
    endloop
  endfacet
  facet normal 0 0 -1
    outer loop
      vertex 24.7778 -12.8393 0
      vertex 29.8 -4.5 0
      vertex 25.0301 -13.0264 0
    endloop
  endfacet
  facet normal 0 0 -1
    outer loop
      vertex 24.7656 -37.1678 0
      vertex 27.7628 -38.5488 0
      vertex 27.4579 -38.6579 0
    endloop
  endfacet
  facet normal 0 0 -1
    outer loop
      vertex 24.5085 -12.6779 0
      vertex 29.8 -4.5 0
      vertex 24.7778 -12.8393 0
    endloop
  endfacet
  facet normal 0 0 -1
    outer loop
      vertex 24.7656 -37.1678 0
      vertex 27.4579 -38.6579 0
      vertex 27.1438 -38.7366 0
    endloop
  endfacet
  facet normal 0 0 -1
    outer loop
      vertex 24.2246 -12.5436 0
      vertex 29.8 -4.5 0
      vertex 24.5085 -12.6779 0
    endloop
  endfacet
  facet normal 0 0 -1
    outer loop
      vertex 24.7846 -37.2439 0
      vertex 27.1438 -38.7366 0
      vertex 26.8235 -38.7841 0
    endloop
  endfacet
  facet normal 0 0 -1
    outer loop
      vertex 23.9289 -12.4378 0
      vertex 29.8 -4.5 0
      vertex 24.2246 -12.5436 0
    endloop
  endfacet
  facet normal 0 0 -1
    outer loop
      vertex 24.7846 -37.2439 0
      vertex 26.8235 -38.7841 0
      vertex 26.5 -38.8 0
    endloop
  endfacet
  facet normal 0 0 -1
    outer loop
      vertex 23.6243 -12.3615 0
      vertex 29.8 -4.5 0
      vertex 23.9289 -12.4378 0
    endloop
  endfacet
  facet normal 0 -0 -1
    outer loop
      vertex 26.5 -1.20001 0
      vertex 29.8 -4.5 0
      vertex 23.6243 -12.3615 0
    endloop
  endfacet
  facet normal 0 0 -1
    outer loop
      vertex 29.8 -35.5 0
      vertex 26.1846 -24.8137 0
      vertex 26.2 -24.5 0
    endloop
  endfacet
  facet normal 0 0 -1
    outer loop
      vertex 29.8 -35.5 0
      vertex 26.1385 -25.1243 0
      vertex 26.1846 -24.8137 0
    endloop
  endfacet
  facet normal 0 0 -1
    outer loop
      vertex 29.8 -35.5 0
      vertex 26.0622 -25.4289 0
      vertex 26.1385 -25.1243 0
    endloop
  endfacet
  facet normal 0 0 -1
    outer loop
      vertex 29.8 -35.5 0
      vertex 25.9564 -25.7246 0
      vertex 26.0622 -25.4289 0
    endloop
  endfacet
  facet normal 0 0 -1
    outer loop
      vertex 29.8 -35.5 0
      vertex 25.8221 -26.0085 0
      vertex 25.9564 -25.7246 0
    endloop
  endfacet
  facet normal 0 0 -1
    outer loop
      vertex 29.8 -35.5 0
      vertex 25.6607 -26.2778 0
      vertex 25.8221 -26.0085 0
    endloop
  endfacet
  facet normal 0 0 -1
    outer loop
      vertex 29.8 -35.5 0
      vertex 25.4736 -26.5301 0
      vertex 25.6607 -26.2778 0
    endloop
  endfacet
  facet normal 0 0 -1
    outer loop
      vertex 29.8 -35.5 0
      vertex 25.2627 -26.7627 0
      vertex 25.4736 -26.5301 0
    endloop
  endfacet
  facet normal 0 0 -1
    outer loop
      vertex 29.8 -35.5 0
      vertex 24.6652 -36.9555 0
      vertex 24.6184 -36.8925 0
    endloop
  endfacet
  facet normal 0 0 -1
    outer loop
      vertex 24.7961 -37.3216 0
      vertex 26.5 -38.8 0
      vertex 24.8 -37.4 0
    endloop
  endfacet
  facet normal 0 0 -1
    outer loop
      vertex 26.5 -38.8 0
      vertex 24.7961 -37.4784 0
      vertex 24.8 -37.4 0
    endloop
  endfacet
  facet normal 0 0 -1
    outer loop
      vertex 26.5 -38.8 0
      vertex 24.7846 -37.5561 0
      vertex 24.7961 -37.4784 0
    endloop
  endfacet
  facet normal 0 0 -1
    outer loop
      vertex 26.5 -38.8 0
      vertex 24.7656 -37.6322 0
      vertex 24.7846 -37.5561 0
    endloop
  endfacet
  facet normal 0 0 -1
    outer loop
      vertex 26.5 -38.8 0
      vertex 24.7391 -37.7061 0
      vertex 24.7656 -37.6322 0
    endloop
  endfacet
  facet normal 0 0 -1
    outer loop
      vertex 26.5 -38.8 0
      vertex 24.7055 -37.7771 0
      vertex 24.7391 -37.7061 0
    endloop
  endfacet
  facet normal 0 0 -1
    outer loop
      vertex 26.5 -38.8 0
      vertex 24.6652 -37.8445 0
      vertex 24.7055 -37.7771 0
    endloop
  endfacet
  facet normal 0 0 -1
    outer loop
      vertex 26.5 -38.8 0
      vertex 24.6184 -37.9075 0
      vertex 24.6652 -37.8445 0
    endloop
  endfacet
  facet normal 0 0 -1
    outer loop
      vertex 26.5 -38.8 0
      vertex 24.5657 -37.9657 0
      vertex 24.6184 -37.9075 0
    endloop
  endfacet
  facet normal 0 0 -1
    outer loop
      vertex 26.5 -38.8 0
      vertex 24.5075 -38.0184 0
      vertex 24.5657 -37.9657 0
    endloop
  endfacet
  facet normal 0 0 -1
    outer loop
      vertex 26.5 -38.8 0
      vertex 24.4445 -38.0652 0
      vertex 24.5075 -38.0184 0
    endloop
  endfacet
  facet normal 0 0 -1
    outer loop
      vertex 26.5 -38.8 0
      vertex 24.3771 -38.1055 0
      vertex 24.4445 -38.0652 0
    endloop
  endfacet
  facet normal 0 0 -1
    outer loop
      vertex 26.5 -38.8 0
      vertex 24.3061 -38.1391 0
      vertex 24.3771 -38.1055 0
    endloop
  endfacet
  facet normal 0 0 -1
    outer loop
      vertex 26.5 -38.8 0
      vertex 24.2322 -38.1656 0
      vertex 24.3061 -38.1391 0
    endloop
  endfacet
  facet normal 0 0 -1
    outer loop
      vertex 26.5 -38.8 0
      vertex 24.1561 -38.1846 0
      vertex 24.2322 -38.1656 0
    endloop
  endfacet
  facet normal 0 0 -1
    outer loop
      vertex 26.5 -38.8 0
      vertex 24.0784 -38.1961 0
      vertex 24.1561 -38.1846 0
    endloop
  endfacet
  facet normal 0 0 -1
    outer loop
      vertex 26.5 -38.8 0
      vertex 24 -38.2 0
      vertex 24.0784 -38.1961 0
    endloop
  endfacet
  facet normal 0 0 -1
    outer loop
      vertex 26.5 -38.8 0
      vertex 23.9216 -38.1961 0
      vertex 24 -38.2 0
    endloop
  endfacet
  facet normal 0 0 -1
    outer loop
      vertex 21.0784 -38.1961 0
      vertex 23.9216 -38.1961 0
      vertex 26.5 -38.8 0
    endloop
  endfacet
  facet normal 0 0 -1
    outer loop
      vertex 23.7678 -36.6344 0
      vertex 22.6863 -27.6846 0
      vertex 23 -27.7 0
    endloop
  endfacet
  facet normal 0 0 -1
    outer loop
      vertex 21.8 -37.4 0
      vertex 23.2 -37.4 0
      vertex 23.2039 -37.4784 0
    endloop
  endfacet
  facet normal 0 0 -1
    outer loop
      vertex 21.3771 -36.6945 0
      vertex 23.2039 -37.3216 0
      vertex 21.4445 -36.7348 0
    endloop
  endfacet
  facet normal 0 0 -1
    outer loop
      vertex 23.2039 -37.3216 0
      vertex 21.3771 -36.6945 0
      vertex 22.6863 -27.6846 0
    endloop
  endfacet
  facet normal 0 0 -1
    outer loop
      vertex 23.2 -37.4 0
      vertex 21.8 -37.4 0
      vertex 21.7961 -37.3216 0
    endloop
  endfacet
  facet normal 0 0 -1
    outer loop
      vertex 21.7961 -37.4784 0
      vertex 23.2039 -37.4784 0
      vertex 23.2154 -37.5561 0
    endloop
  endfacet
  facet normal 0 0 -1
    outer loop
      vertex 21.7846 -37.5561 0
      vertex 23.2154 -37.5561 0
      vertex 23.2344 -37.6322 0
    endloop
  endfacet
  facet normal 0 0 -1
    outer loop
      vertex 21.7656 -37.6322 0
      vertex 23.2344 -37.6322 0
      vertex 23.2609 -37.7061 0
    endloop
  endfacet
  facet normal 0 0 -1
    outer loop
      vertex 21.7391 -37.7061 0
      vertex 23.2609 -37.7061 0
      vertex 23.2945 -37.7771 0
    endloop
  endfacet
  facet normal 0 0 -1
    outer loop
      vertex 21.7055 -37.7771 0
      vertex 23.2945 -37.7771 0
      vertex 23.3348 -37.8445 0
    endloop
  endfacet
  facet normal 0 0 -1
    outer loop
      vertex 21.6652 -37.8445 0
      vertex 23.3348 -37.8445 0
      vertex 23.3816 -37.9075 0
    endloop
  endfacet
  facet normal 0 0 -1
    outer loop
      vertex 21.6184 -37.9075 0
      vertex 23.3816 -37.9075 0
      vertex 23.4343 -37.9657 0
    endloop
  endfacet
  facet normal 0 0 -1
    outer loop
      vertex 21.5657 -37.9657 0
      vertex 23.4343 -37.9657 0
      vertex 23.4925 -38.0184 0
    endloop
  endfacet
  facet normal 0 0 -1
    outer loop
      vertex 21.5075 -38.0184 0
      vertex 23.4925 -38.0184 0
      vertex 23.5555 -38.0652 0
    endloop
  endfacet
  facet normal 0 0 -1
    outer loop
      vertex 21.4445 -38.0652 0
      vertex 23.5555 -38.0652 0
      vertex 23.6229 -38.1055 0
    endloop
  endfacet
  facet normal 0 0 -1
    outer loop
      vertex 21.3771 -38.1055 0
      vertex 23.6229 -38.1055 0
      vertex 23.6939 -38.1391 0
    endloop
  endfacet
  facet normal 0 0 -1
    outer loop
      vertex 23.2039 -37.4784 0
      vertex 21.7961 -37.4784 0
      vertex 21.8 -37.4 0
    endloop
  endfacet
  facet normal 0 0 -1
    outer loop
      vertex 21.3061 -38.1391 0
      vertex 23.6939 -38.1391 0
      vertex 23.7678 -38.1656 0
    endloop
  endfacet
  facet normal 0 0 -1
    outer loop
      vertex 23.2154 -37.5561 0
      vertex 21.7846 -37.5561 0
      vertex 21.7961 -37.4784 0
    endloop
  endfacet
  facet normal 0 0 -1
    outer loop
      vertex 23.2344 -37.6322 0
      vertex 21.7656 -37.6322 0
      vertex 21.7846 -37.5561 0
    endloop
  endfacet
  facet normal 0 0 -1
    outer loop
      vertex 23.2609 -37.7061 0
      vertex 21.7391 -37.7061 0
      vertex 21.7656 -37.6322 0
    endloop
  endfacet
  facet normal 0 0 -1
    outer loop
      vertex 21.2322 -38.1656 0
      vertex 23.7678 -38.1656 0
      vertex 23.8439 -38.1846 0
    endloop
  endfacet
  facet normal 0 0 -1
    outer loop
      vertex 23.9216 -38.1961 0
      vertex 21.0784 -38.1961 0
      vertex 23.8439 -38.1846 0
    endloop
  endfacet
  facet normal 0 0 -1
    outer loop
      vertex 23.2945 -37.7771 0
      vertex 21.7055 -37.7771 0
      vertex 21.7391 -37.7061 0
    endloop
  endfacet
  facet normal 0 0 -1
    outer loop
      vertex 23.3348 -37.8445 0
      vertex 21.6652 -37.8445 0
      vertex 21.7055 -37.7771 0
    endloop
  endfacet
  facet normal 0 0 -1
    outer loop
      vertex 23.3816 -37.9075 0
      vertex 21.6184 -37.9075 0
      vertex 21.6652 -37.8445 0
    endloop
  endfacet
  facet normal 0 0 -1
    outer loop
      vertex 23.4343 -37.9657 0
      vertex 21.5657 -37.9657 0
      vertex 21.6184 -37.9075 0
    endloop
  endfacet
  facet normal 0 0 -1
    outer loop
      vertex 23.4925 -38.0184 0
      vertex 21.5075 -38.0184 0
      vertex 21.5657 -37.9657 0
    endloop
  endfacet
  facet normal 0 0 -1
    outer loop
      vertex 23.5555 -38.0652 0
      vertex 21.4445 -38.0652 0
      vertex 21.5075 -38.0184 0
    endloop
  endfacet
  facet normal 0 0 -1
    outer loop
      vertex 23.6229 -38.1055 0
      vertex 21.3771 -38.1055 0
      vertex 21.4445 -38.0652 0
    endloop
  endfacet
  facet normal 0 0 -1
    outer loop
      vertex 23.6939 -38.1391 0
      vertex 21.3061 -38.1391 0
      vertex 21.3771 -38.1055 0
    endloop
  endfacet
  facet normal 0 0 -1
    outer loop
      vertex 23.7678 -38.1656 0
      vertex 21.2322 -38.1656 0
      vertex 21.3061 -38.1391 0
    endloop
  endfacet
  facet normal 0 0 -1
    outer loop
      vertex 23.8439 -38.1846 0
      vertex 21.1561 -38.1846 0
      vertex 21.2322 -38.1656 0
    endloop
  endfacet
  facet normal -0 0 -1
    outer loop
      vertex 23.8439 -38.1846 0
      vertex 21.0784 -38.1961 0
      vertex 21.1561 -38.1846 0
    endloop
  endfacet
  facet normal 0 0 -1
    outer loop
      vertex 26.5 -38.8 0
      vertex 21 -38.2 0
      vertex 21.0784 -38.1961 0
    endloop
  endfacet
  facet normal 0 0 -1
    outer loop
      vertex 18 -38.2 0
      vertex 21 -38.2 0
      vertex 26.5 -38.8 0
    endloop
  endfacet
  facet normal 0 0 -1
    outer loop
      vertex 20.2609 -37.0939 0
      vertex 20.0436 -25.7246 0
      vertex 20.1779 -26.0085 0
    endloop
  endfacet
  facet normal 0 0 -1
    outer loop
      vertex 20.2039 -37.3216 0
      vertex 17.5 -34 0
      vertex 20.0436 -25.7246 0
    endloop
  endfacet
  facet normal -0 0 -1
    outer loop
      vertex 20.0436 -25.7246 0
      vertex 17.5 -34 0
      vertex 19.9378 -25.4289 0
    endloop
  endfacet
  facet normal -0 0 -1
    outer loop
      vertex 19.9378 -25.4289 0
      vertex 17.5 -34 0
      vertex 19.8615 -25.1243 0
    endloop
  endfacet
  facet normal -0 0 -1
    outer loop
      vertex 19.8615 -25.1243 0
      vertex 17.5 -34 0
      vertex 19.8154 -24.8137 0
    endloop
  endfacet
  facet normal 0 0 -1
    outer loop
      vertex 20.2039 -37.3216 0
      vertex 18.7961 -37.3216 0
      vertex 18.7846 -37.2439 0
    endloop
  endfacet
  facet normal 0 0 -1
    outer loop
      vertex 18.7961 -37.3216 0
      vertex 20.2 -37.4 0
      vertex 18.8 -37.4 0
    endloop
  endfacet
  facet normal 0 0 -1
    outer loop
      vertex 20.2039 -37.4784 0
      vertex 18.8 -37.4 0
      vertex 20.2 -37.4 0
    endloop
  endfacet
  facet normal 0 0 -1
    outer loop
      vertex 18.7961 -37.4784 0
      vertex 20.2039 -37.4784 0
      vertex 20.2154 -37.5561 0
    endloop
  endfacet
  facet normal 0 0 -1
    outer loop
      vertex 18.7846 -37.5561 0
      vertex 20.2154 -37.5561 0
      vertex 20.2344 -37.6322 0
    endloop
  endfacet
  facet normal 0 0 -1
    outer loop
      vertex 18.7656 -37.6322 0
      vertex 20.2344 -37.6322 0
      vertex 20.2609 -37.7061 0
    endloop
  endfacet
  facet normal 0 0 -1
    outer loop
      vertex 18.7391 -37.7061 0
      vertex 20.2609 -37.7061 0
      vertex 20.2945 -37.7771 0
    endloop
  endfacet
  facet normal 0 0 -1
    outer loop
      vertex 18.7055 -37.7771 0
      vertex 20.2945 -37.7771 0
      vertex 20.3348 -37.8445 0
    endloop
  endfacet
  facet normal 0 0 -1
    outer loop
      vertex 18.6652 -37.8445 0
      vertex 20.3348 -37.8445 0
      vertex 20.3816 -37.9075 0
    endloop
  endfacet
  facet normal 0 0 -1
    outer loop
      vertex 18.6184 -37.9075 0
      vertex 20.3816 -37.9075 0
      vertex 20.4343 -37.9657 0
    endloop
  endfacet
  facet normal 0 0 -1
    outer loop
      vertex 18.5657 -37.9657 0
      vertex 20.4343 -37.9657 0
      vertex 20.4925 -38.0184 0
    endloop
  endfacet
  facet normal 0 0 -1
    outer loop
      vertex 18.5075 -38.0184 0
      vertex 20.4925 -38.0184 0
      vertex 20.5555 -38.0652 0
    endloop
  endfacet
  facet normal 0 0 -1
    outer loop
      vertex 18.4445 -38.0652 0
      vertex 20.5555 -38.0652 0
      vertex 20.6229 -38.1055 0
    endloop
  endfacet
  facet normal 0 0 -1
    outer loop
      vertex 18.3771 -38.1055 0
      vertex 20.6229 -38.1055 0
      vertex 20.6939 -38.1391 0
    endloop
  endfacet
  facet normal 0 0 -1
    outer loop
      vertex 20.2039 -37.4784 0
      vertex 18.7961 -37.4784 0
      vertex 18.8 -37.4 0
    endloop
  endfacet
  facet normal 0 0 -1
    outer loop
      vertex 18.3061 -38.1391 0
      vertex 20.6939 -38.1391 0
      vertex 20.7678 -38.1656 0
    endloop
  endfacet
  facet normal 0 0 -1
    outer loop
      vertex 20.2154 -37.5561 0
      vertex 18.7846 -37.5561 0
      vertex 18.7961 -37.4784 0
    endloop
  endfacet
  facet normal 0 0 -1
    outer loop
      vertex 20.2344 -37.6322 0
      vertex 18.7656 -37.6322 0
      vertex 18.7846 -37.5561 0
    endloop
  endfacet
  facet normal 0 0 -1
    outer loop
      vertex 20.2609 -37.7061 0
      vertex 18.7391 -37.7061 0
      vertex 18.7656 -37.6322 0
    endloop
  endfacet
  facet normal 0 0 -1
    outer loop
      vertex 18.2322 -38.1656 0
      vertex 20.7678 -38.1656 0
      vertex 20.8439 -38.1846 0
    endloop
  endfacet
  facet normal 0 0 -1
    outer loop
      vertex 20.2945 -37.7771 0
      vertex 18.7055 -37.7771 0
      vertex 18.7391 -37.7061 0
    endloop
  endfacet
  facet normal 0 0 -1
    outer loop
      vertex 20.3348 -37.8445 0
      vertex 18.6652 -37.8445 0
      vertex 18.7055 -37.7771 0
    endloop
  endfacet
  facet normal 0 0 -1
    outer loop
      vertex 20.3816 -37.9075 0
      vertex 18.6184 -37.9075 0
      vertex 18.6652 -37.8445 0
    endloop
  endfacet
  facet normal 0 0 -1
    outer loop
      vertex 18.1561 -38.1846 0
      vertex 20.8439 -38.1846 0
      vertex 20.9216 -38.1961 0
    endloop
  endfacet
  facet normal 0 0 -1
    outer loop
      vertex 20.4343 -37.9657 0
      vertex 18.5657 -37.9657 0
      vertex 18.6184 -37.9075 0
    endloop
  endfacet
  facet normal 0 0 -1
    outer loop
      vertex 21 -38.2 0
      vertex 18 -38.2 0
      vertex 20.9216 -38.1961 0
    endloop
  endfacet
  facet normal 0 0 -1
    outer loop
      vertex 20.4925 -38.0184 0
      vertex 18.5075 -38.0184 0
      vertex 18.5657 -37.9657 0
    endloop
  endfacet
  facet normal 0 0 -1
    outer loop
      vertex 20.5555 -38.0652 0
      vertex 18.4445 -38.0652 0
      vertex 18.5075 -38.0184 0
    endloop
  endfacet
  facet normal 0 0 -1
    outer loop
      vertex 20.6229 -38.1055 0
      vertex 18.3771 -38.1055 0
      vertex 18.4445 -38.0652 0
    endloop
  endfacet
  facet normal 0 0 -1
    outer loop
      vertex 20.6939 -38.1391 0
      vertex 18.3061 -38.1391 0
      vertex 18.3771 -38.1055 0
    endloop
  endfacet
  facet normal 0 0 -1
    outer loop
      vertex 20.7678 -38.1656 0
      vertex 18.2322 -38.1656 0
      vertex 18.3061 -38.1391 0
    endloop
  endfacet
  facet normal 0 0 -1
    outer loop
      vertex 20.8439 -38.1846 0
      vertex 18.1561 -38.1846 0
      vertex 18.2322 -38.1656 0
    endloop
  endfacet
  facet normal 0 0 -1
    outer loop
      vertex 20.9216 -38.1961 0
      vertex 18.0784 -38.1961 0
      vertex 18.1561 -38.1846 0
    endloop
  endfacet
  facet normal -0 0 -1
    outer loop
      vertex 20.9216 -38.1961 0
      vertex 18 -38.2 0
      vertex 18.0784 -38.1961 0
    endloop
  endfacet
  facet normal 0 0 -1
    outer loop
      vertex 26.5 -38.8 0
      vertex 17.9216 -38.1961 0
      vertex 18 -38.2 0
    endloop
  endfacet
  facet normal 0 0 -1
    outer loop
      vertex 17.5555 -36.7348 0
      vertex 16.9944 -35.6667 0
      vertex 17.1458 -35.4142 0
    endloop
  endfacet
  facet normal 0 0 -1
    outer loop
      vertex 15.9142 -36.6458 0
      vertex 17.2 -37.4 0
      vertex 17.2039 -37.4784 0
    endloop
  endfacet
  facet normal 0 0 -1
    outer loop
      vertex 17.5555 -36.7348 0
      vertex 16.819 -35.9032 0
      vertex 16.9944 -35.6667 0
    endloop
  endfacet
  facet normal 0 0 -1
    outer loop
      vertex 15.648 -36.7716 0
      vertex 17.2039 -37.4784 0
      vertex 17.2154 -37.5561 0
    endloop
  endfacet
  facet normal 0 0 -1
    outer loop
      vertex 17.4925 -36.7816 0
      vertex 16.6213 -36.1213 0
      vertex 16.819 -35.9032 0
    endloop
  endfacet
  facet normal 0 0 -1
    outer loop
      vertex 15.648 -36.7716 0
      vertex 17.2154 -37.5561 0
      vertex 17.2344 -37.6322 0
    endloop
  endfacet
  facet normal 0 0 -1
    outer loop
      vertex 15.3708 -36.8708 0
      vertex 17.2344 -37.6322 0
      vertex 17.2609 -37.7061 0
    endloop
  endfacet
  facet normal 0 0 -1
    outer loop
      vertex 17.3348 -36.9555 0
      vertex 16.4032 -36.319 0
      vertex 16.6213 -36.1213 0
    endloop
  endfacet
  facet normal 0 0 -1
    outer loop
      vertex 15.3708 -36.8708 0
      vertex 17.2609 -37.7061 0
      vertex 17.2945 -37.7771 0
    endloop
  endfacet
  facet normal 0 0 -1
    outer loop
      vertex 15.0853 -36.9424 0
      vertex 17.2945 -37.7771 0
      vertex 17.3348 -37.8445 0
    endloop
  endfacet
  facet normal 0 0 -1
    outer loop
      vertex 17.2609 -37.0939 0
      vertex 16.1667 -36.4944 0
      vertex 16.4032 -36.319 0
    endloop
  endfacet
  facet normal 0 0 -1
    outer loop
      vertex 15.0853 -36.9424 0
      vertex 17.3348 -37.8445 0
      vertex 17.3816 -37.9075 0
    endloop
  endfacet
  facet normal 0 0 -1
    outer loop
      vertex 17.2039 -37.3216 0
      vertex 15.9142 -36.6458 0
      vertex 16.1667 -36.4944 0
    endloop
  endfacet
  facet normal 0 0 -1
    outer loop
      vertex 14.794 -36.9855 0
      vertex 17.3816 -37.9075 0
      vertex 17.4343 -37.9657 0
    endloop
  endfacet
  facet normal 0 0 -1
    outer loop
      vertex 14.794 -36.9855 0
      vertex 17.4343 -37.9657 0
      vertex 17.4925 -38.0184 0
    endloop
  endfacet
  facet normal 0 0 -1
    outer loop
      vertex 17.2039 -37.4784 0
      vertex 15.648 -36.7716 0
      vertex 15.9142 -36.6458 0
    endloop
  endfacet
  facet normal 0 0 -1
    outer loop
      vertex 14.5 -37 0
      vertex 17.4925 -38.0184 0
      vertex 17.5555 -38.0652 0
    endloop
  endfacet
  facet normal 0 0 -1
    outer loop
      vertex 17.2344 -37.6322 0
      vertex 15.3708 -36.8708 0
      vertex 15.648 -36.7716 0
    endloop
  endfacet
  facet normal 0 0 -1
    outer loop
      vertex 14.5 -37 0
      vertex 17.5555 -38.0652 0
      vertex 17.6229 -38.1055 0
    endloop
  endfacet
  facet normal 0 0 -1
    outer loop
      vertex 17.2945 -37.7771 0
      vertex 15.0853 -36.9424 0
      vertex 15.3708 -36.8708 0
    endloop
  endfacet
  facet normal 0 0 -1
    outer loop
      vertex 14.5 -37 0
      vertex 17.6229 -38.1055 0
      vertex 17.6939 -38.1391 0
    endloop
  endfacet
  facet normal 0 0 -1
    outer loop
      vertex 17.3816 -37.9075 0
      vertex 14.794 -36.9855 0
      vertex 15.0853 -36.9424 0
    endloop
  endfacet
  facet normal 0 0 -1
    outer loop
      vertex 17.4925 -38.0184 0
      vertex 14.5 -37 0
      vertex 14.794 -36.9855 0
    endloop
  endfacet
  facet normal 0 0 -1
    outer loop
      vertex -26.5 -38.8 0
      vertex 17.6939 -38.1391 0
      vertex 17.7678 -38.1656 0
    endloop
  endfacet
  facet normal -0 0 -1
    outer loop
      vertex 17.6939 -38.1391 0
      vertex -26.5 -38.8 0
      vertex 14.5 -37 0
    endloop
  endfacet
  facet normal 0 0 -1
    outer loop
      vertex -26.5 -38.8 0
      vertex 17.7678 -38.1656 0
      vertex 17.8439 -38.1846 0
    endloop
  endfacet
  facet normal 0 0 -1
    outer loop
      vertex -26.5 -38.8 0
      vertex 17.8439 -38.1846 0
      vertex 17.9216 -38.1961 0
    endloop
  endfacet
  facet normal 0 0 -1
    outer loop
      vertex -26.5 -38.8 0
      vertex 17.9216 -38.1961 0
      vertex 26.5 -38.8 0
    endloop
  endfacet
  facet normal 0 0 -1
    outer loop
      vertex -28.3334 -38.2438 0
      vertex -25.1458 -35.4142 0
      vertex -28.0556 -38.4103 0
    endloop
  endfacet
  facet normal 0 0 -1
    outer loop
      vertex -28.0556 -38.4103 0
      vertex -25.1458 -35.4142 0
      vertex -27.7628 -38.5488 0
    endloop
  endfacet
  facet normal 0 0 -1
    outer loop
      vertex -27.7628 -38.5488 0
      vertex -25.1458 -35.4142 0
      vertex -27.4579 -38.6579 0
    endloop
  endfacet
  facet normal -0 0 -1
    outer loop
      vertex -24.9944 -35.6667 0
      vertex -27.4579 -38.6579 0
      vertex -25.1458 -35.4142 0
    endloop
  endfacet
  facet normal 0 0 -1
    outer loop
      vertex -27.4579 -38.6579 0
      vertex -24.9944 -35.6667 0
      vertex -27.1438 -38.7366 0
    endloop
  endfacet
  facet normal 0 0 -1
    outer loop
      vertex -27.1438 -38.7366 0
      vertex -24.9944 -35.6667 0
      vertex -26.8235 -38.7841 0
    endloop
  endfacet
  facet normal 0 0 -1
    outer loop
      vertex -26.8235 -38.7841 0
      vertex -24.9944 -35.6667 0
      vertex -26.5 -38.8 0
    endloop
  endfacet
  facet normal -0 0 -1
    outer loop
      vertex -24.819 -35.9032 0
      vertex -26.5 -38.8 0
      vertex -24.9944 -35.6667 0
    endloop
  endfacet
  facet normal -0 0 -1
    outer loop
      vertex -24.6213 -36.1213 0
      vertex -26.5 -38.8 0
      vertex -24.819 -35.9032 0
    endloop
  endfacet
  facet normal -0 0 -1
    outer loop
      vertex -24.4032 -36.319 0
      vertex -26.5 -38.8 0
      vertex -24.6213 -36.1213 0
    endloop
  endfacet
  facet normal -0 0 -1
    outer loop
      vertex -24.1667 -36.4944 0
      vertex -26.5 -38.8 0
      vertex -24.4032 -36.319 0
    endloop
  endfacet
  facet normal -0 0 -1
    outer loop
      vertex -23.9142 -36.6458 0
      vertex -26.5 -38.8 0
      vertex -24.1667 -36.4944 0
    endloop
  endfacet
  facet normal -0 0 -1
    outer loop
      vertex -23.648 -36.7716 0
      vertex -26.5 -38.8 0
      vertex -23.9142 -36.6458 0
    endloop
  endfacet
  facet normal -0 0 -1
    outer loop
      vertex -23.3708 -36.8708 0
      vertex -26.5 -38.8 0
      vertex -23.648 -36.7716 0
    endloop
  endfacet
  facet normal -0 0 -1
    outer loop
      vertex -23.0853 -36.9424 0
      vertex -26.5 -38.8 0
      vertex -23.3708 -36.8708 0
    endloop
  endfacet
  facet normal -0 0 -1
    outer loop
      vertex -22.794 -36.9855 0
      vertex -26.5 -38.8 0
      vertex -23.0853 -36.9424 0
    endloop
  endfacet
  facet normal -0 0 -1
    outer loop
      vertex -22.5 -37 0
      vertex -26.5 -38.8 0
      vertex -22.794 -36.9855 0
    endloop
  endfacet
  facet normal -0 0 -1
    outer loop
      vertex 14.5 -37 0
      vertex -26.5 -38.8 0
      vertex -22.5 -37 0
    endloop
  endfacet
  facet normal 0 0 -1
    outer loop
      vertex 29.8 -4.5 0
      vertex 26.5 -1.20001 0
      vertex 29.7841 -4.17654 0
    endloop
  endfacet
  facet normal 0 0 -1
    outer loop
      vertex 29.7841 -4.17654 0
      vertex 26.5 -1.20001 0
      vertex 29.7366 -3.85622 0
    endloop
  endfacet
  facet normal 0 0 -1
    outer loop
      vertex 29.7366 -3.85622 0
      vertex 26.5 -1.20001 0
      vertex 29.6579 -3.54207 0
    endloop
  endfacet
  facet normal 0 0 -1
    outer loop
      vertex 29.5488 -3.23715 0
      vertex 26.5 -1.20001 0
      vertex 29.4103 -2.9444 0
    endloop
  endfacet
  facet normal 0 0 -1
    outer loop
      vertex 29.4103 -2.9444 0
      vertex 26.5 -1.20001 0
      vertex 29.2438 -2.66663 0
    endloop
  endfacet
  facet normal 0 0 -1
    outer loop
      vertex 29.2438 -2.66663 0
      vertex 26.5 -1.20001 0
      vertex 29.0509 -2.40651 0
    endloop
  endfacet
  facet normal 0 0 -1
    outer loop
      vertex 29.0509 -2.40651 0
      vertex 26.5 -1.20001 0
      vertex 28.8335 -2.16655 0
    endloop
  endfacet
  facet normal 0 0 -1
    outer loop
      vertex 28.8335 -2.16655 0
      vertex 26.5 -1.20001 0
      vertex 28.5935 -1.94907 0
    endloop
  endfacet
  facet normal 0 0 -1
    outer loop
      vertex 28.5935 -1.94907 0
      vertex 26.5 -1.20001 0
      vertex 28.3334 -1.75616 0
    endloop
  endfacet
  facet normal 0 0 -1
    outer loop
      vertex 28.0556 -1.58966 0
      vertex 26.5 -1.20001 0
      vertex 27.7628 -1.4512 0
    endloop
  endfacet
  facet normal 0 0 -1
    outer loop
      vertex 27.7628 -1.4512 0
      vertex 26.5 -1.20001 0
      vertex 27.4579 -1.3421 0
    endloop
  endfacet
  facet normal 0 0 -1
    outer loop
      vertex 27.4579 -1.3421 0
      vertex 26.5 -1.20001 0
      vertex 27.1438 -1.26341 0
    endloop
  endfacet
  facet normal 0 0 -1
    outer loop
      vertex 27.1438 -1.26341 0
      vertex 26.5 -1.20001 0
      vertex 26.8235 -1.2159 0
    endloop
  endfacet
  facet normal 0 0 -1
    outer loop
      vertex 28.3334 -1.75616 0
      vertex 26.5 -1.20001 0
      vertex 28.0556 -1.58966 0
    endloop
  endfacet
  facet normal 0 0 -1
    outer loop
      vertex 29.6579 -3.54207 0
      vertex 26.5 -1.20001 0
      vertex 29.5488 -3.23715 0
    endloop
  endfacet
  facet normal 0 0 -1
    outer loop
      vertex 23.3137 -12.3154 0
      vertex 26.5 -1.20001 0
      vertex 23.6243 -12.3615 0
    endloop
  endfacet
  facet normal 0 0 -1
    outer loop
      vertex 23 -12.3 0
      vertex 26.5 -1.20001 0
      vertex 23.3137 -12.3154 0
    endloop
  endfacet
  facet normal 0 0 -1
    outer loop
      vertex 17.5 -6 0
      vertex 23 -12.3 0
      vertex 22.6863 -12.3154 0
    endloop
  endfacet
  facet normal 0 0 -1
    outer loop
      vertex 17.5 -6 0
      vertex 22.6863 -12.3154 0
      vertex 22.3757 -12.3615 0
    endloop
  endfacet
  facet normal 0 0 -1
    outer loop
      vertex 17.5 -6 0
      vertex 22.3757 -12.3615 0
      vertex 22.0711 -12.4378 0
    endloop
  endfacet
  facet normal 0 0 -1
    outer loop
      vertex 17.5 -6 0
      vertex 22.0711 -12.4378 0
      vertex 21.7754 -12.5436 0
    endloop
  endfacet
  facet normal 0 0 -1
    outer loop
      vertex 17.5 -6 0
      vertex 21.7754 -12.5436 0
      vertex 21.4915 -12.6779 0
    endloop
  endfacet
  facet normal 0 0 -1
    outer loop
      vertex 17.5 -6 0
      vertex 21.4915 -12.6779 0
      vertex 21.2222 -12.8393 0
    endloop
  endfacet
  facet normal 0 0 -1
    outer loop
      vertex 17.5 -6 0
      vertex 21.2222 -12.8393 0
      vertex 20.9699 -13.0264 0
    endloop
  endfacet
  facet normal 0 0 -1
    outer loop
      vertex 17.5 -6 0
      vertex 20.9699 -13.0264 0
      vertex 20.7373 -13.2373 0
    endloop
  endfacet
  facet normal 0 0 -1
    outer loop
      vertex 17.5 -6 0
      vertex 20.7373 -13.2373 0
      vertex 20.5264 -13.4699 0
    endloop
  endfacet
  facet normal 0 0 -1
    outer loop
      vertex 17.5 -6 0
      vertex 20.5264 -13.4699 0
      vertex 20.3393 -13.7222 0
    endloop
  endfacet
  facet normal 0 0 -1
    outer loop
      vertex 17.5 -6 0
      vertex 20.3393 -13.7222 0
      vertex 20.1779 -13.9915 0
    endloop
  endfacet
  facet normal 0 0 -1
    outer loop
      vertex 20.2039 -37.3216 0
      vertex 18.7846 -37.2439 0
      vertex 18.7656 -37.1678 0
    endloop
  endfacet
  facet normal 0 0 -1
    outer loop
      vertex 20.2039 -37.3216 0
      vertex 18.7656 -37.1678 0
      vertex 18.7391 -37.0939 0
    endloop
  endfacet
  facet normal 0 0 -1
    outer loop
      vertex 20.2039 -37.3216 0
      vertex 18.7391 -37.0939 0
      vertex 18.7055 -37.0229 0
    endloop
  endfacet
  facet normal 0 0 -1
    outer loop
      vertex 20.2039 -37.3216 0
      vertex 18.7055 -37.0229 0
      vertex 18.6652 -36.9555 0
    endloop
  endfacet
  facet normal -0 0 -1
    outer loop
      vertex 19.8154 -24.8137 0
      vertex 17.5 -34 0
      vertex 19.8 -24.5 0
    endloop
  endfacet
  facet normal 0 0 -1
    outer loop
      vertex 17.5 -6 0
      vertex 19.8154 -15.8137 0
      vertex 17.5 -34 0
    endloop
  endfacet
  facet normal 0 0 -1
    outer loop
      vertex 20.2039 -37.3216 0
      vertex 18.6652 -36.9555 0
      vertex 18.6184 -36.8925 0
    endloop
  endfacet
  facet normal 0 0 -1
    outer loop
      vertex 20.2039 -37.3216 0
      vertex 18.6184 -36.8925 0
      vertex 18.5657 -36.8343 0
    endloop
  endfacet
  facet normal 0 0 -1
    outer loop
      vertex 20.2039 -37.3216 0
      vertex 18.5657 -36.8343 0
      vertex 18.5075 -36.7816 0
    endloop
  endfacet
  facet normal 0 0 -1
    outer loop
      vertex 20.2039 -37.3216 0
      vertex 18.5075 -36.7816 0
      vertex 17.5 -34 0
    endloop
  endfacet
  facet normal 0 0 -1
    outer loop
      vertex 17.5 -34 0
      vertex 18.5075 -36.7816 0
      vertex 18.4445 -36.7348 0
    endloop
  endfacet
  facet normal 0 0 -1
    outer loop
      vertex 17.5 -34 0
      vertex 18.4445 -36.7348 0
      vertex 18.3771 -36.6945 0
    endloop
  endfacet
  facet normal 0 0 -1
    outer loop
      vertex 17.5 -34 0
      vertex 18.3771 -36.6945 0
      vertex 18.3061 -36.6609 0
    endloop
  endfacet
  facet normal 0 0 -1
    outer loop
      vertex 17.5 -34 0
      vertex 18.3061 -36.6609 0
      vertex 18.2322 -36.6344 0
    endloop
  endfacet
  facet normal 0 0 -1
    outer loop
      vertex 17.5 -34 0
      vertex 18.2322 -36.6344 0
      vertex 18.1561 -36.6154 0
    endloop
  endfacet
  facet normal 0 0 -1
    outer loop
      vertex 17.5 -34 0
      vertex 18.1561 -36.6154 0
      vertex 18.0784 -36.6039 0
    endloop
  endfacet
  facet normal 0 0 -1
    outer loop
      vertex 17.5 -34 0
      vertex 18.0784 -36.6039 0
      vertex 18 -36.6 0
    endloop
  endfacet
  facet normal 0 0 -1
    outer loop
      vertex 17.5 -34 0
      vertex 18 -36.6 0
      vertex 17.9216 -36.6039 0
    endloop
  endfacet
  facet normal 0 0 -1
    outer loop
      vertex 17.5 -34 0
      vertex 17.9216 -36.6039 0
      vertex 17.8439 -36.6154 0
    endloop
  endfacet
  facet normal 0 0 -1
    outer loop
      vertex 17.5 -34 0
      vertex 17.8439 -36.6154 0
      vertex 17.7678 -36.6344 0
    endloop
  endfacet
  facet normal 0 0 -1
    outer loop
      vertex 17.5 -34 0
      vertex 17.7678 -36.6344 0
      vertex 17.6939 -36.6609 0
    endloop
  endfacet
  facet normal 0 0 -1
    outer loop
      vertex 17.5 -34 0
      vertex 17.6939 -36.6609 0
      vertex 17.6229 -36.6945 0
    endloop
  endfacet
  facet normal 0 0 -1
    outer loop
      vertex 17.5 -34 0
      vertex 17.6229 -36.6945 0
      vertex 17.5555 -36.7348 0
    endloop
  endfacet
  facet normal 0 0 -1
    outer loop
      vertex 19.8154 -15.8137 0
      vertex 17.5 -6 0
      vertex 19.8 -15.5 0
    endloop
  endfacet
  facet normal 0 0 -1
    outer loop
      vertex 19.8 -15.5 0
      vertex 17.5 -6 0
      vertex 19.8154 -15.1863 0
    endloop
  endfacet
  facet normal 0 0 -1
    outer loop
      vertex 17.5 -6 0
      vertex 19.8615 -14.8757 0
      vertex 19.8154 -15.1863 0
    endloop
  endfacet
  facet normal 0 0 -1
    outer loop
      vertex 17.5 -6 0
      vertex 19.9378 -14.5711 0
      vertex 19.8615 -14.8757 0
    endloop
  endfacet
  facet normal 0 0 -1
    outer loop
      vertex 17.5 -6 0
      vertex 20.0436 -14.2754 0
      vertex 19.9378 -14.5711 0
    endloop
  endfacet
  facet normal 0 0 -1
    outer loop
      vertex 17.5 -6 0
      vertex 20.1779 -13.9915 0
      vertex 20.0436 -14.2754 0
    endloop
  endfacet
  facet normal 0 0 -1
    outer loop
      vertex 23 -12.3 0
      vertex 17.5 -6 0
      vertex 26.5 -1.20001 0
    endloop
  endfacet
  facet normal 0 0 -1
    outer loop
      vertex 17.4855 -5.70596 0
      vertex 26.5 -1.20001 0
      vertex 17.5 -6 0
    endloop
  endfacet
  facet normal 0 0 -1
    outer loop
      vertex 17.4424 -5.41473 0
      vertex 26.5 -1.20001 0
      vertex 17.4855 -5.70596 0
    endloop
  endfacet
  facet normal 0 0 -1
    outer loop
      vertex 17.3708 -5.12915 0
      vertex 26.5 -1.20001 0
      vertex 17.4424 -5.41473 0
    endloop
  endfacet
  facet normal 0 0 -1
    outer loop
      vertex 17.2716 -4.85196 0
      vertex 26.5 -1.20001 0
      vertex 17.3708 -5.12915 0
    endloop
  endfacet
  facet normal 0 0 -1
    outer loop
      vertex 17.1458 -4.58582 0
      vertex 26.5 -1.20001 0
      vertex 17.2716 -4.85196 0
    endloop
  endfacet
  facet normal 0 0 -1
    outer loop
      vertex 16.9944 -4.3333 0
      vertex 26.5 -1.20001 0
      vertex 17.1458 -4.58582 0
    endloop
  endfacet
  facet normal 0 0 -1
    outer loop
      vertex 16.819 -4.09683 0
      vertex 26.5 -1.20001 0
      vertex 16.9944 -4.3333 0
    endloop
  endfacet
  facet normal 0 0 -1
    outer loop
      vertex 16.6213 -3.87869 0
      vertex 26.5 -1.20001 0
      vertex 16.819 -4.09683 0
    endloop
  endfacet
  facet normal 0 0 -1
    outer loop
      vertex 16.4032 -3.68097 0
      vertex 26.5 -1.20001 0
      vertex 16.6213 -3.87869 0
    endloop
  endfacet
  facet normal 0 0 -1
    outer loop
      vertex 16.1667 -3.5056 0
      vertex 26.5 -1.20001 0
      vertex 16.4032 -3.68097 0
    endloop
  endfacet
  facet normal 0 0 -1
    outer loop
      vertex 15.9142 -3.35425 0
      vertex 26.5 -1.20001 0
      vertex 16.1667 -3.5056 0
    endloop
  endfacet
  facet normal 0 0 -1
    outer loop
      vertex 15.648 -3.22836 0
      vertex 26.5 -1.20001 0
      vertex 15.9142 -3.35425 0
    endloop
  endfacet
  facet normal 0 0 -1
    outer loop
      vertex 15.3708 -3.12918 0
      vertex 26.5 -1.20001 0
      vertex 15.648 -3.22836 0
    endloop
  endfacet
  facet normal 0 0 -1
    outer loop
      vertex 15.0853 -3.05765 0
      vertex 26.5 -1.20001 0
      vertex 15.3708 -3.12918 0
    endloop
  endfacet
  facet normal 0 0 -1
    outer loop
      vertex 14.794 -3.01445 0
      vertex 26.5 -1.20001 0
      vertex 15.0853 -3.05765 0
    endloop
  endfacet
  facet normal 0 0 -1
    outer loop
      vertex 14.5 -3 0
      vertex 26.5 -1.20001 0
      vertex 14.794 -3.01445 0
    endloop
  endfacet
  facet normal 0 0 -1
    outer loop
      vertex -26.5 -1.20001 0
      vertex 14.5 -3 0
      vertex -22.5 -3 0
    endloop
  endfacet
  facet normal 0 0 -1
    outer loop
      vertex 14.5 -3 0
      vertex -26.5 -1.20001 0
      vertex 26.5 -1.20001 0
    endloop
  endfacet
  facet normal 0 0 -1
    outer loop
      vertex -22.794 -3.01445 0
      vertex -26.5 -1.20001 0
      vertex -22.5 -3 0
    endloop
  endfacet
  facet normal 0 0 -1
    outer loop
      vertex -23.0853 -3.05765 0
      vertex -26.5 -1.20001 0
      vertex -22.794 -3.01445 0
    endloop
  endfacet
  facet normal 0 0 -1
    outer loop
      vertex -23.3708 -3.12918 0
      vertex -26.5 -1.20001 0
      vertex -23.0853 -3.05765 0
    endloop
  endfacet
  facet normal 0 0 -1
    outer loop
      vertex -23.648 -3.22836 0
      vertex -26.5 -1.20001 0
      vertex -23.3708 -3.12918 0
    endloop
  endfacet
  facet normal 0 0 -1
    outer loop
      vertex -23.9142 -3.35425 0
      vertex -26.5 -1.20001 0
      vertex -23.648 -3.22836 0
    endloop
  endfacet
  facet normal 0 0 -1
    outer loop
      vertex -24.1667 -3.5056 0
      vertex -26.5 -1.20001 0
      vertex -23.9142 -3.35425 0
    endloop
  endfacet
  facet normal 0 0 -1
    outer loop
      vertex -24.4032 -3.68097 0
      vertex -26.5 -1.20001 0
      vertex -24.1667 -3.5056 0
    endloop
  endfacet
  facet normal 0 0 -1
    outer loop
      vertex -24.6213 -3.87869 0
      vertex -26.5 -1.20001 0
      vertex -24.4032 -3.68097 0
    endloop
  endfacet
  facet normal 0 0 -1
    outer loop
      vertex -24.819 -4.09683 0
      vertex -26.5 -1.20001 0
      vertex -24.6213 -3.87869 0
    endloop
  endfacet
  facet normal 0 0 -1
    outer loop
      vertex -24.9944 -4.3333 0
      vertex -26.5 -1.20001 0
      vertex -24.819 -4.09683 0
    endloop
  endfacet
  facet normal 0 0 -1
    outer loop
      vertex -27.4579 -1.3421 0
      vertex -24.9944 -4.3333 0
      vertex -25.1458 -4.58582 0
    endloop
  endfacet
  facet normal 0 0 -1
    outer loop
      vertex -28.8335 -2.16655 0
      vertex -25.1458 -4.58582 0
      vertex -25.2716 -4.85196 0
    endloop
  endfacet
  facet normal 0 0 -1
    outer loop
      vertex -29.6579 -3.54207 0
      vertex -25.2716 -4.85196 0
      vertex -25.3708 -5.12915 0
    endloop
  endfacet
  facet normal 0 0 -1
    outer loop
      vertex -29.8 -4.5 0
      vertex -25.3708 -5.12915 0
      vertex -25.4424 -5.41473 0
    endloop
  endfacet
  facet normal 0 0 -1
    outer loop
      vertex -29.8 -4.5 0
      vertex -25.4424 -5.41473 0
      vertex -25.4855 -5.70596 0
    endloop
  endfacet
  facet normal 0 0 -1
    outer loop
      vertex -29.8 -4.5 0
      vertex -25.4855 -5.70596 0
      vertex -25.5 -6 0
    endloop
  endfacet
  facet normal -0 0 -1
    outer loop
      vertex -25.5 -34 0
      vertex -29.8 -35.5 0
      vertex -25.5 -6 0
    endloop
  endfacet
  facet normal 0 0 -1
    outer loop
      vertex -28.5935 -38.0509 0
      vertex -25.1458 -35.4142 0
      vertex -28.3334 -38.2438 0
    endloop
  endfacet
  facet normal 0 0 -1
    outer loop
      vertex -29.8 -4.5 0
      vertex -25.5 -6 0
      vertex -29.8 -35.5 0
    endloop
  endfacet
  facet normal 0 0 -1
    outer loop
      vertex -28.8335 -37.8335 0
      vertex -25.1458 -35.4142 0
      vertex -28.5935 -38.0509 0
    endloop
  endfacet
  facet normal 0 0 -1
    outer loop
      vertex -25.3708 -5.12915 0
      vertex -29.8 -4.5 0
      vertex -29.7841 -4.17654 0
    endloop
  endfacet
  facet normal -0 0 -1
    outer loop
      vertex -25.1458 -35.4142 0
      vertex -28.8335 -37.8335 0
      vertex -25.2716 -35.148 0
    endloop
  endfacet
  facet normal 0 0 -1
    outer loop
      vertex -24.9944 -4.3333 0
      vertex -26.8235 -1.2159 0
      vertex -26.5 -1.20001 0
    endloop
  endfacet
  facet normal 0 0 -1
    outer loop
      vertex -29.0509 -37.5935 0
      vertex -25.2716 -35.148 0
      vertex -28.8335 -37.8335 0
    endloop
  endfacet
  facet normal 0 0 -1
    outer loop
      vertex -24.9944 -4.3333 0
      vertex -27.1438 -1.26341 0
      vertex -26.8235 -1.2159 0
    endloop
  endfacet
  facet normal 0 0 -1
    outer loop
      vertex -29.2438 -37.3334 0
      vertex -25.2716 -35.148 0
      vertex -29.0509 -37.5935 0
    endloop
  endfacet
  facet normal 0 0 -1
    outer loop
      vertex -24.9944 -4.3333 0
      vertex -27.4579 -1.3421 0
      vertex -27.1438 -1.26341 0
    endloop
  endfacet
  facet normal 0 0 -1
    outer loop
      vertex -29.4103 -37.0556 0
      vertex -25.2716 -35.148 0
      vertex -29.2438 -37.3334 0
    endloop
  endfacet
  facet normal 0 0 -1
    outer loop
      vertex -25.1458 -4.58582 0
      vertex -27.7628 -1.4512 0
      vertex -27.4579 -1.3421 0
    endloop
  endfacet
  facet normal 0 0 -1
    outer loop
      vertex -29.5488 -36.7628 0
      vertex -25.2716 -35.148 0
      vertex -29.4103 -37.0556 0
    endloop
  endfacet
  facet normal 0 0 -1
    outer loop
      vertex -25.1458 -4.58582 0
      vertex -28.0556 -1.58966 0
      vertex -27.7628 -1.4512 0
    endloop
  endfacet
  facet normal 0 0 -1
    outer loop
      vertex -29.6579 -36.4579 0
      vertex -25.2716 -35.148 0
      vertex -29.5488 -36.7628 0
    endloop
  endfacet
  facet normal 0 0 -1
    outer loop
      vertex -25.1458 -4.58582 0
      vertex -28.3334 -1.75616 0
      vertex -28.0556 -1.58966 0
    endloop
  endfacet
  facet normal -0 0 -1
    outer loop
      vertex -25.2716 -35.148 0
      vertex -29.6579 -36.4579 0
      vertex -25.3708 -34.8708 0
    endloop
  endfacet
  facet normal 0 0 -1
    outer loop
      vertex -25.1458 -4.58582 0
      vertex -28.5935 -1.94907 0
      vertex -28.3334 -1.75616 0
    endloop
  endfacet
  facet normal 0 0 -1
    outer loop
      vertex -29.7366 -36.1438 0
      vertex -25.3708 -34.8708 0
      vertex -29.6579 -36.4579 0
    endloop
  endfacet
  facet normal 0 0 -1
    outer loop
      vertex -25.1458 -4.58582 0
      vertex -28.8335 -2.16655 0
      vertex -28.5935 -1.94907 0
    endloop
  endfacet
  facet normal 0 0 -1
    outer loop
      vertex -29.7841 -35.8235 0
      vertex -25.3708 -34.8708 0
      vertex -29.7366 -36.1438 0
    endloop
  endfacet
  facet normal 0 0 -1
    outer loop
      vertex -25.2716 -4.85196 0
      vertex -29.0509 -2.40651 0
      vertex -28.8335 -2.16655 0
    endloop
  endfacet
  facet normal 0 0 -1
    outer loop
      vertex -29.8 -35.5 0
      vertex -25.3708 -34.8708 0
      vertex -29.7841 -35.8235 0
    endloop
  endfacet
  facet normal 0 0 -1
    outer loop
      vertex -25.2716 -4.85196 0
      vertex -29.2438 -2.66663 0
      vertex -29.0509 -2.40651 0
    endloop
  endfacet
  facet normal -0 0 -1
    outer loop
      vertex -25.3708 -34.8708 0
      vertex -29.8 -35.5 0
      vertex -25.4424 -34.5853 0
    endloop
  endfacet
  facet normal 0 0 -1
    outer loop
      vertex -25.2716 -4.85196 0
      vertex -29.4103 -2.9444 0
      vertex -29.2438 -2.66663 0
    endloop
  endfacet
  facet normal -0 0 -1
    outer loop
      vertex -25.4424 -34.5853 0
      vertex -29.8 -35.5 0
      vertex -25.4855 -34.294 0
    endloop
  endfacet
  facet normal 0 0 -1
    outer loop
      vertex -25.2716 -4.85196 0
      vertex -29.5488 -3.23715 0
      vertex -29.4103 -2.9444 0
    endloop
  endfacet
  facet normal -0 0 -1
    outer loop
      vertex -25.4855 -34.294 0
      vertex -29.8 -35.5 0
      vertex -25.5 -34 0
    endloop
  endfacet
  facet normal 0 0 -1
    outer loop
      vertex -25.2716 -4.85196 0
      vertex -29.6579 -3.54207 0
      vertex -29.5488 -3.23715 0
    endloop
  endfacet
  facet normal 0 0 -1
    outer loop
      vertex -25.3708 -5.12915 0
      vertex -29.7366 -3.85622 0
      vertex -29.6579 -3.54207 0
    endloop
  endfacet
  facet normal 0 0 -1
    outer loop
      vertex -25.3708 -5.12915 0
      vertex -29.7841 -4.17654 0
      vertex -29.7366 -3.85622 0
    endloop
  endfacet
  facet normal 0 0 -1
    outer loop
      vertex 24.7846 -37.2439 0
      vertex 26.5 -38.8 0
      vertex 24.7961 -37.3216 0
    endloop
  endfacet
  facet normal 0 0 -1
    outer loop
      vertex 27.1438 -38.7366 0
      vertex 24.7846 -37.2439 0
      vertex 24.7656 -37.1678 0
    endloop
  endfacet
  facet normal 0 0 -1
    outer loop
      vertex 28.0556 -38.4103 0
      vertex 24.7656 -37.1678 0
      vertex 24.7391 -37.0939 0
    endloop
  endfacet
  facet normal 0 0 -1
    outer loop
      vertex 29.0509 -37.5935 0
      vertex 24.7391 -37.0939 0
      vertex 24.7055 -37.0229 0
    endloop
  endfacet
  facet normal 0 0 -1
    outer loop
      vertex 29.7366 -36.1438 0
      vertex 24.7055 -37.0229 0
      vertex 24.6652 -36.9555 0
    endloop
  endfacet
  facet normal 0 0 -1
    outer loop
      vertex 29.8 -35.5 0
      vertex 24.6184 -36.8925 0
      vertex 24.5657 -36.8343 0
    endloop
  endfacet
  facet normal 0 0 -1
    outer loop
      vertex 29.8 -35.5 0
      vertex 25.0301 -26.9736 0
      vertex 25.2627 -26.7627 0
    endloop
  endfacet
  facet normal 0 0 -1
    outer loop
      vertex 29.8 -35.5 0
      vertex 24.5657 -36.8343 0
      vertex 24.5075 -36.7816 0
    endloop
  endfacet
  facet normal 0 0 -1
    outer loop
      vertex 29.8 -35.5 0
      vertex 24.5075 -36.7816 0
      vertex 24.4445 -36.7348 0
    endloop
  endfacet
  facet normal 0 0 -1
    outer loop
      vertex 29.8 -35.5 0
      vertex 24.7778 -27.1607 0
      vertex 25.0301 -26.9736 0
    endloop
  endfacet
  facet normal 0 0 -1
    outer loop
      vertex 29.8 -35.5 0
      vertex 24.4445 -36.7348 0
      vertex 24.3771 -36.6945 0
    endloop
  endfacet
  facet normal 0 0 -1
    outer loop
      vertex 29.8 -35.5 0
      vertex 24.5085 -27.3221 0
      vertex 24.7778 -27.1607 0
    endloop
  endfacet
  facet normal 0 0 -1
    outer loop
      vertex 29.8 -35.5 0
      vertex 24.3771 -36.6945 0
      vertex 24.3061 -36.6609 0
    endloop
  endfacet
  facet normal -0 0 -1
    outer loop
      vertex 29.8 -35.5 0
      vertex 24.3061 -36.6609 0
      vertex 24.2246 -27.4564 0
    endloop
  endfacet
  facet normal 0 0 -1
    outer loop
      vertex 24.2246 -27.4564 0
      vertex 24.3061 -36.6609 0
      vertex 24.2322 -36.6344 0
    endloop
  endfacet
  facet normal 0 0 -1
    outer loop
      vertex 29.8 -35.5 0
      vertex 24.2246 -27.4564 0
      vertex 24.5085 -27.3221 0
    endloop
  endfacet
  facet normal 0 0 -1
    outer loop
      vertex 23.9289 -27.5622 0
      vertex 24.2322 -36.6344 0
      vertex 24.1561 -36.6154 0
    endloop
  endfacet
  facet normal 0 0 -1
    outer loop
      vertex 23.6243 -27.6385 0
      vertex 24.1561 -36.6154 0
      vertex 24.0784 -36.6039 0
    endloop
  endfacet
  facet normal 0 0 -1
    outer loop
      vertex 23.6243 -27.6385 0
      vertex 24.0784 -36.6039 0
      vertex 24 -36.6 0
    endloop
  endfacet
  facet normal 0 0 -1
    outer loop
      vertex 24.2322 -36.6344 0
      vertex 23.9289 -27.5622 0
      vertex 24.2246 -27.4564 0
    endloop
  endfacet
  facet normal 0 0 -1
    outer loop
      vertex 23.3137 -27.6846 0
      vertex 24 -36.6 0
      vertex 23.9216 -36.6039 0
    endloop
  endfacet
  facet normal 0 0 -1
    outer loop
      vertex 23 -27.7 0
      vertex 23.9216 -36.6039 0
      vertex 23.8439 -36.6154 0
    endloop
  endfacet
  facet normal 0 0 -1
    outer loop
      vertex 23 -27.7 0
      vertex 23.8439 -36.6154 0
      vertex 23.7678 -36.6344 0
    endloop
  endfacet
  facet normal 0 0 -1
    outer loop
      vertex 22.6863 -27.6846 0
      vertex 23.7678 -36.6344 0
      vertex 23.6939 -36.6609 0
    endloop
  endfacet
  facet normal 0 0 -1
    outer loop
      vertex 24.1561 -36.6154 0
      vertex 23.6243 -27.6385 0
      vertex 23.9289 -27.5622 0
    endloop
  endfacet
  facet normal 0 0 -1
    outer loop
      vertex 22.6863 -27.6846 0
      vertex 23.6939 -36.6609 0
      vertex 23.6229 -36.6945 0
    endloop
  endfacet
  facet normal 0 0 -1
    outer loop
      vertex 22.6863 -27.6846 0
      vertex 23.6229 -36.6945 0
      vertex 23.5555 -36.7348 0
    endloop
  endfacet
  facet normal 0 0 -1
    outer loop
      vertex 22.6863 -27.6846 0
      vertex 23.5555 -36.7348 0
      vertex 23.4925 -36.7816 0
    endloop
  endfacet
  facet normal 0 0 -1
    outer loop
      vertex 22.6863 -27.6846 0
      vertex 23.4925 -36.7816 0
      vertex 23.4343 -36.8343 0
    endloop
  endfacet
  facet normal 0 0 -1
    outer loop
      vertex 22.6863 -27.6846 0
      vertex 23.4343 -36.8343 0
      vertex 23.3816 -36.8925 0
    endloop
  endfacet
  facet normal 0 0 -1
    outer loop
      vertex 22.6863 -27.6846 0
      vertex 23.3816 -36.8925 0
      vertex 23.3348 -36.9555 0
    endloop
  endfacet
  facet normal 0 0 -1
    outer loop
      vertex 24 -36.6 0
      vertex 23.3137 -27.6846 0
      vertex 23.6243 -27.6385 0
    endloop
  endfacet
  facet normal 0 0 -1
    outer loop
      vertex 22.6863 -27.6846 0
      vertex 23.3348 -36.9555 0
      vertex 23.2945 -37.0229 0
    endloop
  endfacet
  facet normal 0 0 -1
    outer loop
      vertex 22.6863 -27.6846 0
      vertex 23.2945 -37.0229 0
      vertex 23.2609 -37.0939 0
    endloop
  endfacet
  facet normal 0 0 -1
    outer loop
      vertex 22.6863 -27.6846 0
      vertex 23.2609 -37.0939 0
      vertex 23.2344 -37.1678 0
    endloop
  endfacet
  facet normal 0 0 -1
    outer loop
      vertex 22.6863 -27.6846 0
      vertex 23.2344 -37.1678 0
      vertex 23.2154 -37.2439 0
    endloop
  endfacet
  facet normal 0 0 -1
    outer loop
      vertex 22.6863 -27.6846 0
      vertex 23.2154 -37.2439 0
      vertex 23.2039 -37.3216 0
    endloop
  endfacet
  facet normal 0 0 -1
    outer loop
      vertex 21.7961 -37.3216 0
      vertex 23.2039 -37.3216 0
      vertex 23.2 -37.4 0
    endloop
  endfacet
  facet normal 0 0 -1
    outer loop
      vertex 23.9216 -36.6039 0
      vertex 23 -27.7 0
      vertex 23.3137 -27.6846 0
    endloop
  endfacet
  facet normal 0 0 -1
    outer loop
      vertex 23.2039 -37.3216 0
      vertex 21.7961 -37.3216 0
      vertex 21.7846 -37.2439 0
    endloop
  endfacet
  facet normal 0 0 -1
    outer loop
      vertex 23.2039 -37.3216 0
      vertex 21.7846 -37.2439 0
      vertex 21.7656 -37.1678 0
    endloop
  endfacet
  facet normal 0 0 -1
    outer loop
      vertex 23.2039 -37.3216 0
      vertex 21.7656 -37.1678 0
      vertex 21.7391 -37.0939 0
    endloop
  endfacet
  facet normal 0 0 -1
    outer loop
      vertex 23.2039 -37.3216 0
      vertex 21.7391 -37.0939 0
      vertex 21.7055 -37.0229 0
    endloop
  endfacet
  facet normal 0 0 -1
    outer loop
      vertex 23.2039 -37.3216 0
      vertex 21.7055 -37.0229 0
      vertex 21.6652 -36.9555 0
    endloop
  endfacet
  facet normal 0 0 -1
    outer loop
      vertex 23.2039 -37.3216 0
      vertex 21.6652 -36.9555 0
      vertex 21.6184 -36.8925 0
    endloop
  endfacet
  facet normal 0 0 -1
    outer loop
      vertex 23.2039 -37.3216 0
      vertex 21.6184 -36.8925 0
      vertex 21.5657 -36.8343 0
    endloop
  endfacet
  facet normal 0 0 -1
    outer loop
      vertex 23.2039 -37.3216 0
      vertex 21.5657 -36.8343 0
      vertex 21.5075 -36.7816 0
    endloop
  endfacet
  facet normal 0 0 -1
    outer loop
      vertex 23.2039 -37.3216 0
      vertex 21.5075 -36.7816 0
      vertex 21.4445 -36.7348 0
    endloop
  endfacet
  facet normal 0 0 -1
    outer loop
      vertex 21.3061 -36.6609 0
      vertex 22.6863 -27.6846 0
      vertex 21.3771 -36.6945 0
    endloop
  endfacet
  facet normal 0 0 -1
    outer loop
      vertex 21.2322 -36.6344 0
      vertex 22.6863 -27.6846 0
      vertex 21.3061 -36.6609 0
    endloop
  endfacet
  facet normal 0 0 -1
    outer loop
      vertex 21.1561 -36.6154 0
      vertex 22.6863 -27.6846 0
      vertex 21.2322 -36.6344 0
    endloop
  endfacet
  facet normal -0 0 -1
    outer loop
      vertex 22.6863 -27.6846 0
      vertex 21.1561 -36.6154 0
      vertex 22.3757 -27.6385 0
    endloop
  endfacet
  facet normal 0 0 -1
    outer loop
      vertex 21.0784 -36.6039 0
      vertex 22.3757 -27.6385 0
      vertex 21.1561 -36.6154 0
    endloop
  endfacet
  facet normal 0 0 -1
    outer loop
      vertex 21 -36.6 0
      vertex 22.3757 -27.6385 0
      vertex 21.0784 -36.6039 0
    endloop
  endfacet
  facet normal -0 0 -1
    outer loop
      vertex 22.3757 -27.6385 0
      vertex 21 -36.6 0
      vertex 22.0711 -27.5622 0
    endloop
  endfacet
  facet normal 0 0 -1
    outer loop
      vertex 20.9216 -36.6039 0
      vertex 22.0711 -27.5622 0
      vertex 21 -36.6 0
    endloop
  endfacet
  facet normal -0 0 -1
    outer loop
      vertex 22.0711 -27.5622 0
      vertex 20.9216 -36.6039 0
      vertex 21.7754 -27.4564 0
    endloop
  endfacet
  facet normal 0 0 -1
    outer loop
      vertex 20.8439 -36.6154 0
      vertex 21.7754 -27.4564 0
      vertex 20.9216 -36.6039 0
    endloop
  endfacet
  facet normal 0 0 -1
    outer loop
      vertex 20.7678 -36.6344 0
      vertex 21.7754 -27.4564 0
      vertex 20.8439 -36.6154 0
    endloop
  endfacet
  facet normal -0 0 -1
    outer loop
      vertex 21.7754 -27.4564 0
      vertex 20.7678 -36.6344 0
      vertex 21.4915 -27.3221 0
    endloop
  endfacet
  facet normal 0 0 -1
    outer loop
      vertex 20.6939 -36.6609 0
      vertex 21.4915 -27.3221 0
      vertex 20.7678 -36.6344 0
    endloop
  endfacet
  facet normal -0 0 -1
    outer loop
      vertex 21.4915 -27.3221 0
      vertex 20.6939 -36.6609 0
      vertex 21.2222 -27.1607 0
    endloop
  endfacet
  facet normal 0 0 -1
    outer loop
      vertex 20.6229 -36.6945 0
      vertex 21.2222 -27.1607 0
      vertex 20.6939 -36.6609 0
    endloop
  endfacet
  facet normal -0 0 -1
    outer loop
      vertex 21.2222 -27.1607 0
      vertex 20.6229 -36.6945 0
      vertex 20.9699 -26.9736 0
    endloop
  endfacet
  facet normal 0 0 -1
    outer loop
      vertex 20.5555 -36.7348 0
      vertex 20.9699 -26.9736 0
      vertex 20.6229 -36.6945 0
    endloop
  endfacet
  facet normal 0 0 -1
    outer loop
      vertex 20.4925 -36.7816 0
      vertex 20.9699 -26.9736 0
      vertex 20.5555 -36.7348 0
    endloop
  endfacet
  facet normal -0 0 -1
    outer loop
      vertex 20.9699 -26.9736 0
      vertex 20.4925 -36.7816 0
      vertex 20.7373 -26.7627 0
    endloop
  endfacet
  facet normal 0 0 -1
    outer loop
      vertex 20.4343 -36.8343 0
      vertex 20.7373 -26.7627 0
      vertex 20.4925 -36.7816 0
    endloop
  endfacet
  facet normal -0 0 -1
    outer loop
      vertex 20.7373 -26.7627 0
      vertex 20.4343 -36.8343 0
      vertex 20.5264 -26.5301 0
    endloop
  endfacet
  facet normal 0 0 -1
    outer loop
      vertex 20.3816 -36.8925 0
      vertex 20.5264 -26.5301 0
      vertex 20.4343 -36.8343 0
    endloop
  endfacet
  facet normal 0 0 -1
    outer loop
      vertex 20.3816 -36.8925 0
      vertex 20.3393 -26.2778 0
      vertex 20.5264 -26.5301 0
    endloop
  endfacet
  facet normal 0 0 -1
    outer loop
      vertex 20.3348 -36.9555 0
      vertex 20.3393 -26.2778 0
      vertex 20.3816 -36.8925 0
    endloop
  endfacet
  facet normal 0 0 -1
    outer loop
      vertex 20.2945 -37.0229 0
      vertex 20.3393 -26.2778 0
      vertex 20.3348 -36.9555 0
    endloop
  endfacet
  facet normal 0 0 -1
    outer loop
      vertex 20.1779 -26.0085 0
      vertex 20.2945 -37.0229 0
      vertex 20.2609 -37.0939 0
    endloop
  endfacet
  facet normal 0 0 -1
    outer loop
      vertex 20.0436 -25.7246 0
      vertex 20.2609 -37.0939 0
      vertex 20.2344 -37.1678 0
    endloop
  endfacet
  facet normal 0 0 -1
    outer loop
      vertex 20.0436 -25.7246 0
      vertex 20.2344 -37.1678 0
      vertex 20.2154 -37.2439 0
    endloop
  endfacet
  facet normal 0 0 -1
    outer loop
      vertex 20.0436 -25.7246 0
      vertex 20.2154 -37.2439 0
      vertex 20.2039 -37.3216 0
    endloop
  endfacet
  facet normal 0 0 -1
    outer loop
      vertex 18.7961 -37.3216 0
      vertex 20.2039 -37.3216 0
      vertex 20.2 -37.4 0
    endloop
  endfacet
  facet normal 0 0 -1
    outer loop
      vertex 20.2945 -37.0229 0
      vertex 20.1779 -26.0085 0
      vertex 20.3393 -26.2778 0
    endloop
  endfacet
  facet normal -0.0347113 0.706678 -0.706684
    outer loop
      vertex -26.8235 -1.2159 0
      vertex -26.5 0 1.2
      vertex -26.5 -1.20001 0
    endloop
  endfacet
  facet normal -0.103813 0.699877 -0.706679
    outer loop
      vertex -27.1438 -1.26341 0
      vertex -27.3779 -0.0864716 1.2
      vertex -26.8235 -1.2159 0
    endloop
  endfacet
  facet normal -0.10381 0.699878 -0.706679
    outer loop
      vertex -27.3779 -0.0864716 1.2
      vertex -26.9411 -0.0216827 1.2
      vertex -26.8235 -1.2159 0
    endloop
  endfacet
  facet normal 0 0.707104 -0.70711
    outer loop
      vertex -26.5 -1.20001 0
      vertex 26.5 0 1.2
      vertex 26.5 -1.20001 0
    endloop
  endfacet
  facet normal 0 0.707104 -0.70711
    outer loop
      vertex 26.5 0 1.2
      vertex -26.5 -1.20001 0
      vertex -26.5 0 1.2
    endloop
  endfacet
  facet normal -0.0490967 0.998794 0
    outer loop
      vertex -26.5 0 1.2
      vertex -26.9411 -0.0216827 15.5
      vertex -26.5 0 15.5
    endloop
  endfacet
  facet normal -0.0490967 0.998794 0
    outer loop
      vertex -26.9411 -0.0216827 15.5
      vertex -26.5 0 1.2
      vertex -26.9411 -0.0216827 1.2
    endloop
  endfacet
  facet normal -0.242961 0.970036 0
    outer loop
      vertex -27.3779 -0.0864716 1.2
      vertex -27.8063 -0.193771 15.5
      vertex -27.3779 -0.0864716 15.5
    endloop
  endfacet
  facet normal -0.242961 0.970036 0
    outer loop
      vertex -27.8063 -0.193771 15.5
      vertex -27.3779 -0.0864716 1.2
      vertex -27.8063 -0.193771 1.2
    endloop
  endfacet
  facet normal -0.0347333 -0.70668 -0.70668
    outer loop
      vertex -26.5 -40 1.2
      vertex -26.8235 -38.7841 0
      vertex -26.5 -38.8 0
    endloop
  endfacet
  facet normal -0.0347376 0.706681 -0.706679
    outer loop
      vertex -26.9411 -0.0216827 1.2
      vertex -26.5 0 1.2
      vertex -26.8235 -1.2159 0
    endloop
  endfacet
  facet normal -0.70668 0.0347376 -0.70668
    outer loop
      vertex -31 -4.5 1.2
      vertex -29.7841 -4.17654 0
      vertex -29.8 -4.5 0
    endloop
  endfacet
  facet normal -0.146721 0.989178 0
    outer loop
      vertex -26.9411 -0.0216827 1.2
      vertex -27.3779 -0.0864716 15.5
      vertex -26.9411 -0.0216827 15.5
    endloop
  endfacet
  facet normal -0.146721 0.989178 0
    outer loop
      vertex -27.3779 -0.0864716 15.5
      vertex -26.9411 -0.0216827 1.2
      vertex -27.3779 -0.0864716 1.2
    endloop
  endfacet
  facet normal 0.699881 0.103821 -0.706674
    outer loop
      vertex 29.7841 -4.17654 0
      vertex 30.9135 -3.6221 1.2
      vertex 30.9783 -4.05893 1.2
    endloop
  endfacet
  facet normal -0.103828 -0.699881 -0.706673
    outer loop
      vertex -27.3779 -39.9135 1.2
      vertex -26.8235 -38.7841 0
      vertex -26.9411 -39.9783 1.2
    endloop
  endfacet
  facet normal -0.803168 -0.595753 0
    outer loop
      vertex -29.9785 -38.3548 1.2
      vertex -30.2416 -38.0001 15.5
      vertex -30.2416 -38.0001 1.2
    endloop
  endfacet
  facet normal -0.803168 -0.595753 0
    outer loop
      vertex -30.2416 -38.0001 15.5
      vertex -29.9785 -38.3548 1.2
      vertex -29.9785 -38.3548 15.5
    endloop
  endfacet
  facet normal -0.706683 0.0347678 -0.706675
    outer loop
      vertex -31 -4.5 1.2
      vertex -30.9783 -4.05893 1.2
      vertex -29.7841 -4.17654 0
    endloop
  endfacet
  facet normal -0.989176 0.146736 0
    outer loop
      vertex -30.9783 -4.05893 1.2
      vertex -30.9135 -3.6221 15.5
      vertex -30.9135 -3.6221 1.2
    endloop
  endfacet
  facet normal -0.989176 0.146736 0
    outer loop
      vertex -30.9135 -3.6221 15.5
      vertex -30.9783 -4.05893 1.2
      vertex -30.9783 -4.05893 15.5
    endloop
  endfacet
  facet normal 0.903917 0.427709 0
    outer loop
      vertex 30.6575 -2.77794 15.5
      vertex 30.4686 -2.37872 1.2
      vertex 30.4686 -2.37872 15.5
    endloop
  endfacet
  facet normal 0.903917 0.427709 0
    outer loop
      vertex 30.4686 -2.37872 1.2
      vertex 30.6575 -2.77794 15.5
      vertex 30.6575 -2.77794 1.2
    endloop
  endfacet
  facet normal 0.302514 0.639597 -0.706683
    outer loop
      vertex 28.0556 -1.58966 0
      vertex 28.2221 -0.342545 1.2
      vertex 28.6213 -0.531357 1.2
    endloop
  endfacet
  facet normal 0 -1 0
    outer loop
      vertex -26.5 -40 1.2
      vertex 26.5 -40 15.5
      vertex -26.5 -40 15.5
    endloop
  endfacet
  facet normal 0 -1 -0
    outer loop
      vertex 26.5 -40 15.5
      vertex -26.5 -40 1.2
      vertex 26.5 -40 1.2
    endloop
  endfacet
  facet normal 0.0491358 -0.998792 0
    outer loop
      vertex 26.5 -40 1.2
      vertex 26.9411 -39.9783 15.5
      vertex 26.5 -40 15.5
    endloop
  endfacet
  facet normal 0.0491358 -0.998792 0
    outer loop
      vertex 26.9411 -39.9783 15.5
      vertex 26.5 -40 1.2
      vertex 26.9411 -39.9783 1.2
    endloop
  endfacet
  facet normal -0.70668 -0.0347333 -0.70668
    outer loop
      vertex -29.7841 -35.8235 0
      vertex -31 -35.5 1.2
      vertex -29.8 -35.5 0
    endloop
  endfacet
  facet normal -0.514029 -0.857773 0
    outer loop
      vertex -29.0001 -39.2416 1.2
      vertex -28.6213 -39.4686 15.5
      vertex -29.0001 -39.2416 15.5
    endloop
  endfacet
  facet normal -0.514029 -0.857773 -0
    outer loop
      vertex -28.6213 -39.4686 15.5
      vertex -29.0001 -39.2416 1.2
      vertex -28.6213 -39.4686 1.2
    endloop
  endfacet
  facet normal -0.639569 -0.302529 -0.706702
    outer loop
      vertex -30.6575 -37.2221 1.2
      vertex -29.5488 -36.7628 0
      vertex -29.4103 -37.0556 0
    endloop
  endfacet
  facet normal -0.686344 -0.171906 -0.706668
    outer loop
      vertex -30.9135 -36.3779 1.2
      vertex -29.7366 -36.1438 0
      vertex -30.8062 -36.8063 1.2
    endloop
  endfacet
  facet normal -0.803176 0.595742 0
    outer loop
      vertex -30.2416 -1.99994 1.2
      vertex -29.9785 -1.64523 15.5
      vertex -29.9785 -1.64523 1.2
    endloop
  endfacet
  facet normal -0.803176 0.595742 0
    outer loop
      vertex -29.9785 -1.64523 15.5
      vertex -30.2416 -1.99994 1.2
      vertex -30.2416 -1.99994 15.5
    endloop
  endfacet
  facet normal -0.568274 0.421507 -0.70668
    outer loop
      vertex -30.2416 -1.99994 1.2
      vertex -29.9785 -1.64523 1.2
      vertex -29.0509 -2.40651 0
    endloop
  endfacet
  facet normal -0.363732 0.606875 -0.706684
    outer loop
      vertex -29.0001 -0.758392 1.2
      vertex -28.6213 -0.531357 1.2
      vertex -28.0556 -1.58966 0
    endloop
  endfacet
  facet normal -0.970032 0.242978 0
    outer loop
      vertex -30.9135 -3.6221 1.2
      vertex -30.8062 -3.19373 15.5
      vertex -30.8062 -3.19373 1.2
    endloop
  endfacet
  facet normal -0.970032 0.242978 0
    outer loop
      vertex -30.8062 -3.19373 15.5
      vertex -30.9135 -3.6221 1.2
      vertex -30.9135 -3.6221 15.5
    endloop
  endfacet
  facet normal 0.0347376 0.706681 -0.706679
    outer loop
      vertex 26.8235 -1.2159 0
      vertex 26.5 0 1.2
      vertex 26.9411 -0.0216827 1.2
    endloop
  endfacet
  facet normal 0 0 1
    outer loop
      vertex 30 -4.5 15.5
      vertex 31 -4.5 15.5
      vertex 30.9783 -4.05893 15.5
    endloop
  endfacet
  facet normal 0 0 1
    outer loop
      vertex 31 -4.5 15.5
      vertex 30 -4.5 15.5
      vertex 31 -35.5 15.5
    endloop
  endfacet
  facet normal 0 0 1
    outer loop
      vertex 29.9831 -4.15695 15.5
      vertex 30.9783 -4.05893 15.5
      vertex 30.9135 -3.6221 15.5
    endloop
  endfacet
  facet normal 0 0 1
    outer loop
      vertex 30 -35.5 15.5
      vertex 31 -35.5 15.5
      vertex 30 -4.5 15.5
    endloop
  endfacet
  facet normal 0 0 1
    outer loop
      vertex 29.9327 -3.81718 15.5
      vertex 30.9135 -3.6221 15.5
      vertex 30.8062 -3.19373 15.5
    endloop
  endfacet
  facet normal 0 0 1
    outer loop
      vertex 31 -35.5 15.5
      vertex 30 -35.5 15.5
      vertex 30.9783 -35.9411 15.5
    endloop
  endfacet
  facet normal 0 0 1
    outer loop
      vertex 29.8493 -3.48401 15.5
      vertex 30.8062 -3.19373 15.5
      vertex 30.6575 -2.77794 15.5
    endloop
  endfacet
  facet normal -0 0 1
    outer loop
      vertex 29.9831 -35.843 15.5
      vertex 30.9783 -35.9411 15.5
      vertex 30 -35.5 15.5
    endloop
  endfacet
  facet normal 0 0 1
    outer loop
      vertex 29.7336 -3.16061 15.5
      vertex 30.6575 -2.77794 15.5
      vertex 30.4686 -2.37872 15.5
    endloop
  endfacet
  facet normal 0 0 1
    outer loop
      vertex 30.9783 -35.9411 15.5
      vertex 29.9831 -35.843 15.5
      vertex 30.9135 -36.3779 15.5
    endloop
  endfacet
  facet normal 0 0 1
    outer loop
      vertex 29.5867 -2.85011 15.5
      vertex 30.4686 -2.37872 15.5
      vertex 30.2416 -1.99994 15.5
    endloop
  endfacet
  facet normal -0 0 1
    outer loop
      vertex 29.9327 -36.1828 15.5
      vertex 30.9135 -36.3779 15.5
      vertex 29.9831 -35.843 15.5
    endloop
  endfacet
  facet normal 0 0 1
    outer loop
      vertex 30.9135 -36.3779 15.5
      vertex 29.9327 -36.1828 15.5
      vertex 30.8062 -36.8063 15.5
    endloop
  endfacet
  facet normal 0 0 1
    outer loop
      vertex 30.9783 -4.05893 15.5
      vertex 29.9831 -4.15695 15.5
      vertex 30 -4.5 15.5
    endloop
  endfacet
  facet normal 0 0 1
    outer loop
      vertex 29.4101 -2.55551 15.5
      vertex 30.2416 -1.99994 15.5
      vertex 29.9785 -1.64523 15.5
    endloop
  endfacet
  facet normal 0 0 1
    outer loop
      vertex 30.9135 -3.6221 15.5
      vertex 29.9327 -3.81718 15.5
      vertex 29.9831 -4.15695 15.5
    endloop
  endfacet
  facet normal 0 0 1
    outer loop
      vertex 30.8062 -3.19373 15.5
      vertex 29.8493 -3.48401 15.5
      vertex 29.9327 -3.81718 15.5
    endloop
  endfacet
  facet normal 0 0 1
    outer loop
      vertex 30.6575 -2.77794 15.5
      vertex 29.7336 -3.16061 15.5
      vertex 29.8493 -3.48401 15.5
    endloop
  endfacet
  facet normal 0 0 1
    outer loop
      vertex 29.2055 -2.27963 15.5
      vertex 29.9785 -1.64523 15.5
      vertex 29.682 -1.31802 15.5
    endloop
  endfacet
  facet normal 0 0 1
    outer loop
      vertex 30.4686 -2.37872 15.5
      vertex 29.5867 -2.85011 15.5
      vertex 29.7336 -3.16061 15.5
    endloop
  endfacet
  facet normal 0 0 1
    outer loop
      vertex 30.2416 -1.99994 15.5
      vertex 29.4101 -2.55551 15.5
      vertex 29.5867 -2.85011 15.5
    endloop
  endfacet
  facet normal 0 0 1
    outer loop
      vertex 28.9749 -2.02513 15.5
      vertex 29.682 -1.31802 15.5
      vertex 29.3548 -1.02145 15.5
    endloop
  endfacet
  facet normal 0 0 1
    outer loop
      vertex 29.9785 -1.64523 15.5
      vertex 29.2055 -2.27963 15.5
      vertex 29.4101 -2.55551 15.5
    endloop
  endfacet
  facet normal 0 0 1
    outer loop
      vertex 28.7204 -1.79446 15.5
      vertex 29.3548 -1.02145 15.5
      vertex 29.0001 -0.758392 15.5
    endloop
  endfacet
  facet normal 0 0 1
    outer loop
      vertex 29.682 -1.31802 15.5
      vertex 28.9749 -2.02513 15.5
      vertex 29.2055 -2.27963 15.5
    endloop
  endfacet
  facet normal 0 0 1
    outer loop
      vertex 29.3548 -1.02145 15.5
      vertex 28.7204 -1.79446 15.5
      vertex 28.9749 -2.02513 15.5
    endloop
  endfacet
  facet normal 0 0 1
    outer loop
      vertex 28.4445 -1.58986 15.5
      vertex 29.0001 -0.758392 15.5
      vertex 28.6213 -0.531357 15.5
    endloop
  endfacet
  facet normal 0 0 1
    outer loop
      vertex 29.0001 -0.758392 15.5
      vertex 28.4445 -1.58986 15.5
      vertex 28.7204 -1.79446 15.5
    endloop
  endfacet
  facet normal 0 0 1
    outer loop
      vertex 28.1499 -1.41328 15.5
      vertex 28.6213 -0.531357 15.5
      vertex 28.2221 -0.342545 15.5
    endloop
  endfacet
  facet normal 0 0 1
    outer loop
      vertex 28.6213 -0.531357 15.5
      vertex 28.1499 -1.41328 15.5
      vertex 28.4445 -1.58986 15.5
    endloop
  endfacet
  facet normal 0 0 1
    outer loop
      vertex 28.2221 -0.342545 15.5
      vertex 27.8394 -1.26643 15.5
      vertex 28.1499 -1.41328 15.5
    endloop
  endfacet
  facet normal 0 0 1
    outer loop
      vertex 27.8063 -0.193771 15.5
      vertex 27.8394 -1.26643 15.5
      vertex 28.2221 -0.342545 15.5
    endloop
  endfacet
  facet normal 0 0 1
    outer loop
      vertex 27.8063 -0.193771 15.5
      vertex 27.516 -1.15071 15.5
      vertex 27.8394 -1.26643 15.5
    endloop
  endfacet
  facet normal 0 0 1
    outer loop
      vertex 27.3779 -0.0864716 15.5
      vertex 27.516 -1.15071 15.5
      vertex 27.8063 -0.193771 15.5
    endloop
  endfacet
  facet normal 0 0 1
    outer loop
      vertex 27.3779 -0.0864716 15.5
      vertex 27.1828 -1.06726 15.5
      vertex 27.516 -1.15071 15.5
    endloop
  endfacet
  facet normal 0 0 1
    outer loop
      vertex 26.9411 -0.0216827 15.5
      vertex 27.1828 -1.06726 15.5
      vertex 27.3779 -0.0864716 15.5
    endloop
  endfacet
  facet normal 0 0 1
    outer loop
      vertex 26.9411 -0.0216827 15.5
      vertex 26.843 -1.01686 15.5
      vertex 27.1828 -1.06726 15.5
    endloop
  endfacet
  facet normal 0 0 1
    outer loop
      vertex 26.5 0 15.5
      vertex 26.843 -1.01686 15.5
      vertex 26.9411 -0.0216827 15.5
    endloop
  endfacet
  facet normal 0 0 1
    outer loop
      vertex 26.5 0 15.5
      vertex 26.5 -1 15.5
      vertex 26.843 -1.01686 15.5
    endloop
  endfacet
  facet normal -0 0 1
    outer loop
      vertex -26.5 0 15.5
      vertex 26.5 -1 15.5
      vertex 26.5 0 15.5
    endloop
  endfacet
  facet normal 0 0 1
    outer loop
      vertex -26.5 0 15.5
      vertex -26.5 -1 15.5
      vertex 26.5 -1 15.5
    endloop
  endfacet
  facet normal 0 0 1
    outer loop
      vertex -26.5 0 15.5
      vertex -26.843 -1.01686 15.5
      vertex -26.5 -1 15.5
    endloop
  endfacet
  facet normal -0 0 1
    outer loop
      vertex -26.9411 -0.0216827 15.5
      vertex -26.843 -1.01686 15.5
      vertex -26.5 0 15.5
    endloop
  endfacet
  facet normal 0 0 1
    outer loop
      vertex -26.9411 -0.0216827 15.5
      vertex -27.1828 -1.06726 15.5
      vertex -26.843 -1.01686 15.5
    endloop
  endfacet
  facet normal -0 0 1
    outer loop
      vertex -27.3779 -0.0864716 15.5
      vertex -27.1828 -1.06726 15.5
      vertex -26.9411 -0.0216827 15.5
    endloop
  endfacet
  facet normal 0 0 1
    outer loop
      vertex -27.3779 -0.0864716 15.5
      vertex -27.516 -1.15071 15.5
      vertex -27.1828 -1.06726 15.5
    endloop
  endfacet
  facet normal -0 0 1
    outer loop
      vertex -27.8063 -0.193771 15.5
      vertex -27.516 -1.15071 15.5
      vertex -27.3779 -0.0864716 15.5
    endloop
  endfacet
  facet normal 0 0 1
    outer loop
      vertex -27.8063 -0.193771 15.5
      vertex -27.8394 -1.26643 15.5
      vertex -27.516 -1.15071 15.5
    endloop
  endfacet
  facet normal -0 0 1
    outer loop
      vertex -28.2221 -0.342545 15.5
      vertex -27.8394 -1.26643 15.5
      vertex -27.8063 -0.193771 15.5
    endloop
  endfacet
  facet normal 0 0 1
    outer loop
      vertex -27.8394 -1.26643 15.5
      vertex -28.2221 -0.342545 15.5
      vertex -28.1499 -1.41328 15.5
    endloop
  endfacet
  facet normal -0 0 1
    outer loop
      vertex -28.6213 -0.531357 15.5
      vertex -28.1499 -1.41328 15.5
      vertex -28.2221 -0.342545 15.5
    endloop
  endfacet
  facet normal 0 0 1
    outer loop
      vertex -28.1499 -1.41328 15.5
      vertex -28.6213 -0.531357 15.5
      vertex -28.4445 -1.58986 15.5
    endloop
  endfacet
  facet normal -0 0 1
    outer loop
      vertex -29.0001 -0.758392 15.5
      vertex -28.4445 -1.58986 15.5
      vertex -28.6213 -0.531357 15.5
    endloop
  endfacet
  facet normal 0 0 1
    outer loop
      vertex -28.4445 -1.58986 15.5
      vertex -29.0001 -0.758392 15.5
      vertex -28.7204 -1.79446 15.5
    endloop
  endfacet
  facet normal -0 0 1
    outer loop
      vertex -29.3548 -1.02145 15.5
      vertex -28.7204 -1.79446 15.5
      vertex -29.0001 -0.758392 15.5
    endloop
  endfacet
  facet normal 0 0 1
    outer loop
      vertex -28.7204 -1.79446 15.5
      vertex -29.3548 -1.02145 15.5
      vertex -28.9749 -2.02513 15.5
    endloop
  endfacet
  facet normal -0 0 1
    outer loop
      vertex -29.682 -1.31802 15.5
      vertex -28.9749 -2.02513 15.5
      vertex -29.3548 -1.02145 15.5
    endloop
  endfacet
  facet normal 0 0 1
    outer loop
      vertex -28.9749 -2.02513 15.5
      vertex -29.682 -1.31802 15.5
      vertex -29.2055 -2.27963 15.5
    endloop
  endfacet
  facet normal -0 0 1
    outer loop
      vertex -29.9785 -1.64523 15.5
      vertex -29.2055 -2.27963 15.5
      vertex -29.682 -1.31802 15.5
    endloop
  endfacet
  facet normal 0 0 1
    outer loop
      vertex -29.2055 -2.27963 15.5
      vertex -29.9785 -1.64523 15.5
      vertex -29.4101 -2.55551 15.5
    endloop
  endfacet
  facet normal -0 0 1
    outer loop
      vertex -30.2416 -1.99994 15.5
      vertex -29.4101 -2.55551 15.5
      vertex -29.9785 -1.64523 15.5
    endloop
  endfacet
  facet normal 0 0 1
    outer loop
      vertex -29.4101 -2.55551 15.5
      vertex -30.2416 -1.99994 15.5
      vertex -29.5867 -2.85011 15.5
    endloop
  endfacet
  facet normal -0 0 1
    outer loop
      vertex -30.4686 -2.37872 15.5
      vertex -29.5867 -2.85011 15.5
      vertex -30.2416 -1.99994 15.5
    endloop
  endfacet
  facet normal 0 0 1
    outer loop
      vertex -29.5867 -2.85011 15.5
      vertex -30.4686 -2.37872 15.5
      vertex -29.7336 -3.16061 15.5
    endloop
  endfacet
  facet normal -0 0 1
    outer loop
      vertex -30.6575 -2.77794 15.5
      vertex -29.7336 -3.16061 15.5
      vertex -30.4686 -2.37872 15.5
    endloop
  endfacet
  facet normal 0 0 1
    outer loop
      vertex -29.7336 -3.16061 15.5
      vertex -30.6575 -2.77794 15.5
      vertex -29.8493 -3.48401 15.5
    endloop
  endfacet
  facet normal 0 0 1
    outer loop
      vertex -29.8493 -3.48401 15.5
      vertex -30.8062 -3.19373 15.5
      vertex -29.9327 -3.81718 15.5
    endloop
  endfacet
  facet normal -0 0 1
    outer loop
      vertex -30.8062 -3.19373 15.5
      vertex -29.8493 -3.48401 15.5
      vertex -30.6575 -2.77794 15.5
    endloop
  endfacet
  facet normal -0 0 1
    outer loop
      vertex 29.8493 -36.516 15.5
      vertex 30.8062 -36.8063 15.5
      vertex 29.9327 -36.1828 15.5
    endloop
  endfacet
  facet normal 0 0 1
    outer loop
      vertex 30.8062 -36.8063 15.5
      vertex 29.8493 -36.516 15.5
      vertex 30.6575 -37.2221 15.5
    endloop
  endfacet
  facet normal -0 0 1
    outer loop
      vertex 29.7336 -36.8394 15.5
      vertex 30.6575 -37.2221 15.5
      vertex 29.8493 -36.516 15.5
    endloop
  endfacet
  facet normal 0 0 1
    outer loop
      vertex 30.6575 -37.2221 15.5
      vertex 29.7336 -36.8394 15.5
      vertex 30.4686 -37.6213 15.5
    endloop
  endfacet
  facet normal -0 0 1
    outer loop
      vertex 29.5867 -37.1499 15.5
      vertex 30.4686 -37.6213 15.5
      vertex 29.7336 -36.8394 15.5
    endloop
  endfacet
  facet normal 0 0 1
    outer loop
      vertex 30.4686 -37.6213 15.5
      vertex 29.5867 -37.1499 15.5
      vertex 30.2416 -38.0001 15.5
    endloop
  endfacet
  facet normal -0 0 1
    outer loop
      vertex 29.4101 -37.4445 15.5
      vertex 30.2416 -38.0001 15.5
      vertex 29.5867 -37.1499 15.5
    endloop
  endfacet
  facet normal 0 0 1
    outer loop
      vertex 30.2416 -38.0001 15.5
      vertex 29.4101 -37.4445 15.5
      vertex 29.9785 -38.3548 15.5
    endloop
  endfacet
  facet normal -0 0 1
    outer loop
      vertex 29.2055 -37.7204 15.5
      vertex 29.9785 -38.3548 15.5
      vertex 29.4101 -37.4445 15.5
    endloop
  endfacet
  facet normal 0 0 1
    outer loop
      vertex 29.9785 -38.3548 15.5
      vertex 29.2055 -37.7204 15.5
      vertex 29.682 -38.682 15.5
    endloop
  endfacet
  facet normal -0 0 1
    outer loop
      vertex 28.9749 -37.9749 15.5
      vertex 29.682 -38.682 15.5
      vertex 29.2055 -37.7204 15.5
    endloop
  endfacet
  facet normal 0 0 1
    outer loop
      vertex 29.682 -38.682 15.5
      vertex 28.9749 -37.9749 15.5
      vertex 29.3548 -38.9785 15.5
    endloop
  endfacet
  facet normal -0 0 1
    outer loop
      vertex 28.7204 -38.2055 15.5
      vertex 29.3548 -38.9785 15.5
      vertex 28.9749 -37.9749 15.5
    endloop
  endfacet
  facet normal 0 0 1
    outer loop
      vertex 29.3548 -38.9785 15.5
      vertex 28.7204 -38.2055 15.5
      vertex 29.0001 -39.2416 15.5
    endloop
  endfacet
  facet normal -0 0 1
    outer loop
      vertex 28.4445 -38.4101 15.5
      vertex 29.0001 -39.2416 15.5
      vertex 28.7204 -38.2055 15.5
    endloop
  endfacet
  facet normal 0 0 1
    outer loop
      vertex 29.0001 -39.2416 15.5
      vertex 28.4445 -38.4101 15.5
      vertex 28.6213 -39.4686 15.5
    endloop
  endfacet
  facet normal -0 0 1
    outer loop
      vertex 28.1499 -38.5867 15.5
      vertex 28.6213 -39.4686 15.5
      vertex 28.4445 -38.4101 15.5
    endloop
  endfacet
  facet normal 0 0 1
    outer loop
      vertex 28.6213 -39.4686 15.5
      vertex 28.1499 -38.5867 15.5
      vertex 28.2221 -39.6575 15.5
    endloop
  endfacet
  facet normal -0 0 1
    outer loop
      vertex 27.8394 -38.7336 15.5
      vertex 28.2221 -39.6575 15.5
      vertex 28.1499 -38.5867 15.5
    endloop
  endfacet
  facet normal 0 0 1
    outer loop
      vertex 27.8394 -38.7336 15.5
      vertex 27.8063 -39.8062 15.5
      vertex 28.2221 -39.6575 15.5
    endloop
  endfacet
  facet normal -0 0 1
    outer loop
      vertex 27.516 -38.8493 15.5
      vertex 27.8063 -39.8062 15.5
      vertex 27.8394 -38.7336 15.5
    endloop
  endfacet
  facet normal 0 0 1
    outer loop
      vertex 27.516 -38.8493 15.5
      vertex 27.3779 -39.9135 15.5
      vertex 27.8063 -39.8062 15.5
    endloop
  endfacet
  facet normal -0 0 1
    outer loop
      vertex 27.1828 -38.9327 15.5
      vertex 27.3779 -39.9135 15.5
      vertex 27.516 -38.8493 15.5
    endloop
  endfacet
  facet normal 0 0 1
    outer loop
      vertex 27.1828 -38.9327 15.5
      vertex 26.9411 -39.9783 15.5
      vertex 27.3779 -39.9135 15.5
    endloop
  endfacet
  facet normal -0 0 1
    outer loop
      vertex 26.843 -38.9831 15.5
      vertex 26.9411 -39.9783 15.5
      vertex 27.1828 -38.9327 15.5
    endloop
  endfacet
  facet normal -0 0 1
    outer loop
      vertex 26.5 -39 15.5
      vertex 26.9411 -39.9783 15.5
      vertex 26.843 -38.9831 15.5
    endloop
  endfacet
  facet normal 0 0 1
    outer loop
      vertex 26.5 -39 15.5
      vertex 26.5 -40 15.5
      vertex 26.9411 -39.9783 15.5
    endloop
  endfacet
  facet normal -0 0 1
    outer loop
      vertex -26.5 -39 15.5
      vertex 26.5 -40 15.5
      vertex 26.5 -39 15.5
    endloop
  endfacet
  facet normal 0 0 1
    outer loop
      vertex -26.5 -39 15.5
      vertex -26.5 -40 15.5
      vertex 26.5 -40 15.5
    endloop
  endfacet
  facet normal 0 0 1
    outer loop
      vertex -26.843 -38.9831 15.5
      vertex -26.5 -40 15.5
      vertex -26.5 -39 15.5
    endloop
  endfacet
  facet normal 0 0 1
    outer loop
      vertex -26.843 -38.9831 15.5
      vertex -26.9411 -39.9783 15.5
      vertex -26.5 -40 15.5
    endloop
  endfacet
  facet normal 0 0 1
    outer loop
      vertex -27.1828 -38.9327 15.5
      vertex -26.9411 -39.9783 15.5
      vertex -26.843 -38.9831 15.5
    endloop
  endfacet
  facet normal 0 0 1
    outer loop
      vertex -27.1828 -38.9327 15.5
      vertex -27.3779 -39.9135 15.5
      vertex -26.9411 -39.9783 15.5
    endloop
  endfacet
  facet normal 0 0 1
    outer loop
      vertex -27.516 -38.8493 15.5
      vertex -27.3779 -39.9135 15.5
      vertex -27.1828 -38.9327 15.5
    endloop
  endfacet
  facet normal 0 0 1
    outer loop
      vertex -27.516 -38.8493 15.5
      vertex -27.8063 -39.8062 15.5
      vertex -27.3779 -39.9135 15.5
    endloop
  endfacet
  facet normal 0 0 1
    outer loop
      vertex -27.8394 -38.7336 15.5
      vertex -27.8063 -39.8062 15.5
      vertex -27.516 -38.8493 15.5
    endloop
  endfacet
  facet normal 0 0 1
    outer loop
      vertex -28.2221 -39.6575 15.5
      vertex -27.8394 -38.7336 15.5
      vertex -28.1499 -38.5867 15.5
    endloop
  endfacet
  facet normal 0 0 1
    outer loop
      vertex -27.8394 -38.7336 15.5
      vertex -28.2221 -39.6575 15.5
      vertex -27.8063 -39.8062 15.5
    endloop
  endfacet
  facet normal 0 0 1
    outer loop
      vertex -28.6213 -39.4686 15.5
      vertex -28.1499 -38.5867 15.5
      vertex -28.4445 -38.4101 15.5
    endloop
  endfacet
  facet normal 0 0 1
    outer loop
      vertex -28.1499 -38.5867 15.5
      vertex -28.6213 -39.4686 15.5
      vertex -28.2221 -39.6575 15.5
    endloop
  endfacet
  facet normal 0 0 1
    outer loop
      vertex -29.0001 -39.2416 15.5
      vertex -28.4445 -38.4101 15.5
      vertex -28.7204 -38.2055 15.5
    endloop
  endfacet
  facet normal 0 0 1
    outer loop
      vertex -29.3548 -38.9785 15.5
      vertex -28.7204 -38.2055 15.5
      vertex -28.9749 -37.9749 15.5
    endloop
  endfacet
  facet normal 0 0 1
    outer loop
      vertex -28.4445 -38.4101 15.5
      vertex -29.0001 -39.2416 15.5
      vertex -28.6213 -39.4686 15.5
    endloop
  endfacet
  facet normal 0 0 1
    outer loop
      vertex -29.682 -38.682 15.5
      vertex -28.9749 -37.9749 15.5
      vertex -29.2055 -37.7204 15.5
    endloop
  endfacet
  facet normal 0 0 1
    outer loop
      vertex -28.7204 -38.2055 15.5
      vertex -29.3548 -38.9785 15.5
      vertex -29.0001 -39.2416 15.5
    endloop
  endfacet
  facet normal 0 0 1
    outer loop
      vertex -29.9785 -38.3548 15.5
      vertex -29.2055 -37.7204 15.5
      vertex -29.4101 -37.4445 15.5
    endloop
  endfacet
  facet normal 0 0 1
    outer loop
      vertex -30.2416 -38.0001 15.5
      vertex -29.4101 -37.4445 15.5
      vertex -29.5867 -37.1499 15.5
    endloop
  endfacet
  facet normal 0 0 1
    outer loop
      vertex -28.9749 -37.9749 15.5
      vertex -29.682 -38.682 15.5
      vertex -29.3548 -38.9785 15.5
    endloop
  endfacet
  facet normal 0 0 1
    outer loop
      vertex -30.4686 -37.6213 15.5
      vertex -29.5867 -37.1499 15.5
      vertex -29.7336 -36.8394 15.5
    endloop
  endfacet
  facet normal 0 0 1
    outer loop
      vertex -30.6575 -37.2221 15.5
      vertex -29.7336 -36.8394 15.5
      vertex -29.8493 -36.516 15.5
    endloop
  endfacet
  facet normal 0 0 1
    outer loop
      vertex -30.8062 -36.8063 15.5
      vertex -29.8493 -36.516 15.5
      vertex -29.9327 -36.1828 15.5
    endloop
  endfacet
  facet normal 0 0 1
    outer loop
      vertex -29.2055 -37.7204 15.5
      vertex -29.9785 -38.3548 15.5
      vertex -29.682 -38.682 15.5
    endloop
  endfacet
  facet normal 0 0 1
    outer loop
      vertex -30.9135 -36.3779 15.5
      vertex -29.9327 -36.1828 15.5
      vertex -29.9831 -35.843 15.5
    endloop
  endfacet
  facet normal 0 0 1
    outer loop
      vertex -30.9783 -35.9411 15.5
      vertex -29.9831 -35.843 15.5
      vertex -30 -35.5 15.5
    endloop
  endfacet
  facet normal 0 0 1
    outer loop
      vertex -29.4101 -37.4445 15.5
      vertex -30.2416 -38.0001 15.5
      vertex -29.9785 -38.3548 15.5
    endloop
  endfacet
  facet normal 0 0 1
    outer loop
      vertex -30 -4.5 15.5
      vertex -31 -4.5 15.5
      vertex -30 -35.5 15.5
    endloop
  endfacet
  facet normal -0 0 1
    outer loop
      vertex -30.9135 -3.6221 15.5
      vertex -29.9327 -3.81718 15.5
      vertex -30.8062 -3.19373 15.5
    endloop
  endfacet
  facet normal 0 0 1
    outer loop
      vertex -31 -35.5 15.5
      vertex -30 -35.5 15.5
      vertex -31 -4.5 15.5
    endloop
  endfacet
  facet normal 0 0 1
    outer loop
      vertex -29.9327 -3.81718 15.5
      vertex -30.9135 -3.6221 15.5
      vertex -29.9831 -4.15695 15.5
    endloop
  endfacet
  facet normal 0 -0 1
    outer loop
      vertex -30.9783 -35.9411 15.5
      vertex -30 -35.5 15.5
      vertex -31 -35.5 15.5
    endloop
  endfacet
  facet normal -0 0 1
    outer loop
      vertex -30.9783 -4.05893 15.5
      vertex -29.9831 -4.15695 15.5
      vertex -30.9135 -3.6221 15.5
    endloop
  endfacet
  facet normal 0 0 1
    outer loop
      vertex -29.5867 -37.1499 15.5
      vertex -30.4686 -37.6213 15.5
      vertex -30.2416 -38.0001 15.5
    endloop
  endfacet
  facet normal 0 0 1
    outer loop
      vertex -29.9831 -4.15695 15.5
      vertex -30.9783 -4.05893 15.5
      vertex -30 -4.5 15.5
    endloop
  endfacet
  facet normal 0 0 1
    outer loop
      vertex -29.7336 -36.8394 15.5
      vertex -30.6575 -37.2221 15.5
      vertex -30.4686 -37.6213 15.5
    endloop
  endfacet
  facet normal 0 0 1
    outer loop
      vertex -30 -4.5 15.5
      vertex -30.9783 -4.05893 15.5
      vertex -31 -4.5 15.5
    endloop
  endfacet
  facet normal 0 0 1
    outer loop
      vertex -29.8493 -36.516 15.5
      vertex -30.8062 -36.8063 15.5
      vertex -30.6575 -37.2221 15.5
    endloop
  endfacet
  facet normal 0 0 1
    outer loop
      vertex -29.9327 -36.1828 15.5
      vertex -30.9135 -36.3779 15.5
      vertex -30.8062 -36.8063 15.5
    endloop
  endfacet
  facet normal 0 0 1
    outer loop
      vertex -29.9831 -35.843 15.5
      vertex -30.9783 -35.9411 15.5
      vertex -30.9135 -36.3779 15.5
    endloop
  endfacet
  facet normal 0 1 0
    outer loop
      vertex 19.5646 0 9.93541
      vertex 26.5 0 15.5
      vertex 19.7074 0 9.97118
    endloop
  endfacet
  facet normal 0 1 0
    outer loop
      vertex -26.5 0 15.5
      vertex -19.853 0 9.99278
      vertex -20 0 10
    endloop
  endfacet
  facet normal 0 1 0
    outer loop
      vertex 19.426 0 9.88582
      vertex 26.5 0 15.5
      vertex 19.5646 0 9.93541
    endloop
  endfacet
  facet normal 0 1 0
    outer loop
      vertex -26.5 0 15.5
      vertex -19.7074 0 9.97118
      vertex -19.853 0 9.99278
    endloop
  endfacet
  facet normal 0 1 0
    outer loop
      vertex 19.2929 0 9.82288
      vertex 26.5 0 15.5
      vertex 19.426 0 9.88582
    endloop
  endfacet
  facet normal 0 1 0
    outer loop
      vertex -26.5 0 15.5
      vertex -19.5646 0 9.93541
      vertex -19.7074 0 9.97118
    endloop
  endfacet
  facet normal 0 1 0
    outer loop
      vertex 26.5 0 15.5
      vertex 19.2929 0 9.82288
      vertex -26.5 0 15.5
    endloop
  endfacet
  facet normal 0 1 0
    outer loop
      vertex -26.5 0 15.5
      vertex -19.426 0 9.88582
      vertex -19.5646 0 9.93541
    endloop
  endfacet
  facet normal 0 1 -0
    outer loop
      vertex -19.2929 0 9.82288
      vertex -26.5 0 15.5
      vertex 19.2929 0 9.82288
    endloop
  endfacet
  facet normal 0 1 0
    outer loop
      vertex -26.5 0 15.5
      vertex -19.2929 0 9.82288
      vertex -19.426 0 9.88582
    endloop
  endfacet
  facet normal 0 1 -0
    outer loop
      vertex 19.1666 0 9.7472
      vertex -19.2929 0 9.82288
      vertex 19.2929 0 9.82288
    endloop
  endfacet
  facet normal 0 1 0
    outer loop
      vertex 19.1666 0 9.7472
      vertex -19.1666 0 9.7472
      vertex -19.2929 0 9.82288
    endloop
  endfacet
  facet normal 0 1 -0
    outer loop
      vertex 19.0484 0 9.65952
      vertex -19.1666 0 9.7472
      vertex 19.1666 0 9.7472
    endloop
  endfacet
  facet normal 0 1 0
    outer loop
      vertex 19.0484 0 9.65952
      vertex -19.0484 0 9.65952
      vertex -19.1666 0 9.7472
    endloop
  endfacet
  facet normal 0 1 -0
    outer loop
      vertex 18.9393 0 9.56066
      vertex -19.0484 0 9.65952
      vertex 19.0484 0 9.65952
    endloop
  endfacet
  facet normal 0 1 0
    outer loop
      vertex 18.9393 0 9.56066
      vertex -18.9393 0 9.56066
      vertex -19.0484 0 9.65952
    endloop
  endfacet
  facet normal 0 1 -0
    outer loop
      vertex 18.8405 0 9.45159
      vertex -18.9393 0 9.56066
      vertex 18.9393 0 9.56066
    endloop
  endfacet
  facet normal 0 1 0
    outer loop
      vertex 18.8405 0 9.45159
      vertex -18.8405 0 9.45159
      vertex -18.9393 0 9.56066
    endloop
  endfacet
  facet normal 0 1 -0
    outer loop
      vertex 18.7528 0 9.33335
      vertex -18.8405 0 9.45159
      vertex 18.8405 0 9.45159
    endloop
  endfacet
  facet normal 0 1 0
    outer loop
      vertex 18.7528 0 9.33335
      vertex -18.7528 0 9.33335
      vertex -18.8405 0 9.45159
    endloop
  endfacet
  facet normal 0 1 -0
    outer loop
      vertex 18.6771 0 9.20709
      vertex -18.7528 0 9.33335
      vertex 18.7528 0 9.33335
    endloop
  endfacet
  facet normal 0 1 0
    outer loop
      vertex 18.6771 0 9.20709
      vertex -18.6771 0 9.20709
      vertex -18.7528 0 9.33335
    endloop
  endfacet
  facet normal 0 1 -0
    outer loop
      vertex 18.6142 0 9.07402
      vertex -18.6771 0 9.20709
      vertex 18.6771 0 9.20709
    endloop
  endfacet
  facet normal 0 1 0
    outer loop
      vertex 18.6142 0 9.07402
      vertex -18.6142 0 9.07402
      vertex -18.6771 0 9.20709
    endloop
  endfacet
  facet normal 0 1 -0
    outer loop
      vertex 18.5646 0 8.93543
      vertex -18.6142 0 9.07402
      vertex 18.6142 0 9.07402
    endloop
  endfacet
  facet normal 0 1 0
    outer loop
      vertex 18.5646 0 8.93543
      vertex -18.5646 0 8.93543
      vertex -18.6142 0 9.07402
    endloop
  endfacet
  facet normal 0 1 -0
    outer loop
      vertex 18.5288 0 8.79263
      vertex -18.5646 0 8.93543
      vertex 18.5646 0 8.93543
    endloop
  endfacet
  facet normal 0 1 0
    outer loop
      vertex 18.5288 0 8.79263
      vertex -18.5288 0 8.79263
      vertex -18.5646 0 8.93543
    endloop
  endfacet
  facet normal 0 1 -0
    outer loop
      vertex 18.5072 0 8.64703
      vertex -18.5288 0 8.79263
      vertex 18.5288 0 8.79263
    endloop
  endfacet
  facet normal 0 1 0
    outer loop
      vertex 18.5072 0 8.64703
      vertex -18.5072 0 8.64703
      vertex -18.5288 0 8.79263
    endloop
  endfacet
  facet normal 0 1 -0
    outer loop
      vertex 18.5 0 8.5
      vertex -18.5072 0 8.64703
      vertex 18.5072 0 8.64703
    endloop
  endfacet
  facet normal 0 1 0
    outer loop
      vertex 18.5 0 8.5
      vertex -18.5 0 8.5
      vertex -18.5072 0 8.64703
    endloop
  endfacet
  facet normal 0 1 0
    outer loop
      vertex 18.5072 0 8.35297
      vertex -18.5 0 8.5
      vertex 18.5 0 8.5
    endloop
  endfacet
  facet normal 0 1 0
    outer loop
      vertex 18.5072 0 8.35297
      vertex -18.5072 0 8.35297
      vertex -18.5 0 8.5
    endloop
  endfacet
  facet normal 0 1 0
    outer loop
      vertex 18.5288 0 8.20737
      vertex -18.5072 0 8.35297
      vertex 18.5072 0 8.35297
    endloop
  endfacet
  facet normal 0 1 0
    outer loop
      vertex 18.5288 0 8.20737
      vertex -18.5288 0 8.20737
      vertex -18.5072 0 8.35297
    endloop
  endfacet
  facet normal 0 1 0
    outer loop
      vertex 18.5646 0 8.06457
      vertex -18.5288 0 8.20737
      vertex 18.5288 0 8.20737
    endloop
  endfacet
  facet normal 0 1 0
    outer loop
      vertex 18.5646 0 8.06457
      vertex -18.5646 0 8.06457
      vertex -18.5288 0 8.20737
    endloop
  endfacet
  facet normal 0 1 0
    outer loop
      vertex 18.6142 0 7.92598
      vertex -18.5646 0 8.06457
      vertex 18.5646 0 8.06457
    endloop
  endfacet
  facet normal 0 1 0
    outer loop
      vertex 18.6142 0 7.92598
      vertex -18.6142 0 7.92598
      vertex -18.5646 0 8.06457
    endloop
  endfacet
  facet normal 0 1 0
    outer loop
      vertex 18.6771 0 7.79291
      vertex -18.6142 0 7.92598
      vertex 18.6142 0 7.92598
    endloop
  endfacet
  facet normal 0 1 0
    outer loop
      vertex 18.6771 0 7.79291
      vertex -18.6771 0 7.79291
      vertex -18.6142 0 7.92598
    endloop
  endfacet
  facet normal 0 1 0
    outer loop
      vertex 18.7528 0 7.66665
      vertex -18.6771 0 7.79291
      vertex 18.6771 0 7.79291
    endloop
  endfacet
  facet normal 0 1 0
    outer loop
      vertex 18.7528 0 7.66665
      vertex -18.7528 0 7.66665
      vertex -18.6771 0 7.79291
    endloop
  endfacet
  facet normal 0 1 0
    outer loop
      vertex 18.8405 0 7.54841
      vertex -18.7528 0 7.66665
      vertex 18.7528 0 7.66665
    endloop
  endfacet
  facet normal 0 1 0
    outer loop
      vertex 18.8405 0 7.54841
      vertex -18.8405 0 7.54841
      vertex -18.7528 0 7.66665
    endloop
  endfacet
  facet normal 0 1 0
    outer loop
      vertex 18.9393 0 7.43934
      vertex -18.8405 0 7.54841
      vertex 18.8405 0 7.54841
    endloop
  endfacet
  facet normal 0 1 0
    outer loop
      vertex 18.9393 0 7.43934
      vertex -18.9393 0 7.43934
      vertex -18.8405 0 7.54841
    endloop
  endfacet
  facet normal 0 1 0
    outer loop
      vertex 19.0484 0 7.34048
      vertex -18.9393 0 7.43934
      vertex 18.9393 0 7.43934
    endloop
  endfacet
  facet normal 0 1 0
    outer loop
      vertex 19.0484 0 7.34048
      vertex -19.0484 0 7.34048
      vertex -18.9393 0 7.43934
    endloop
  endfacet
  facet normal 0 1 0
    outer loop
      vertex 19.1666 0 7.2528
      vertex -19.0484 0 7.34048
      vertex 19.0484 0 7.34048
    endloop
  endfacet
  facet normal 0 1 0
    outer loop
      vertex 19.1666 0 7.2528
      vertex -19.1666 0 7.2528
      vertex -19.0484 0 7.34048
    endloop
  endfacet
  facet normal 0 1 0
    outer loop
      vertex 26.5 0 1.2
      vertex 19.1666 0 7.2528
      vertex 19.2929 0 7.17712
    endloop
  endfacet
  facet normal 0 1 0
    outer loop
      vertex 19.1666 0 7.2528
      vertex 26.5 0 1.2
      vertex -19.1666 0 7.2528
    endloop
  endfacet
  facet normal 0 1 0
    outer loop
      vertex 26.5 0 1.2
      vertex 19.2929 0 7.17712
      vertex 19.426 0 7.11418
    endloop
  endfacet
  facet normal 0 1 0
    outer loop
      vertex -26.5 0 1.2
      vertex -19.1666 0 7.2528
      vertex 26.5 0 1.2
    endloop
  endfacet
  facet normal 0 1 0
    outer loop
      vertex 26.5 0 1.2
      vertex 19.426 0 7.11418
      vertex 19.5646 0 7.06459
    endloop
  endfacet
  facet normal 0 1 0
    outer loop
      vertex -19.1666 0 7.2528
      vertex -26.5 0 1.2
      vertex -19.2929 0 7.17712
    endloop
  endfacet
  facet normal 0 1 0
    outer loop
      vertex 26.5 0 1.2
      vertex 19.5646 0 7.06459
      vertex 19.7074 0 7.02882
    endloop
  endfacet
  facet normal 0 1 0
    outer loop
      vertex -19.2929 0 7.17712
      vertex -26.5 0 1.2
      vertex -19.426 0 7.11418
    endloop
  endfacet
  facet normal 0 1 0
    outer loop
      vertex 26.5 0 1.2
      vertex 19.7074 0 7.02882
      vertex 19.853 0 7.00722
    endloop
  endfacet
  facet normal 0 1 0
    outer loop
      vertex -19.426 0 7.11418
      vertex -26.5 0 1.2
      vertex -19.5646 0 7.06459
    endloop
  endfacet
  facet normal 0 1 0
    outer loop
      vertex 26.5 0 1.2
      vertex 19.853 0 7.00722
      vertex 20 0 7
    endloop
  endfacet
  facet normal 0 1 0
    outer loop
      vertex -19.5646 0 7.06459
      vertex -26.5 0 1.2
      vertex -19.7074 0 7.02882
    endloop
  endfacet
  facet normal 0 1 0
    outer loop
      vertex 19.853 0 9.99278
      vertex 26.5 0 15.5
      vertex 20 0 10
    endloop
  endfacet
  facet normal 0 1 0
    outer loop
      vertex 26.5 0 15.5
      vertex 20.147 0 9.99278
      vertex 20 0 10
    endloop
  endfacet
  facet normal 0 1 0
    outer loop
      vertex 26.5 0 15.5
      vertex 20.2926 0 9.97118
      vertex 20.147 0 9.99278
    endloop
  endfacet
  facet normal 0 1 0
    outer loop
      vertex 26.5 0 15.5
      vertex 20.4354 0 9.93541
      vertex 20.2926 0 9.97118
    endloop
  endfacet
  facet normal 0 1 0
    outer loop
      vertex 26.5 0 15.5
      vertex 20.574 0 9.88582
      vertex 20.4354 0 9.93541
    endloop
  endfacet
  facet normal 0 1 0
    outer loop
      vertex 26.5 0 15.5
      vertex 20.7071 0 9.82288
      vertex 20.574 0 9.88582
    endloop
  endfacet
  facet normal 0 1 0
    outer loop
      vertex 26.5 0 15.5
      vertex 20.8334 0 9.7472
      vertex 20.7071 0 9.82288
    endloop
  endfacet
  facet normal 0 1 0
    outer loop
      vertex 26.5 0 15.5
      vertex 20.9516 0 9.65952
      vertex 20.8334 0 9.7472
    endloop
  endfacet
  facet normal 0 1 0
    outer loop
      vertex 26.5 0 15.5
      vertex 21.0607 0 9.56066
      vertex 20.9516 0 9.65952
    endloop
  endfacet
  facet normal 0 1 0
    outer loop
      vertex 26.5 0 15.5
      vertex 21.1595 0 9.45159
      vertex 21.0607 0 9.56066
    endloop
  endfacet
  facet normal 0 1 0
    outer loop
      vertex 26.5 0 15.5
      vertex 21.2472 0 9.33335
      vertex 21.1595 0 9.45159
    endloop
  endfacet
  facet normal 0 1 0
    outer loop
      vertex 26.5 0 15.5
      vertex 21.3229 0 9.20709
      vertex 21.2472 0 9.33335
    endloop
  endfacet
  facet normal 0 1 0
    outer loop
      vertex 26.5 0 15.5
      vertex 21.3858 0 9.07402
      vertex 21.3229 0 9.20709
    endloop
  endfacet
  facet normal 0 1 0
    outer loop
      vertex 26.5 0 15.5
      vertex 21.4354 0 8.93543
      vertex 21.3858 0 9.07402
    endloop
  endfacet
  facet normal 0 1 0
    outer loop
      vertex 26.5 0 15.5
      vertex 21.4712 0 8.79263
      vertex 21.4354 0 8.93543
    endloop
  endfacet
  facet normal 0 1 0
    outer loop
      vertex 26.5 0 15.5
      vertex 21.4928 0 8.64703
      vertex 21.4712 0 8.79263
    endloop
  endfacet
  facet normal 0 1 0
    outer loop
      vertex 26.5 0 15.5
      vertex 21.5 0 8.5
      vertex 21.4928 0 8.64703
    endloop
  endfacet
  facet normal 0 1 -0
    outer loop
      vertex 26.5 0 1.2
      vertex 21.5 0 8.5
      vertex 26.5 0 15.5
    endloop
  endfacet
  facet normal 0 1 0
    outer loop
      vertex 21.5 0 8.5
      vertex 26.5 0 1.2
      vertex 21.4928 0 8.35297
    endloop
  endfacet
  facet normal 0 1 0
    outer loop
      vertex 21.4928 0 8.35297
      vertex 26.5 0 1.2
      vertex 21.4712 0 8.20737
    endloop
  endfacet
  facet normal 0 1 0
    outer loop
      vertex 21.4712 0 8.20737
      vertex 26.5 0 1.2
      vertex 21.4354 0 8.06457
    endloop
  endfacet
  facet normal 0 1 0
    outer loop
      vertex 21.4354 0 8.06457
      vertex 26.5 0 1.2
      vertex 21.3858 0 7.92598
    endloop
  endfacet
  facet normal 0 1 0
    outer loop
      vertex 21.3858 0 7.92598
      vertex 26.5 0 1.2
      vertex 21.3229 0 7.79291
    endloop
  endfacet
  facet normal 0 1 0
    outer loop
      vertex -19.7074 0 7.02882
      vertex -26.5 0 1.2
      vertex -19.853 0 7.00722
    endloop
  endfacet
  facet normal 0 1 0
    outer loop
      vertex 20.147 0 7.00722
      vertex 26.5 0 1.2
      vertex 20 0 7
    endloop
  endfacet
  facet normal 0 1 0
    outer loop
      vertex 20.2926 0 7.02882
      vertex 26.5 0 1.2
      vertex 20.147 0 7.00722
    endloop
  endfacet
  facet normal 0 1 0
    outer loop
      vertex 20.4354 0 7.06459
      vertex 26.5 0 1.2
      vertex 20.2926 0 7.02882
    endloop
  endfacet
  facet normal 0 1 0
    outer loop
      vertex 20.574 0 7.11418
      vertex 26.5 0 1.2
      vertex 20.4354 0 7.06459
    endloop
  endfacet
  facet normal 0 1 0
    outer loop
      vertex 20.7071 0 7.17712
      vertex 26.5 0 1.2
      vertex 20.574 0 7.11418
    endloop
  endfacet
  facet normal 0 1 0
    outer loop
      vertex 20.8334 0 7.2528
      vertex 26.5 0 1.2
      vertex 20.7071 0 7.17712
    endloop
  endfacet
  facet normal 0 1 0
    outer loop
      vertex 20.9516 0 7.34048
      vertex 26.5 0 1.2
      vertex 20.8334 0 7.2528
    endloop
  endfacet
  facet normal 0 1 0
    outer loop
      vertex 21.0607 0 7.43934
      vertex 26.5 0 1.2
      vertex 20.9516 0 7.34048
    endloop
  endfacet
  facet normal 0 1 0
    outer loop
      vertex 21.1595 0 7.54841
      vertex 26.5 0 1.2
      vertex 21.0607 0 7.43934
    endloop
  endfacet
  facet normal 0 1 0
    outer loop
      vertex 21.2472 0 7.66665
      vertex 26.5 0 1.2
      vertex 21.1595 0 7.54841
    endloop
  endfacet
  facet normal 0 1 0
    outer loop
      vertex 21.3229 0 7.79291
      vertex 26.5 0 1.2
      vertex 21.2472 0 7.66665
    endloop
  endfacet
  facet normal 0 1 0
    outer loop
      vertex 19.7074 0 9.97118
      vertex 26.5 0 15.5
      vertex 19.853 0 9.99278
    endloop
  endfacet
  facet normal 0 1 -0
    outer loop
      vertex -20.147 0 9.99278
      vertex -26.5 0 15.5
      vertex -20 0 10
    endloop
  endfacet
  facet normal 0 1 -0
    outer loop
      vertex -20.2926 0 9.97118
      vertex -26.5 0 15.5
      vertex -20.147 0 9.99278
    endloop
  endfacet
  facet normal 0 1 -0
    outer loop
      vertex -20.4354 0 9.93541
      vertex -26.5 0 15.5
      vertex -20.2926 0 9.97118
    endloop
  endfacet
  facet normal 0 1 -0
    outer loop
      vertex -20.574 0 9.88582
      vertex -26.5 0 15.5
      vertex -20.4354 0 9.93541
    endloop
  endfacet
  facet normal 0 1 -0
    outer loop
      vertex -20.7071 0 9.82288
      vertex -26.5 0 15.5
      vertex -20.574 0 9.88582
    endloop
  endfacet
  facet normal 0 1 -0
    outer loop
      vertex -20.8334 0 9.7472
      vertex -26.5 0 15.5
      vertex -20.7071 0 9.82288
    endloop
  endfacet
  facet normal 0 1 -0
    outer loop
      vertex -20.9516 0 9.65952
      vertex -26.5 0 15.5
      vertex -20.8334 0 9.7472
    endloop
  endfacet
  facet normal 0 1 -0
    outer loop
      vertex -21.0607 0 9.56066
      vertex -26.5 0 15.5
      vertex -20.9516 0 9.65952
    endloop
  endfacet
  facet normal 0 1 -0
    outer loop
      vertex -21.1595 0 9.45159
      vertex -26.5 0 15.5
      vertex -21.0607 0 9.56066
    endloop
  endfacet
  facet normal 0 1 -0
    outer loop
      vertex -21.2472 0 9.33335
      vertex -26.5 0 15.5
      vertex -21.1595 0 9.45159
    endloop
  endfacet
  facet normal 0 1 -0
    outer loop
      vertex -21.3229 0 9.20709
      vertex -26.5 0 15.5
      vertex -21.2472 0 9.33335
    endloop
  endfacet
  facet normal 0 1 -0
    outer loop
      vertex -21.3858 0 9.07402
      vertex -26.5 0 15.5
      vertex -21.3229 0 9.20709
    endloop
  endfacet
  facet normal 0 1 -0
    outer loop
      vertex -21.4354 0 8.93543
      vertex -26.5 0 15.5
      vertex -21.3858 0 9.07402
    endloop
  endfacet
  facet normal 0 1 -0
    outer loop
      vertex -21.4712 0 8.79263
      vertex -26.5 0 15.5
      vertex -21.4354 0 8.93543
    endloop
  endfacet
  facet normal 0 1 -0
    outer loop
      vertex -21.4928 0 8.64703
      vertex -26.5 0 15.5
      vertex -21.4712 0 8.79263
    endloop
  endfacet
  facet normal 0 1 -0
    outer loop
      vertex -21.5 0 8.5
      vertex -26.5 0 15.5
      vertex -21.4928 0 8.64703
    endloop
  endfacet
  facet normal 0 1 0
    outer loop
      vertex -26.5 0 1.2
      vertex -21.5 0 8.5
      vertex -21.4928 0 8.35297
    endloop
  endfacet
  facet normal 0 1 0
    outer loop
      vertex -26.5 0 1.2
      vertex -21.4928 0 8.35297
      vertex -21.4712 0 8.20737
    endloop
  endfacet
  facet normal 0 1 0
    outer loop
      vertex -26.5 0 1.2
      vertex -21.4712 0 8.20737
      vertex -21.4354 0 8.06457
    endloop
  endfacet
  facet normal 0 1 0
    outer loop
      vertex -26.5 0 1.2
      vertex -21.4354 0 8.06457
      vertex -21.3858 0 7.92598
    endloop
  endfacet
  facet normal 0 1 0
    outer loop
      vertex -26.5 0 1.2
      vertex -21.3858 0 7.92598
      vertex -21.3229 0 7.79291
    endloop
  endfacet
  facet normal 0 1 0
    outer loop
      vertex -26.5 0 1.2
      vertex -21.3229 0 7.79291
      vertex -21.2472 0 7.66665
    endloop
  endfacet
  facet normal 0 1 0
    outer loop
      vertex -19.853 0 7.00722
      vertex -26.5 0 1.2
      vertex -20 0 7
    endloop
  endfacet
  facet normal 0 1 0
    outer loop
      vertex -21.5 0 8.5
      vertex -26.5 0 1.2
      vertex -26.5 0 15.5
    endloop
  endfacet
  facet normal 0 1 0
    outer loop
      vertex -21.1595 0 7.54841
      vertex -26.5 0 1.2
      vertex -21.2472 0 7.66665
    endloop
  endfacet
  facet normal 0 1 0
    outer loop
      vertex -21.0607 0 7.43934
      vertex -26.5 0 1.2
      vertex -21.1595 0 7.54841
    endloop
  endfacet
  facet normal 0 1 0
    outer loop
      vertex -20.9516 0 7.34048
      vertex -26.5 0 1.2
      vertex -21.0607 0 7.43934
    endloop
  endfacet
  facet normal 0 1 0
    outer loop
      vertex -20.8334 0 7.2528
      vertex -26.5 0 1.2
      vertex -20.9516 0 7.34048
    endloop
  endfacet
  facet normal 0 1 0
    outer loop
      vertex -20.7071 0 7.17712
      vertex -26.5 0 1.2
      vertex -20.8334 0 7.2528
    endloop
  endfacet
  facet normal 0 1 0
    outer loop
      vertex -20.574 0 7.11418
      vertex -26.5 0 1.2
      vertex -20.7071 0 7.17712
    endloop
  endfacet
  facet normal 0 1 0
    outer loop
      vertex -20.4354 0 7.06459
      vertex -26.5 0 1.2
      vertex -20.574 0 7.11418
    endloop
  endfacet
  facet normal 0 1 0
    outer loop
      vertex -20.2926 0 7.02882
      vertex -26.5 0 1.2
      vertex -20.4354 0 7.06459
    endloop
  endfacet
  facet normal 0 1 0
    outer loop
      vertex -20.147 0 7.00722
      vertex -26.5 0 1.2
      vertex -20.2926 0 7.02882
    endloop
  endfacet
  facet normal 0 1 0
    outer loop
      vertex -20 0 7
      vertex -26.5 0 1.2
      vertex -20.147 0 7.00722
    endloop
  endfacet
  facet normal 0.0490967 0.998794 -0
    outer loop
      vertex 26.9411 -0.0216827 1.2
      vertex 26.5 0 15.5
      vertex 26.9411 -0.0216827 15.5
    endloop
  endfacet
  facet normal 0.0490967 0.998794 0
    outer loop
      vertex 26.5 0 15.5
      vertex 26.9411 -0.0216827 1.2
      vertex 26.5 0 1.2
    endloop
  endfacet
  facet normal 0.998792 0.0491391 0
    outer loop
      vertex 31 -4.5 15.5
      vertex 30.9783 -4.05893 1.2
      vertex 30.9783 -4.05893 15.5
    endloop
  endfacet
  facet normal 0.998792 0.0491391 0
    outer loop
      vertex 30.9783 -4.05893 1.2
      vertex 31 -4.5 15.5
      vertex 31 -4.5 1.2
    endloop
  endfacet
  facet normal 0.706683 0.0347678 -0.706675
    outer loop
      vertex 29.7841 -4.17654 0
      vertex 30.9783 -4.05893 1.2
      vertex 31 -4.5 1.2
    endloop
  endfacet
  facet normal -0.63954 -0.302628 -0.706685
    outer loop
      vertex -30.6575 -37.2221 1.2
      vertex -29.4103 -37.0556 0
      vertex -30.4686 -37.6213 1.2
    endloop
  endfacet
  facet normal -0.666172 -0.238371 -0.706678
    outer loop
      vertex -30.8062 -36.8063 1.2
      vertex -29.6579 -36.4579 0
      vertex -29.5488 -36.7628 0
    endloop
  endfacet
  facet normal -0.427726 -0.903908 0
    outer loop
      vertex -28.6213 -39.4686 1.2
      vertex -28.2221 -39.6575 15.5
      vertex -28.6213 -39.4686 15.5
    endloop
  endfacet
  facet normal -0.427726 -0.903908 -0
    outer loop
      vertex -28.2221 -39.6575 15.5
      vertex -28.6213 -39.4686 1.2
      vertex -28.2221 -39.6575 1.2
    endloop
  endfacet
  facet normal -0.238371 -0.666172 -0.706678
    outer loop
      vertex -27.8063 -39.8062 1.2
      vertex -27.7628 -38.5488 0
      vertex -27.4579 -38.6579 0
    endloop
  endfacet
  facet normal -0.666195 -0.238247 -0.706698
    outer loop
      vertex -30.8062 -36.8063 1.2
      vertex -29.5488 -36.7628 0
      vertex -30.6575 -37.2221 1.2
    endloop
  endfacet
  facet normal -0.699881 -0.103828 -0.706673
    outer loop
      vertex -30.9783 -35.9411 1.2
      vertex -29.7841 -35.8235 0
      vertex -30.9135 -36.3779 1.2
    endloop
  endfacet
  facet normal -0.475165 0.52424 -0.706676
    outer loop
      vertex -29.682 -1.31802 1.2
      vertex -29.3548 -1.02145 1.2
      vertex -28.8335 -2.16655 0
    endloop
  endfacet
  facet normal -0.699892 0.103786 -0.706668
    outer loop
      vertex -29.7841 -4.17654 0
      vertex -30.9135 -3.6221 1.2
      vertex -29.7366 -3.85622 0
    endloop
  endfacet
  facet normal -0.595691 0.803213 0
    outer loop
      vertex -29.0001 -0.758392 1.2
      vertex -29.3548 -1.02145 15.5
      vertex -29.0001 -0.758392 15.5
    endloop
  endfacet
  facet normal -0.595691 0.803213 0
    outer loop
      vertex -29.3548 -1.02145 15.5
      vertex -29.0001 -0.758392 1.2
      vertex -29.3548 -1.02145 1.2
    endloop
  endfacet
  facet normal -0.475092 0.524288 -0.706689
    outer loop
      vertex -28.8335 -2.16655 0
      vertex -29.3548 -1.02145 1.2
      vertex -28.5935 -1.94907 0
    endloop
  endfacet
  facet normal 0.242961 0.970036 -0
    outer loop
      vertex 27.8063 -0.193771 1.2
      vertex 27.3779 -0.0864716 15.5
      vertex 27.8063 -0.193771 15.5
    endloop
  endfacet
  facet normal 0.242961 0.970036 0
    outer loop
      vertex 27.3779 -0.0864716 15.5
      vertex 27.8063 -0.193771 1.2
      vertex 27.3779 -0.0864716 1.2
    endloop
  endfacet
  facet normal 0 -0.707107 -0.707107
    outer loop
      vertex -26.5 -40 1.2
      vertex 26.5 -38.8 0
      vertex 26.5 -40 1.2
    endloop
  endfacet
  facet normal -0 -0.707107 -0.707107
    outer loop
      vertex 26.5 -38.8 0
      vertex -26.5 -40 1.2
      vertex -26.5 -38.8 0
    endloop
  endfacet
  facet normal 0.242962 -0.970036 0
    outer loop
      vertex 27.3779 -39.9135 1.2
      vertex 27.8063 -39.8062 15.5
      vertex 27.3779 -39.9135 15.5
    endloop
  endfacet
  facet normal 0.242962 -0.970036 0
    outer loop
      vertex 27.8063 -39.8062 15.5
      vertex 27.3779 -39.9135 1.2
      vertex 27.8063 -39.8062 1.2
    endloop
  endfacet
  facet normal 0.52434 0.475044 -0.706683
    outer loop
      vertex 28.8335 -2.16655 0
      vertex 29.9785 -1.64523 1.2
      vertex 29.0509 -2.40651 0
    endloop
  endfacet
  facet normal 0.475109 -0.524302 -0.706667
    outer loop
      vertex 29.3548 -38.9785 1.2
      vertex 28.8335 -37.8335 0
      vertex 29.682 -38.682 1.2
    endloop
  endfacet
  facet normal -0.146746 -0.989174 0
    outer loop
      vertex -27.3779 -39.9135 1.2
      vertex -26.9411 -39.9783 15.5
      vertex -27.3779 -39.9135 15.5
    endloop
  endfacet
  facet normal -0.146746 -0.989174 -0
    outer loop
      vertex -26.9411 -39.9783 15.5
      vertex -27.3779 -39.9135 1.2
      vertex -26.9411 -39.9783 1.2
    endloop
  endfacet
  facet normal -0.0491358 -0.998792 0
    outer loop
      vertex -26.9411 -39.9783 1.2
      vertex -26.5 -40 15.5
      vertex -26.9411 -39.9783 15.5
    endloop
  endfacet
  facet normal -0.0491358 -0.998792 -0
    outer loop
      vertex -26.5 -40 15.5
      vertex -26.9411 -39.9783 1.2
      vertex -26.5 -40 1.2
    endloop
  endfacet
  facet normal -0.302628 -0.63954 -0.706685
    outer loop
      vertex -28.6213 -39.4686 1.2
      vertex -28.0556 -38.4103 0
      vertex -28.2221 -39.6575 1.2
    endloop
  endfacet
  facet normal -0.699892 -0.103793 -0.706667
    outer loop
      vertex -30.9135 -36.3779 1.2
      vertex -29.7841 -35.8235 0
      vertex -29.7366 -36.1438 0
    endloop
  endfacet
  facet normal -0.706684 -0.0347654 -0.706675
    outer loop
      vertex -30.9783 -35.9411 1.2
      vertex -31 -35.5 1.2
      vertex -29.7841 -35.8235 0
    endloop
  endfacet
  facet normal -0.421465 -0.56829 -0.706692
    outer loop
      vertex -29.0001 -39.2416 1.2
      vertex -28.5935 -38.0509 0
      vertex -28.3334 -38.2438 0
    endloop
  endfacet
  facet normal -0.595753 -0.803168 0
    outer loop
      vertex -29.3548 -38.9785 1.2
      vertex -29.0001 -39.2416 15.5
      vertex -29.3548 -38.9785 15.5
    endloop
  endfacet
  facet normal -0.595753 -0.803168 -0
    outer loop
      vertex -29.0001 -39.2416 15.5
      vertex -29.3548 -38.9785 1.2
      vertex -29.0001 -39.2416 1.2
    endloop
  endfacet
  facet normal -0.363691 -0.606899 -0.706684
    outer loop
      vertex -29.0001 -39.2416 1.2
      vertex -28.0556 -38.4103 0
      vertex -28.6213 -39.4686 1.2
    endloop
  endfacet
  facet normal -0.363728 -0.606868 -0.706692
    outer loop
      vertex -29.0001 -39.2416 1.2
      vertex -28.3334 -38.2438 0
      vertex -28.0556 -38.4103 0
    endloop
  endfacet
  facet normal -0.0347654 -0.706684 -0.706675
    outer loop
      vertex -26.9411 -39.9783 1.2
      vertex -26.8235 -38.7841 0
      vertex -26.5 -40 1.2
    endloop
  endfacet
  facet normal -0.171906 -0.686344 -0.706668
    outer loop
      vertex -27.8063 -39.8062 1.2
      vertex -27.1438 -38.7366 0
      vertex -27.3779 -39.9135 1.2
    endloop
  endfacet
  facet normal -0.242962 -0.970036 0
    outer loop
      vertex -27.8063 -39.8062 1.2
      vertex -27.3779 -39.9135 15.5
      vertex -27.8063 -39.8062 15.5
    endloop
  endfacet
  facet normal -0.242962 -0.970036 -0
    outer loop
      vertex -27.3779 -39.9135 15.5
      vertex -27.8063 -39.8062 1.2
      vertex -27.3779 -39.9135 1.2
    endloop
  endfacet
  facet normal -0.336738 -0.941598 0
    outer loop
      vertex -28.2221 -39.6575 1.2
      vertex -27.8063 -39.8062 15.5
      vertex -28.2221 -39.6575 15.5
    endloop
  endfacet
  facet normal -0.336738 -0.941598 -0
    outer loop
      vertex -27.8063 -39.8062 15.5
      vertex -28.2221 -39.6575 1.2
      vertex -27.8063 -39.8062 1.2
    endloop
  endfacet
  facet normal -0.857773 -0.514029 0
    outer loop
      vertex -30.2416 -38.0001 1.2
      vertex -30.4686 -37.6213 15.5
      vertex -30.4686 -37.6213 1.2
    endloop
  endfacet
  facet normal -0.857773 -0.514029 0
    outer loop
      vertex -30.4686 -37.6213 15.5
      vertex -30.2416 -38.0001 1.2
      vertex -30.2416 -38.0001 15.5
    endloop
  endfacet
  facet normal -0.741015 -0.671488 0
    outer loop
      vertex -29.682 -38.682 1.2
      vertex -29.9785 -38.3548 15.5
      vertex -29.9785 -38.3548 1.2
    endloop
  endfacet
  facet normal -0.741015 -0.671488 0
    outer loop
      vertex -29.9785 -38.3548 15.5
      vertex -29.682 -38.682 1.2
      vertex -29.682 -38.682 15.5
    endloop
  endfacet
  facet normal -0.671488 -0.741015 0
    outer loop
      vertex -29.682 -38.682 1.2
      vertex -29.3548 -38.9785 15.5
      vertex -29.682 -38.682 15.5
    endloop
  endfacet
  facet normal -0.671488 -0.741015 -0
    outer loop
      vertex -29.3548 -38.9785 15.5
      vertex -29.682 -38.682 1.2
      vertex -29.3548 -38.9785 1.2
    endloop
  endfacet
  facet normal -0.941598 -0.336738 0
    outer loop
      vertex -30.6575 -37.2221 1.2
      vertex -30.8062 -36.8063 15.5
      vertex -30.8062 -36.8063 1.2
    endloop
  endfacet
  facet normal -0.941598 -0.336738 0
    outer loop
      vertex -30.8062 -36.8063 15.5
      vertex -30.6575 -37.2221 1.2
      vertex -30.6575 -37.2221 15.5
    endloop
  endfacet
  facet normal -0.970036 -0.242962 0
    outer loop
      vertex -30.8062 -36.8063 1.2
      vertex -30.9135 -36.3779 15.5
      vertex -30.9135 -36.3779 1.2
    endloop
  endfacet
  facet normal -0.970036 -0.242962 0
    outer loop
      vertex -30.9135 -36.3779 15.5
      vertex -30.8062 -36.8063 1.2
      vertex -30.8062 -36.8063 15.5
    endloop
  endfacet
  facet normal -0.707107 0 -0.707107
    outer loop
      vertex -31 -35.5 1.2
      vertex -29.8 -4.5 0
      vertex -29.8 -35.5 0
    endloop
  endfacet
  facet normal -0.707107 0 -0.707107
    outer loop
      vertex -29.8 -4.5 0
      vertex -31 -35.5 1.2
      vertex -31 -4.5 1.2
    endloop
  endfacet
  facet normal -1 0 0
    outer loop
      vertex -31 -4.5 1.2
      vertex -31 -15 9.4
      vertex -31 -4.5 15.5
    endloop
  endfacet
  facet normal -1 0 0
    outer loop
      vertex -31 -4.5 1.2
      vertex -31 -25 9.4
      vertex -31 -15 9.4
    endloop
  endfacet
  facet normal -1 0 0
    outer loop
      vertex -31 -35.5 15.5
      vertex -31 -25 9.4
      vertex -31 -35.5 1.2
    endloop
  endfacet
  facet normal -1 0 0
    outer loop
      vertex -31 -35.5 1.2
      vertex -31 -25 9.4
      vertex -31 -4.5 1.2
    endloop
  endfacet
  facet normal -1 0 0
    outer loop
      vertex -31 -15 14.4
      vertex -31 -4.5 15.5
      vertex -31 -15 9.4
    endloop
  endfacet
  facet normal -1 0 0
    outer loop
      vertex -31 -25 14.4
      vertex -31 -4.5 15.5
      vertex -31 -15 14.4
    endloop
  endfacet
  facet normal -1 0 0
    outer loop
      vertex -31 -25 14.4
      vertex -31 -35.5 15.5
      vertex -31 -4.5 15.5
    endloop
  endfacet
  facet normal -1 0 0
    outer loop
      vertex -31 -25 9.4
      vertex -31 -35.5 15.5
      vertex -31 -25 14.4
    endloop
  endfacet
  facet normal -0.998792 0.0491391 0
    outer loop
      vertex -31 -4.5 1.2
      vertex -30.9783 -4.05893 15.5
      vertex -30.9783 -4.05893 1.2
    endloop
  endfacet
  facet normal -0.998792 0.0491391 0
    outer loop
      vertex -30.9783 -4.05893 15.5
      vertex -31 -4.5 1.2
      vertex -31 -4.5 15.5
    endloop
  endfacet
  facet normal -0.903917 0.427709 0
    outer loop
      vertex -30.6575 -2.77794 1.2
      vertex -30.4686 -2.37872 15.5
      vertex -30.4686 -2.37872 1.2
    endloop
  endfacet
  facet normal -0.903917 0.427709 0
    outer loop
      vertex -30.4686 -2.37872 15.5
      vertex -30.6575 -2.77794 1.2
      vertex -30.6575 -2.77794 15.5
    endloop
  endfacet
  facet normal -0.699881 0.103821 -0.706674
    outer loop
      vertex -30.9783 -4.05893 1.2
      vertex -30.9135 -3.6221 1.2
      vertex -29.7841 -4.17654 0
    endloop
  endfacet
  facet normal -0.17194 0.686318 -0.706686
    outer loop
      vertex -27.4579 -1.3421 0
      vertex -27.8063 -0.193771 1.2
      vertex -27.1438 -1.26341 0
    endloop
  endfacet
  facet normal -0.524305 0.475097 -0.706673
    outer loop
      vertex -29.9785 -1.64523 1.2
      vertex -29.682 -1.31802 1.2
      vertex -28.8335 -2.16655 0
    endloop
  endfacet
  facet normal -0.671575 0.740936 0
    outer loop
      vertex -29.3548 -1.02145 1.2
      vertex -29.682 -1.31802 15.5
      vertex -29.3548 -1.02145 15.5
    endloop
  endfacet
  facet normal -0.671575 0.740936 0
    outer loop
      vertex -29.682 -1.31802 15.5
      vertex -29.3548 -1.02145 1.2
      vertex -29.682 -1.31802 1.2
    endloop
  endfacet
  facet normal 0.0347113 0.706678 -0.706684
    outer loop
      vertex 26.5 -1.20001 0
      vertex 26.5 0 1.2
      vertex 26.8235 -1.2159 0
    endloop
  endfacet
  facet normal 0.146721 0.989178 -0
    outer loop
      vertex 27.3779 -0.0864716 1.2
      vertex 26.9411 -0.0216827 15.5
      vertex 27.3779 -0.0864716 15.5
    endloop
  endfacet
  facet normal 0.146721 0.989178 0
    outer loop
      vertex 26.9411 -0.0216827 15.5
      vertex 27.3779 -0.0864716 1.2
      vertex 26.9411 -0.0216827 1.2
    endloop
  endfacet
  facet normal 1 -0 0
    outer loop
      vertex 31 -35.5 15.5
      vertex 31 -4.5 1.2
      vertex 31 -4.5 15.5
    endloop
  endfacet
  facet normal 1 0 0
    outer loop
      vertex 31 -4.5 1.2
      vertex 31 -35.5 15.5
      vertex 31 -35.5 1.2
    endloop
  endfacet
  facet normal 0.0347654 -0.706684 -0.706675
    outer loop
      vertex 26.5 -40 1.2
      vertex 26.8235 -38.7841 0
      vertex 26.9411 -39.9783 1.2
    endloop
  endfacet
  facet normal 0.524305 0.475097 -0.706673
    outer loop
      vertex 28.8335 -2.16655 0
      vertex 29.682 -1.31802 1.2
      vertex 29.9785 -1.64523 1.2
    endloop
  endfacet
  facet normal 0.238368 0.666164 -0.706686
    outer loop
      vertex 27.4579 -1.3421 0
      vertex 27.8063 -0.193771 1.2
      vertex 27.7628 -1.4512 0
    endloop
  endfacet
  facet normal 0.998792 -0.0491358 0
    outer loop
      vertex 30.9783 -35.9411 15.5
      vertex 31 -35.5 1.2
      vertex 31 -35.5 15.5
    endloop
  endfacet
  facet normal 0.998792 -0.0491358 0
    outer loop
      vertex 31 -35.5 1.2
      vertex 30.9783 -35.9411 15.5
      vertex 30.9783 -35.9411 1.2
    endloop
  endfacet
  facet normal 0.989176 0.146736 0
    outer loop
      vertex 30.9783 -4.05893 15.5
      vertex 30.9135 -3.6221 1.2
      vertex 30.9135 -3.6221 15.5
    endloop
  endfacet
  facet normal 0.989176 0.146736 0
    outer loop
      vertex 30.9135 -3.6221 1.2
      vertex 30.9783 -4.05893 15.5
      vertex 30.9783 -4.05893 1.2
    endloop
  endfacet
  facet normal -0.103793 -0.699892 -0.706667
    outer loop
      vertex -27.3779 -39.9135 1.2
      vertex -27.1438 -38.7366 0
      vertex -26.8235 -38.7841 0
    endloop
  endfacet
  facet normal -0.989174 -0.146746 0
    outer loop
      vertex -30.9135 -36.3779 1.2
      vertex -30.9783 -35.9411 15.5
      vertex -30.9783 -35.9411 1.2
    endloop
  endfacet
  facet normal -0.989174 -0.146746 0
    outer loop
      vertex -30.9783 -35.9411 15.5
      vertex -30.9135 -36.3779 1.2
      vertex -30.9135 -36.3779 15.5
    endloop
  endfacet
  facet normal -0.998792 -0.0491358 0
    outer loop
      vertex -30.9783 -35.9411 1.2
      vertex -31 -35.5 15.5
      vertex -31 -35.5 1.2
    endloop
  endfacet
  facet normal -0.998792 -0.0491358 0
    outer loop
      vertex -31 -35.5 15.5
      vertex -30.9783 -35.9411 1.2
      vertex -30.9783 -35.9411 15.5
    endloop
  endfacet
  facet normal -0.475109 -0.524302 -0.706667
    outer loop
      vertex -29.682 -38.682 1.2
      vertex -28.8335 -37.8335 0
      vertex -29.3548 -38.9785 1.2
    endloop
  endfacet
  facet normal -0.524302 -0.475109 -0.706667
    outer loop
      vertex -29.9785 -38.3548 1.2
      vertex -28.8335 -37.8335 0
      vertex -29.682 -38.682 1.2
    endloop
  endfacet
  facet normal -0.68632 -0.171962 -0.706678
    outer loop
      vertex -30.8062 -36.8063 1.2
      vertex -29.7366 -36.1438 0
      vertex -29.6579 -36.4579 0
    endloop
  endfacet
  facet normal -0.52434 0.475044 -0.706683
    outer loop
      vertex -29.0509 -2.40651 0
      vertex -29.9785 -1.64523 1.2
      vertex -28.8335 -2.16655 0
    endloop
  endfacet
  facet normal -0.857761 0.514049 0
    outer loop
      vertex -30.4686 -2.37872 1.2
      vertex -30.2416 -1.99994 15.5
      vertex -30.2416 -1.99994 1.2
    endloop
  endfacet
  facet normal -0.857761 0.514049 0
    outer loop
      vertex -30.2416 -1.99994 15.5
      vertex -30.4686 -2.37872 1.2
      vertex -30.4686 -2.37872 15.5
    endloop
  endfacet
  facet normal -0.666182 0.238359 -0.706673
    outer loop
      vertex -29.6579 -3.54207 0
      vertex -30.8062 -3.19373 1.2
      vertex -29.5488 -3.23715 0
    endloop
  endfacet
  facet normal -0.421467 0.568295 -0.706687
    outer loop
      vertex -29.3548 -1.02145 1.2
      vertex -29.0001 -0.758392 1.2
      vertex -28.5935 -1.94907 0
    endloop
  endfacet
  facet normal -0.427563 0.903985 0
    outer loop
      vertex -28.2221 -0.342545 1.2
      vertex -28.6213 -0.531357 15.5
      vertex -28.2221 -0.342545 15.5
    endloop
  endfacet
  facet normal -0.427563 0.903985 0
    outer loop
      vertex -28.6213 -0.531357 15.5
      vertex -28.2221 -0.342545 1.2
      vertex -28.6213 -0.531357 1.2
    endloop
  endfacet
  facet normal -0.302514 0.639597 -0.706683
    outer loop
      vertex -28.6213 -0.531357 1.2
      vertex -28.2221 -0.342545 1.2
      vertex -28.0556 -1.58966 0
    endloop
  endfacet
  facet normal -0.238368 0.666164 -0.706686
    outer loop
      vertex -27.7628 -1.4512 0
      vertex -27.8063 -0.193771 1.2
      vertex -27.4579 -1.3421 0
    endloop
  endfacet
  facet normal -0.336887 0.941545 0
    outer loop
      vertex -27.8063 -0.193771 1.2
      vertex -28.2221 -0.342545 15.5
      vertex -27.8063 -0.193771 15.5
    endloop
  endfacet
  facet normal -0.336887 0.941545 0
    outer loop
      vertex -28.2221 -0.342545 15.5
      vertex -27.8063 -0.193771 1.2
      vertex -28.2221 -0.342545 1.2
    endloop
  endfacet
  facet normal -0.741025 0.671477 0
    outer loop
      vertex -29.9785 -1.64523 1.2
      vertex -29.682 -1.31802 15.5
      vertex -29.682 -1.31802 1.2
    endloop
  endfacet
  facet normal -0.741025 0.671477 0
    outer loop
      vertex -29.682 -1.31802 15.5
      vertex -29.9785 -1.64523 1.2
      vertex -29.9785 -1.64523 15.5
    endloop
  endfacet
  facet normal 0.302628 -0.63954 -0.706685
    outer loop
      vertex 28.2221 -39.6575 1.2
      vertex 28.0556 -38.4103 0
      vertex 28.6213 -39.4686 1.2
    endloop
  endfacet
  facet normal 0.0347333 -0.70668 -0.70668
    outer loop
      vertex 26.5 -38.8 0
      vertex 26.8235 -38.7841 0
      vertex 26.5 -40 1.2
    endloop
  endfacet
  facet normal 0.595691 0.803213 -0
    outer loop
      vertex 29.3548 -1.02145 1.2
      vertex 29.0001 -0.758392 15.5
      vertex 29.3548 -1.02145 15.5
    endloop
  endfacet
  facet normal 0.595691 0.803213 0
    outer loop
      vertex 29.0001 -0.758392 15.5
      vertex 29.3548 -1.02145 1.2
      vertex 29.0001 -0.758392 1.2
    endloop
  endfacet
  facet normal 0.302529 -0.639569 -0.706702
    outer loop
      vertex 27.7628 -38.5488 0
      vertex 28.0556 -38.4103 0
      vertex 28.2221 -39.6575 1.2
    endloop
  endfacet
  facet normal 0.363691 -0.606899 -0.706684
    outer loop
      vertex 28.6213 -39.4686 1.2
      vertex 28.0556 -38.4103 0
      vertex 29.0001 -39.2416 1.2
    endloop
  endfacet
  facet normal 0.421465 -0.56829 -0.706692
    outer loop
      vertex 28.3334 -38.2438 0
      vertex 28.5935 -38.0509 0
      vertex 29.0001 -39.2416 1.2
    endloop
  endfacet
  facet normal 0.741015 -0.671488 0
    outer loop
      vertex 29.682 -38.682 15.5
      vertex 29.9785 -38.3548 1.2
      vertex 29.9785 -38.3548 15.5
    endloop
  endfacet
  facet normal 0.741015 -0.671488 0
    outer loop
      vertex 29.9785 -38.3548 1.2
      vertex 29.682 -38.682 15.5
      vertex 29.682 -38.682 1.2
    endloop
  endfacet
  facet normal 0.989174 -0.146746 0
    outer loop
      vertex 30.9135 -36.3779 15.5
      vertex 30.9783 -35.9411 1.2
      vertex 30.9783 -35.9411 15.5
    endloop
  endfacet
  facet normal 0.989174 -0.146746 0
    outer loop
      vertex 30.9783 -35.9411 1.2
      vertex 30.9135 -36.3779 15.5
      vertex 30.9135 -36.3779 1.2
    endloop
  endfacet
  facet normal 0.666202 0.238255 -0.706689
    outer loop
      vertex 29.5488 -3.23715 0
      vertex 30.6575 -2.77794 1.2
      vertex 30.8062 -3.19373 1.2
    endloop
  endfacet
  facet normal -0.171962 -0.68632 -0.706678
    outer loop
      vertex -27.8063 -39.8062 1.2
      vertex -27.4579 -38.6579 0
      vertex -27.1438 -38.7366 0
    endloop
  endfacet
  facet normal -0.421513 -0.568265 -0.706684
    outer loop
      vertex -29.3548 -38.9785 1.2
      vertex -28.5935 -38.0509 0
      vertex -29.0001 -39.2416 1.2
    endloop
  endfacet
  facet normal -0.474997 -0.524376 -0.706688
    outer loop
      vertex -29.3548 -38.9785 1.2
      vertex -28.8335 -37.8335 0
      vertex -28.5935 -38.0509 0
    endloop
  endfacet
  facet normal -0.238247 -0.666195 -0.706698
    outer loop
      vertex -28.2221 -39.6575 1.2
      vertex -27.7628 -38.5488 0
      vertex -27.8063 -39.8062 1.2
    endloop
  endfacet
  facet normal -0.302529 -0.639569 -0.706702
    outer loop
      vertex -28.2221 -39.6575 1.2
      vertex -28.0556 -38.4103 0
      vertex -27.7628 -38.5488 0
    endloop
  endfacet
  facet normal -0.606899 -0.363691 -0.706684
    outer loop
      vertex -30.4686 -37.6213 1.2
      vertex -29.4103 -37.0556 0
      vertex -30.2416 -38.0001 1.2
    endloop
  endfacet
  facet normal -0.568265 -0.421513 -0.706684
    outer loop
      vertex -30.2416 -38.0001 1.2
      vertex -29.0509 -37.5935 0
      vertex -29.9785 -38.3548 1.2
    endloop
  endfacet
  facet normal -0.524376 -0.474997 -0.706688
    outer loop
      vertex -29.9785 -38.3548 1.2
      vertex -29.0509 -37.5935 0
      vertex -28.8335 -37.8335 0
    endloop
  endfacet
  facet normal -0.606851 0.363757 -0.706691
    outer loop
      vertex -29.4103 -2.9444 0
      vertex -30.2416 -1.99994 1.2
      vertex -29.2438 -2.66663 0
    endloop
  endfacet
  facet normal -0.68634 0.171918 -0.706669
    outer loop
      vertex -30.9135 -3.6221 1.2
      vertex -30.8062 -3.19373 1.2
      vertex -29.7366 -3.85622 0
    endloop
  endfacet
  facet normal -0.686332 0.171938 -0.706673
    outer loop
      vertex -29.7366 -3.85622 0
      vertex -30.8062 -3.19373 1.2
      vertex -29.6579 -3.54207 0
    endloop
  endfacet
  facet normal -0.941596 0.336745 0
    outer loop
      vertex -30.8062 -3.19373 1.2
      vertex -30.6575 -2.77794 15.5
      vertex -30.6575 -2.77794 1.2
    endloop
  endfacet
  facet normal -0.941596 0.336745 0
    outer loop
      vertex -30.6575 -2.77794 15.5
      vertex -30.8062 -3.19373 1.2
      vertex -30.8062 -3.19373 15.5
    endloop
  endfacet
  facet normal -0.514088 0.857738 0
    outer loop
      vertex -28.6213 -0.531357 1.2
      vertex -29.0001 -0.758392 15.5
      vertex -28.6213 -0.531357 15.5
    endloop
  endfacet
  facet normal -0.514088 0.857738 0
    outer loop
      vertex -29.0001 -0.758392 15.5
      vertex -28.6213 -0.531357 1.2
      vertex -29.0001 -0.758392 1.2
    endloop
  endfacet
  facet normal 0.699892 0.103786 -0.706668
    outer loop
      vertex 29.7366 -3.85622 0
      vertex 30.9135 -3.6221 1.2
      vertex 29.7841 -4.17654 0
    endloop
  endfacet
  facet normal 0.706684 -0.0347654 -0.706675
    outer loop
      vertex 29.7841 -35.8235 0
      vertex 31 -35.5 1.2
      vertex 30.9783 -35.9411 1.2
    endloop
  endfacet
  facet normal 0.70668 0.0347376 -0.70668
    outer loop
      vertex 29.8 -4.5 0
      vertex 29.7841 -4.17654 0
      vertex 31 -4.5 1.2
    endloop
  endfacet
  facet normal 0.103793 -0.699892 -0.706667
    outer loop
      vertex 26.8235 -38.7841 0
      vertex 27.1438 -38.7366 0
      vertex 27.3779 -39.9135 1.2
    endloop
  endfacet
  facet normal 0.475165 0.52424 -0.706676
    outer loop
      vertex 28.8335 -2.16655 0
      vertex 29.3548 -1.02145 1.2
      vertex 29.682 -1.31802 1.2
    endloop
  endfacet
  facet normal 0.741025 0.671477 0
    outer loop
      vertex 29.9785 -1.64523 15.5
      vertex 29.682 -1.31802 1.2
      vertex 29.682 -1.31802 15.5
    endloop
  endfacet
  facet normal 0.741025 0.671477 0
    outer loop
      vertex 29.682 -1.31802 1.2
      vertex 29.9785 -1.64523 15.5
      vertex 29.9785 -1.64523 1.2
    endloop
  endfacet
  facet normal 0.146746 -0.989174 0
    outer loop
      vertex 26.9411 -39.9783 1.2
      vertex 27.3779 -39.9135 15.5
      vertex 26.9411 -39.9783 15.5
    endloop
  endfacet
  facet normal 0.146746 -0.989174 0
    outer loop
      vertex 27.3779 -39.9135 15.5
      vertex 26.9411 -39.9783 1.2
      vertex 27.3779 -39.9135 1.2
    endloop
  endfacet
  facet normal 0.238371 -0.666172 -0.706678
    outer loop
      vertex 27.4579 -38.6579 0
      vertex 27.7628 -38.5488 0
      vertex 27.8063 -39.8062 1.2
    endloop
  endfacet
  facet normal 0.427726 -0.903908 0
    outer loop
      vertex 28.2221 -39.6575 1.2
      vertex 28.6213 -39.4686 15.5
      vertex 28.2221 -39.6575 15.5
    endloop
  endfacet
  facet normal 0.427726 -0.903908 0
    outer loop
      vertex 28.6213 -39.4686 15.5
      vertex 28.2221 -39.6575 1.2
      vertex 28.6213 -39.4686 1.2
    endloop
  endfacet
  facet normal 0.671488 -0.741015 0
    outer loop
      vertex 29.3548 -38.9785 1.2
      vertex 29.682 -38.682 15.5
      vertex 29.3548 -38.9785 15.5
    endloop
  endfacet
  facet normal 0.671488 -0.741015 0
    outer loop
      vertex 29.682 -38.682 15.5
      vertex 29.3548 -38.9785 1.2
      vertex 29.682 -38.682 1.2
    endloop
  endfacet
  facet normal 0.363728 -0.606868 -0.706692
    outer loop
      vertex 28.0556 -38.4103 0
      vertex 28.3334 -38.2438 0
      vertex 29.0001 -39.2416 1.2
    endloop
  endfacet
  facet normal 0.524302 -0.475109 -0.706667
    outer loop
      vertex 29.682 -38.682 1.2
      vertex 28.8335 -37.8335 0
      vertex 29.9785 -38.3548 1.2
    endloop
  endfacet
  facet normal 0.699892 -0.103793 -0.706667
    outer loop
      vertex 29.7366 -36.1438 0
      vertex 29.7841 -35.8235 0
      vertex 30.9135 -36.3779 1.2
    endloop
  endfacet
  facet normal 0.606868 -0.363728 -0.706692
    outer loop
      vertex 29.2438 -37.3334 0
      vertex 29.4103 -37.0556 0
      vertex 30.2416 -38.0001 1.2
    endloop
  endfacet
  facet normal 0.699881 -0.103828 -0.706673
    outer loop
      vertex 30.9135 -36.3779 1.2
      vertex 29.7841 -35.8235 0
      vertex 30.9783 -35.9411 1.2
    endloop
  endfacet
  facet normal 0.639549 0.302617 -0.706682
    outer loop
      vertex 29.4103 -2.9444 0
      vertex 30.4686 -2.37872 1.2
      vertex 30.6575 -2.77794 1.2
    endloop
  endfacet
  facet normal -0.56829 -0.421465 -0.706692
    outer loop
      vertex -30.2416 -38.0001 1.2
      vertex -29.2438 -37.3334 0
      vertex -29.0509 -37.5935 0
    endloop
  endfacet
  facet normal -0.606868 -0.363728 -0.706692
    outer loop
      vertex -30.2416 -38.0001 1.2
      vertex -29.4103 -37.0556 0
      vertex -29.2438 -37.3334 0
    endloop
  endfacet
  facet normal -0.903908 -0.427726 0
    outer loop
      vertex -30.4686 -37.6213 1.2
      vertex -30.6575 -37.2221 15.5
      vertex -30.6575 -37.2221 1.2
    endloop
  endfacet
  facet normal -0.903908 -0.427726 0
    outer loop
      vertex -30.6575 -37.2221 15.5
      vertex -30.4686 -37.6213 1.2
      vertex -30.4686 -37.6213 15.5
    endloop
  endfacet
  facet normal -0.639549 0.302617 -0.706682
    outer loop
      vertex -30.6575 -2.77794 1.2
      vertex -30.4686 -2.37872 1.2
      vertex -29.4103 -2.9444 0
    endloop
  endfacet
  facet normal -0.606893 0.363707 -0.706681
    outer loop
      vertex -30.4686 -2.37872 1.2
      vertex -30.2416 -1.99994 1.2
      vertex -29.4103 -2.9444 0
    endloop
  endfacet
  facet normal -0.363732 0.606875 -0.706684
    outer loop
      vertex -28.3334 -1.75616 0
      vertex -29.0001 -0.758392 1.2
      vertex -28.0556 -1.58966 0
    endloop
  endfacet
  facet normal -0.421484 0.568286 -0.706684
    outer loop
      vertex -28.5935 -1.94907 0
      vertex -29.0001 -0.758392 1.2
      vertex -28.3334 -1.75616 0
    endloop
  endfacet
  facet normal -0.171903 0.686334 -0.706679
    outer loop
      vertex -27.8063 -0.193771 1.2
      vertex -27.3779 -0.0864716 1.2
      vertex -27.1438 -1.26341 0
    endloop
  endfacet
  facet normal -0.302461 0.639612 -0.706692
    outer loop
      vertex -28.0556 -1.58966 0
      vertex -28.2221 -0.342545 1.2
      vertex -27.7628 -1.4512 0
    endloop
  endfacet
  facet normal -0.238356 0.666167 -0.706688
    outer loop
      vertex -28.2221 -0.342545 1.2
      vertex -27.8063 -0.193771 1.2
      vertex -27.7628 -1.4512 0
    endloop
  endfacet
  facet normal 0.171903 0.686334 -0.706679
    outer loop
      vertex 27.1438 -1.26341 0
      vertex 27.3779 -0.0864716 1.2
      vertex 27.8063 -0.193771 1.2
    endloop
  endfacet
  facet normal 0.17194 0.686318 -0.706686
    outer loop
      vertex 27.1438 -1.26341 0
      vertex 27.8063 -0.193771 1.2
      vertex 27.4579 -1.3421 0
    endloop
  endfacet
  facet normal 0.514088 0.857738 -0
    outer loop
      vertex 29.0001 -0.758392 1.2
      vertex 28.6213 -0.531357 15.5
      vertex 29.0001 -0.758392 15.5
    endloop
  endfacet
  facet normal 0.514088 0.857738 0
    outer loop
      vertex 28.6213 -0.531357 15.5
      vertex 29.0001 -0.758392 1.2
      vertex 28.6213 -0.531357 1.2
    endloop
  endfacet
  facet normal 0.363732 0.606875 -0.706684
    outer loop
      vertex 28.0556 -1.58966 0
      vertex 28.6213 -0.531357 1.2
      vertex 29.0001 -0.758392 1.2
    endloop
  endfacet
  facet normal 0.421467 0.568295 -0.706687
    outer loop
      vertex 28.5935 -1.94907 0
      vertex 29.0001 -0.758392 1.2
      vertex 29.3548 -1.02145 1.2
    endloop
  endfacet
  facet normal 0.475092 0.524288 -0.706689
    outer loop
      vertex 28.5935 -1.94907 0
      vertex 29.3548 -1.02145 1.2
      vertex 28.8335 -2.16655 0
    endloop
  endfacet
  facet normal 0.568274 0.421507 -0.70668
    outer loop
      vertex 29.0509 -2.40651 0
      vertex 29.9785 -1.64523 1.2
      vertex 30.2416 -1.99994 1.2
    endloop
  endfacet
  facet normal 0.606893 0.363707 -0.706681
    outer loop
      vertex 29.4103 -2.9444 0
      vertex 30.2416 -1.99994 1.2
      vertex 30.4686 -2.37872 1.2
    endloop
  endfacet
  facet normal 0.707107 0 -0.707107
    outer loop
      vertex 29.8 -35.5 0
      vertex 31 -4.5 1.2
      vertex 31 -35.5 1.2
    endloop
  endfacet
  facet normal 0.707107 0 -0.707107
    outer loop
      vertex 31 -4.5 1.2
      vertex 29.8 -35.5 0
      vertex 29.8 -4.5 0
    endloop
  endfacet
  facet normal 0.70668 -0.0347333 -0.70668
    outer loop
      vertex 29.7841 -35.8235 0
      vertex 29.8 -35.5 0
      vertex 31 -35.5 1.2
    endloop
  endfacet
  facet normal 0.336738 -0.941598 0
    outer loop
      vertex 27.8063 -39.8062 1.2
      vertex 28.2221 -39.6575 15.5
      vertex 27.8063 -39.8062 15.5
    endloop
  endfacet
  facet normal 0.336738 -0.941598 0
    outer loop
      vertex 28.2221 -39.6575 15.5
      vertex 27.8063 -39.8062 1.2
      vertex 28.2221 -39.6575 1.2
    endloop
  endfacet
  facet normal 0.238247 -0.666195 -0.706698
    outer loop
      vertex 27.8063 -39.8062 1.2
      vertex 27.7628 -38.5488 0
      vertex 28.2221 -39.6575 1.2
    endloop
  endfacet
  facet normal 0.103828 -0.699881 -0.706673
    outer loop
      vertex 26.9411 -39.9783 1.2
      vertex 26.8235 -38.7841 0
      vertex 27.3779 -39.9135 1.2
    endloop
  endfacet
  facet normal 0.595753 -0.803168 0
    outer loop
      vertex 29.0001 -39.2416 1.2
      vertex 29.3548 -38.9785 15.5
      vertex 29.0001 -39.2416 15.5
    endloop
  endfacet
  facet normal 0.595753 -0.803168 0
    outer loop
      vertex 29.3548 -38.9785 15.5
      vertex 29.0001 -39.2416 1.2
      vertex 29.3548 -38.9785 1.2
    endloop
  endfacet
  facet normal 0.514029 -0.857773 0
    outer loop
      vertex 28.6213 -39.4686 1.2
      vertex 29.0001 -39.2416 15.5
      vertex 28.6213 -39.4686 15.5
    endloop
  endfacet
  facet normal 0.514029 -0.857773 0
    outer loop
      vertex 29.0001 -39.2416 15.5
      vertex 28.6213 -39.4686 1.2
      vertex 29.0001 -39.2416 1.2
    endloop
  endfacet
  facet normal 0.524376 -0.474997 -0.706688
    outer loop
      vertex 28.8335 -37.8335 0
      vertex 29.0509 -37.5935 0
      vertex 29.9785 -38.3548 1.2
    endloop
  endfacet
  facet normal 0.686344 -0.171906 -0.706668
    outer loop
      vertex 30.8062 -36.8063 1.2
      vertex 29.7366 -36.1438 0
      vertex 30.9135 -36.3779 1.2
    endloop
  endfacet
  facet normal 0.903908 -0.427726 0
    outer loop
      vertex 30.4686 -37.6213 15.5
      vertex 30.6575 -37.2221 1.2
      vertex 30.6575 -37.2221 15.5
    endloop
  endfacet
  facet normal 0.903908 -0.427726 0
    outer loop
      vertex 30.6575 -37.2221 1.2
      vertex 30.4686 -37.6213 15.5
      vertex 30.4686 -37.6213 1.2
    endloop
  endfacet
  facet normal 0.68634 0.171918 -0.706669
    outer loop
      vertex 29.7366 -3.85622 0
      vertex 30.8062 -3.19373 1.2
      vertex 30.9135 -3.6221 1.2
    endloop
  endfacet
  facet normal -0.568306 0.421445 -0.706691
    outer loop
      vertex -29.2438 -2.66663 0
      vertex -30.2416 -1.99994 1.2
      vertex -29.0509 -2.40651 0
    endloop
  endfacet
  facet normal -0.666202 0.238255 -0.706689
    outer loop
      vertex -30.8062 -3.19373 1.2
      vertex -30.6575 -2.77794 1.2
      vertex -29.5488 -3.23715 0
    endloop
  endfacet
  facet normal -0.639561 0.302576 -0.706689
    outer loop
      vertex -29.5488 -3.23715 0
      vertex -30.6575 -2.77794 1.2
      vertex -29.4103 -2.9444 0
    endloop
  endfacet
  facet normal 0.10381 0.699878 -0.706679
    outer loop
      vertex 26.8235 -1.2159 0
      vertex 26.9411 -0.0216827 1.2
      vertex 27.3779 -0.0864716 1.2
    endloop
  endfacet
  facet normal 0.103813 0.699877 -0.706679
    outer loop
      vertex 26.8235 -1.2159 0
      vertex 27.3779 -0.0864716 1.2
      vertex 27.1438 -1.26341 0
    endloop
  endfacet
  facet normal 0.238356 0.666167 -0.706688
    outer loop
      vertex 27.7628 -1.4512 0
      vertex 27.8063 -0.193771 1.2
      vertex 28.2221 -0.342545 1.2
    endloop
  endfacet
  facet normal 0.336887 0.941545 -0
    outer loop
      vertex 28.2221 -0.342545 1.2
      vertex 27.8063 -0.193771 15.5
      vertex 28.2221 -0.342545 15.5
    endloop
  endfacet
  facet normal 0.336887 0.941545 0
    outer loop
      vertex 27.8063 -0.193771 15.5
      vertex 28.2221 -0.342545 1.2
      vertex 27.8063 -0.193771 1.2
    endloop
  endfacet
  facet normal 0.427563 0.903985 -0
    outer loop
      vertex 28.6213 -0.531357 1.2
      vertex 28.2221 -0.342545 15.5
      vertex 28.6213 -0.531357 15.5
    endloop
  endfacet
  facet normal 0.427563 0.903985 0
    outer loop
      vertex 28.2221 -0.342545 15.5
      vertex 28.6213 -0.531357 1.2
      vertex 28.2221 -0.342545 1.2
    endloop
  endfacet
  facet normal 0.363732 0.606875 -0.706684
    outer loop
      vertex 28.0556 -1.58966 0
      vertex 29.0001 -0.758392 1.2
      vertex 28.3334 -1.75616 0
    endloop
  endfacet
  facet normal 0.421484 0.568286 -0.706684
    outer loop
      vertex 28.3334 -1.75616 0
      vertex 29.0001 -0.758392 1.2
      vertex 28.5935 -1.94907 0
    endloop
  endfacet
  facet normal 0.857761 0.514049 0
    outer loop
      vertex 30.4686 -2.37872 15.5
      vertex 30.2416 -1.99994 1.2
      vertex 30.2416 -1.99994 15.5
    endloop
  endfacet
  facet normal 0.857761 0.514049 0
    outer loop
      vertex 30.2416 -1.99994 1.2
      vertex 30.4686 -2.37872 15.5
      vertex 30.4686 -2.37872 1.2
    endloop
  endfacet
  facet normal 0.171962 -0.68632 -0.706678
    outer loop
      vertex 27.1438 -38.7366 0
      vertex 27.4579 -38.6579 0
      vertex 27.8063 -39.8062 1.2
    endloop
  endfacet
  facet normal 0.171906 -0.686344 -0.706668
    outer loop
      vertex 27.3779 -39.9135 1.2
      vertex 27.1438 -38.7366 0
      vertex 27.8063 -39.8062 1.2
    endloop
  endfacet
  facet normal 0.474997 -0.524376 -0.706688
    outer loop
      vertex 28.5935 -38.0509 0
      vertex 28.8335 -37.8335 0
      vertex 29.3548 -38.9785 1.2
    endloop
  endfacet
  facet normal 0.421513 -0.568265 -0.706684
    outer loop
      vertex 29.0001 -39.2416 1.2
      vertex 28.5935 -38.0509 0
      vertex 29.3548 -38.9785 1.2
    endloop
  endfacet
  facet normal 0.970036 -0.242962 0
    outer loop
      vertex 30.8062 -36.8063 15.5
      vertex 30.9135 -36.3779 1.2
      vertex 30.9135 -36.3779 15.5
    endloop
  endfacet
  facet normal 0.970036 -0.242962 0
    outer loop
      vertex 30.9135 -36.3779 1.2
      vertex 30.8062 -36.8063 15.5
      vertex 30.8062 -36.8063 1.2
    endloop
  endfacet
  facet normal 0.803168 -0.595753 0
    outer loop
      vertex 29.9785 -38.3548 15.5
      vertex 30.2416 -38.0001 1.2
      vertex 30.2416 -38.0001 15.5
    endloop
  endfacet
  facet normal 0.803168 -0.595753 0
    outer loop
      vertex 30.2416 -38.0001 1.2
      vertex 29.9785 -38.3548 15.5
      vertex 29.9785 -38.3548 1.2
    endloop
  endfacet
  facet normal 0.63954 -0.302628 -0.706685
    outer loop
      vertex 30.4686 -37.6213 1.2
      vertex 29.4103 -37.0556 0
      vertex 30.6575 -37.2221 1.2
    endloop
  endfacet
  facet normal 0.68632 -0.171962 -0.706678
    outer loop
      vertex 29.6579 -36.4579 0
      vertex 29.7366 -36.1438 0
      vertex 30.8062 -36.8063 1.2
    endloop
  endfacet
  facet normal 0.686332 0.171938 -0.706673
    outer loop
      vertex 29.6579 -3.54207 0
      vertex 30.8062 -3.19373 1.2
      vertex 29.7366 -3.85622 0
    endloop
  endfacet
  facet normal 0.639561 0.302576 -0.706689
    outer loop
      vertex 29.4103 -2.9444 0
      vertex 30.6575 -2.77794 1.2
      vertex 29.5488 -3.23715 0
    endloop
  endfacet
  facet normal 0.666182 0.238359 -0.706673
    outer loop
      vertex 29.5488 -3.23715 0
      vertex 30.8062 -3.19373 1.2
      vertex 29.6579 -3.54207 0
    endloop
  endfacet
  facet normal 0.941596 0.336745 0
    outer loop
      vertex 30.8062 -3.19373 15.5
      vertex 30.6575 -2.77794 1.2
      vertex 30.6575 -2.77794 15.5
    endloop
  endfacet
  facet normal 0.941596 0.336745 0
    outer loop
      vertex 30.6575 -2.77794 1.2
      vertex 30.8062 -3.19373 15.5
      vertex 30.8062 -3.19373 1.2
    endloop
  endfacet
  facet normal 0.970032 0.242978 0
    outer loop
      vertex 30.9135 -3.6221 15.5
      vertex 30.8062 -3.19373 1.2
      vertex 30.8062 -3.19373 15.5
    endloop
  endfacet
  facet normal 0.970032 0.242978 0
    outer loop
      vertex 30.8062 -3.19373 1.2
      vertex 30.9135 -3.6221 15.5
      vertex 30.9135 -3.6221 1.2
    endloop
  endfacet
  facet normal 0.803176 0.595742 0
    outer loop
      vertex 30.2416 -1.99994 15.5
      vertex 29.9785 -1.64523 1.2
      vertex 29.9785 -1.64523 15.5
    endloop
  endfacet
  facet normal 0.803176 0.595742 0
    outer loop
      vertex 29.9785 -1.64523 1.2
      vertex 30.2416 -1.99994 15.5
      vertex 30.2416 -1.99994 1.2
    endloop
  endfacet
  facet normal 0.671575 0.740936 -0
    outer loop
      vertex 29.682 -1.31802 1.2
      vertex 29.3548 -1.02145 15.5
      vertex 29.682 -1.31802 15.5
    endloop
  endfacet
  facet normal 0.671575 0.740936 0
    outer loop
      vertex 29.3548 -1.02145 15.5
      vertex 29.682 -1.31802 1.2
      vertex 29.3548 -1.02145 1.2
    endloop
  endfacet
  facet normal 0.302461 0.639612 -0.706692
    outer loop
      vertex 27.7628 -1.4512 0
      vertex 28.2221 -0.342545 1.2
      vertex 28.0556 -1.58966 0
    endloop
  endfacet
  facet normal 0.606851 0.363757 -0.706691
    outer loop
      vertex 29.2438 -2.66663 0
      vertex 30.2416 -1.99994 1.2
      vertex 29.4103 -2.9444 0
    endloop
  endfacet
  facet normal 0.568306 0.421445 -0.706691
    outer loop
      vertex 29.0509 -2.40651 0
      vertex 30.2416 -1.99994 1.2
      vertex 29.2438 -2.66663 0
    endloop
  endfacet
  facet normal 0.568265 -0.421513 -0.706684
    outer loop
      vertex 29.9785 -38.3548 1.2
      vertex 29.0509 -37.5935 0
      vertex 30.2416 -38.0001 1.2
    endloop
  endfacet
  facet normal 0.606899 -0.363691 -0.706684
    outer loop
      vertex 30.2416 -38.0001 1.2
      vertex 29.4103 -37.0556 0
      vertex 30.4686 -37.6213 1.2
    endloop
  endfacet
  facet normal 0.857773 -0.514029 0
    outer loop
      vertex 30.2416 -38.0001 15.5
      vertex 30.4686 -37.6213 1.2
      vertex 30.4686 -37.6213 15.5
    endloop
  endfacet
  facet normal 0.857773 -0.514029 0
    outer loop
      vertex 30.4686 -37.6213 1.2
      vertex 30.2416 -38.0001 15.5
      vertex 30.2416 -38.0001 1.2
    endloop
  endfacet
  facet normal 0.941598 -0.336738 0
    outer loop
      vertex 30.6575 -37.2221 15.5
      vertex 30.8062 -36.8063 1.2
      vertex 30.8062 -36.8063 15.5
    endloop
  endfacet
  facet normal 0.941598 -0.336738 0
    outer loop
      vertex 30.8062 -36.8063 1.2
      vertex 30.6575 -37.2221 15.5
      vertex 30.6575 -37.2221 1.2
    endloop
  endfacet
  facet normal 0.666172 -0.238371 -0.706678
    outer loop
      vertex 29.5488 -36.7628 0
      vertex 29.6579 -36.4579 0
      vertex 30.8062 -36.8063 1.2
    endloop
  endfacet
  facet normal 0.56829 -0.421465 -0.706692
    outer loop
      vertex 29.0509 -37.5935 0
      vertex 29.2438 -37.3334 0
      vertex 30.2416 -38.0001 1.2
    endloop
  endfacet
  facet normal 0.666195 -0.238247 -0.706698
    outer loop
      vertex 30.6575 -37.2221 1.2
      vertex 29.5488 -36.7628 0
      vertex 30.8062 -36.8063 1.2
    endloop
  endfacet
  facet normal 0.639569 -0.302529 -0.706702
    outer loop
      vertex 29.4103 -37.0556 0
      vertex 29.5488 -36.7628 0
      vertex 30.6575 -37.2221 1.2
    endloop
  endfacet
  facet normal 0.242947 -0.97004 0
    outer loop
      vertex -27.516 -1.15071 1.8
      vertex -27.1828 -1.06726 15.5
      vertex -27.516 -1.15071 15.5
    endloop
  endfacet
  facet normal 0.242947 -0.97004 0
    outer loop
      vertex -27.1828 -1.06726 15.5
      vertex -27.516 -1.15071 1.8
      vertex -27.1828 -1.06726 1.8
    endloop
  endfacet
  facet normal 0.336904 -0.941539 0
    outer loop
      vertex -27.8394 -1.26643 1.8
      vertex -27.516 -1.15071 15.5
      vertex -27.8394 -1.26643 15.5
    endloop
  endfacet
  facet normal 0.336904 -0.941539 0
    outer loop
      vertex -27.516 -1.15071 15.5
      vertex -27.8394 -1.26643 1.8
      vertex -27.516 -1.15071 1.8
    endloop
  endfacet
  facet normal 0.514153 0.857698 -0
    outer loop
      vertex -28.1499 -38.5867 1.8
      vertex -28.4445 -38.4101 15.5
      vertex -28.1499 -38.5867 15.5
    endloop
  endfacet
  facet normal 0.514153 0.857698 0
    outer loop
      vertex -28.4445 -38.4101 15.5
      vertex -28.1499 -38.5867 1.8
      vertex -28.4445 -38.4101 1.8
    endloop
  endfacet
  facet normal 0.146717 -0.989178 0
    outer loop
      vertex -27.1828 -1.06726 1.8
      vertex -26.843 -1.01686 15.5
      vertex -27.1828 -1.06726 15.5
    endloop
  endfacet
  facet normal 0.146717 -0.989178 0
    outer loop
      vertex -26.843 -1.01686 15.5
      vertex -27.1828 -1.06726 1.8
      vertex -26.843 -1.01686 1.8
    endloop
  endfacet
  facet normal -0.998789 -0.0492043 0
    outer loop
      vertex 30 -4.5 1.8
      vertex 29.9831 -4.15695 15.5
      vertex 29.9831 -4.15695 1.8
    endloop
  endfacet
  facet normal -0.998789 -0.0492043 0
    outer loop
      vertex 29.9831 -4.15695 15.5
      vertex 30 -4.5 1.8
      vertex 30 -4.5 15.5
    endloop
  endfacet
  facet normal 0 0 1
    outer loop
      vertex 26.5 -1 1.8
      vertex 30 -4.5 1.8
      vertex 29.9831 -4.15695 1.8
    endloop
  endfacet
  facet normal 0 0 1
    outer loop
      vertex 30 -4.5 1.8
      vertex 14.5 -6.5 1.8
      vertex 30 -35.5 1.8
    endloop
  endfacet
  facet normal 0 0 1
    outer loop
      vertex 26.5 -1 1.8
      vertex 29.9831 -4.15695 1.8
      vertex 29.9327 -3.81718 1.8
    endloop
  endfacet
  facet normal -0 0 1
    outer loop
      vertex 14.5 -33.5 1.8
      vertex 30 -35.5 1.8
      vertex 14.5 -6.5 1.8
    endloop
  endfacet
  facet normal 0 0 1
    outer loop
      vertex 26.5 -1 1.8
      vertex 29.9327 -3.81718 1.8
      vertex 29.8493 -3.48401 1.8
    endloop
  endfacet
  facet normal 0 -0 1
    outer loop
      vertex 26.5 -39 1.8
      vertex 30 -35.5 1.8
      vertex 14.5 -33.5 1.8
    endloop
  endfacet
  facet normal 0 0 1
    outer loop
      vertex 26.5 -1 1.8
      vertex 29.8493 -3.48401 1.8
      vertex 29.7336 -3.16061 1.8
    endloop
  endfacet
  facet normal 0 0 1
    outer loop
      vertex 30 -35.5 1.8
      vertex 26.5 -39 1.8
      vertex 29.9831 -35.843 1.8
    endloop
  endfacet
  facet normal 0 0 1
    outer loop
      vertex 26.5 -1 1.8
      vertex 29.7336 -3.16061 1.8
      vertex 29.5867 -2.85011 1.8
    endloop
  endfacet
  facet normal 0 0 1
    outer loop
      vertex 29.9831 -35.843 1.8
      vertex 26.5 -39 1.8
      vertex 29.9327 -36.1828 1.8
    endloop
  endfacet
  facet normal 0 0 1
    outer loop
      vertex 26.5 -1 1.8
      vertex 29.5867 -2.85011 1.8
      vertex 29.4101 -2.55551 1.8
    endloop
  endfacet
  facet normal 0 0 1
    outer loop
      vertex 29.9327 -36.1828 1.8
      vertex 26.5 -39 1.8
      vertex 29.8493 -36.516 1.8
    endloop
  endfacet
  facet normal 0 0 1
    outer loop
      vertex 26.5 -1 1.8
      vertex 29.4101 -2.55551 1.8
      vertex 29.2055 -2.27963 1.8
    endloop
  endfacet
  facet normal 0 0 1
    outer loop
      vertex 29.8493 -36.516 1.8
      vertex 26.5 -39 1.8
      vertex 29.7336 -36.8394 1.8
    endloop
  endfacet
  facet normal 0 0 1
    outer loop
      vertex 26.5 -1 1.8
      vertex 29.2055 -2.27963 1.8
      vertex 28.9749 -2.02513 1.8
    endloop
  endfacet
  facet normal 0 0 1
    outer loop
      vertex 29.7336 -36.8394 1.8
      vertex 26.5 -39 1.8
      vertex 29.5867 -37.1499 1.8
    endloop
  endfacet
  facet normal 0 0 1
    outer loop
      vertex 26.5 -1 1.8
      vertex 28.9749 -2.02513 1.8
      vertex 28.7204 -1.79446 1.8
    endloop
  endfacet
  facet normal 0 0 1
    outer loop
      vertex 29.5867 -37.1499 1.8
      vertex 26.5 -39 1.8
      vertex 29.4101 -37.4445 1.8
    endloop
  endfacet
  facet normal 0 0 1
    outer loop
      vertex 26.5 -1 1.8
      vertex 28.7204 -1.79446 1.8
      vertex 28.4445 -1.58986 1.8
    endloop
  endfacet
  facet normal 0 0 1
    outer loop
      vertex 29.4101 -37.4445 1.8
      vertex 26.5 -39 1.8
      vertex 29.2055 -37.7204 1.8
    endloop
  endfacet
  facet normal 0 0 1
    outer loop
      vertex 26.5 -1 1.8
      vertex 28.4445 -1.58986 1.8
      vertex 28.1499 -1.41328 1.8
    endloop
  endfacet
  facet normal 0 0 1
    outer loop
      vertex 29.2055 -37.7204 1.8
      vertex 26.5 -39 1.8
      vertex 28.9749 -37.9749 1.8
    endloop
  endfacet
  facet normal 0 0 1
    outer loop
      vertex 26.5 -1 1.8
      vertex 28.1499 -1.41328 1.8
      vertex 27.8394 -1.26643 1.8
    endloop
  endfacet
  facet normal 0 0 1
    outer loop
      vertex 28.9749 -37.9749 1.8
      vertex 26.5 -39 1.8
      vertex 28.7204 -38.2055 1.8
    endloop
  endfacet
  facet normal 0 0 1
    outer loop
      vertex 26.5 -1 1.8
      vertex 27.8394 -1.26643 1.8
      vertex 27.516 -1.15071 1.8
    endloop
  endfacet
  facet normal 0 0 1
    outer loop
      vertex 28.7204 -38.2055 1.8
      vertex 26.5 -39 1.8
      vertex 28.4445 -38.4101 1.8
    endloop
  endfacet
  facet normal 0 0 1
    outer loop
      vertex 26.5 -1 1.8
      vertex 27.516 -1.15071 1.8
      vertex 27.1828 -1.06726 1.8
    endloop
  endfacet
  facet normal 0 0 1
    outer loop
      vertex 28.4445 -38.4101 1.8
      vertex 26.5 -39 1.8
      vertex 28.1499 -38.5867 1.8
    endloop
  endfacet
  facet normal 0 0 1
    outer loop
      vertex 26.5 -1 1.8
      vertex 27.1828 -1.06726 1.8
      vertex 26.843 -1.01686 1.8
    endloop
  endfacet
  facet normal 0 0 1
    outer loop
      vertex 28.1499 -38.5867 1.8
      vertex 26.5 -39 1.8
      vertex 27.8394 -38.7336 1.8
    endloop
  endfacet
  facet normal 0 0 1
    outer loop
      vertex 30 -4.5 1.8
      vertex 26.5 -1 1.8
      vertex 14.5 -6.5 1.8
    endloop
  endfacet
  facet normal 0 0 1
    outer loop
      vertex 27.8394 -38.7336 1.8
      vertex 26.5 -39 1.8
      vertex 27.516 -38.8493 1.8
    endloop
  endfacet
  facet normal 0 0 1
    outer loop
      vertex 27.516 -38.8493 1.8
      vertex 26.5 -39 1.8
      vertex 27.1828 -38.9327 1.8
    endloop
  endfacet
  facet normal 0 0 1
    outer loop
      vertex 26.5 -1 1.8
      vertex 14.4928 -6.35298 1.8
      vertex 14.5 -6.5 1.8
    endloop
  endfacet
  facet normal 0 0 1
    outer loop
      vertex 26.5 -1 1.8
      vertex 14.4712 -6.20737 1.8
      vertex 14.4928 -6.35298 1.8
    endloop
  endfacet
  facet normal 0 0 1
    outer loop
      vertex 26.5 -1 1.8
      vertex 14.4354 -6.06458 1.8
      vertex 14.4712 -6.20737 1.8
    endloop
  endfacet
  facet normal 0 0 1
    outer loop
      vertex 26.5 -1 1.8
      vertex 14.3858 -5.92598 1.8
      vertex 14.4354 -6.06458 1.8
    endloop
  endfacet
  facet normal 0 0 1
    outer loop
      vertex 26.5 -1 1.8
      vertex 14.3229 -5.79291 1.8
      vertex 14.3858 -5.92598 1.8
    endloop
  endfacet
  facet normal 0 0 1
    outer loop
      vertex 26.5 -1 1.8
      vertex 14.2472 -5.66666 1.8
      vertex 14.3229 -5.79291 1.8
    endloop
  endfacet
  facet normal 0 0 1
    outer loop
      vertex 26.5 -1 1.8
      vertex 14.1595 -5.54842 1.8
      vertex 14.2472 -5.66666 1.8
    endloop
  endfacet
  facet normal 0 0 1
    outer loop
      vertex 26.5 -1 1.8
      vertex 14.0607 -5.43935 1.8
      vertex 14.1595 -5.54842 1.8
    endloop
  endfacet
  facet normal 0 0 1
    outer loop
      vertex 26.5 -1 1.8
      vertex 13.9516 -5.34048 1.8
      vertex 14.0607 -5.43935 1.8
    endloop
  endfacet
  facet normal 0 0 1
    outer loop
      vertex 26.5 -1 1.8
      vertex 13.8333 -5.25281 1.8
      vertex 13.9516 -5.34048 1.8
    endloop
  endfacet
  facet normal 0 0 1
    outer loop
      vertex 26.5 -1 1.8
      vertex 13.7071 -5.17712 1.8
      vertex 13.8333 -5.25281 1.8
    endloop
  endfacet
  facet normal 0 0 1
    outer loop
      vertex 26.5 -1 1.8
      vertex 13.574 -5.11418 1.8
      vertex 13.7071 -5.17712 1.8
    endloop
  endfacet
  facet normal 0 0 1
    outer loop
      vertex 26.5 -1 1.8
      vertex 13.4354 -5.06459 1.8
      vertex 13.574 -5.11418 1.8
    endloop
  endfacet
  facet normal 0 0 1
    outer loop
      vertex 26.5 -1 1.8
      vertex 13.2926 -5.02882 1.8
      vertex 13.4354 -5.06459 1.8
    endloop
  endfacet
  facet normal 0 0 1
    outer loop
      vertex 26.5 -1 1.8
      vertex 13.147 -5.00723 1.8
      vertex 13.2926 -5.02882 1.8
    endloop
  endfacet
  facet normal 0 0 1
    outer loop
      vertex 26.5 -1 1.8
      vertex 13 -5 1.8
      vertex 13.147 -5.00723 1.8
    endloop
  endfacet
  facet normal -0 0 1
    outer loop
      vertex -26.5 -1 1.8
      vertex 13 -5 1.8
      vertex 26.5 -1 1.8
    endloop
  endfacet
  facet normal 0 0 1
    outer loop
      vertex 13 -5 1.8
      vertex -26.5 -1 1.8
      vertex -20 -5 1.8
    endloop
  endfacet
  facet normal 0 0 1
    outer loop
      vertex -21.4928 -6.35298 1.8
      vertex -30 -4.5 1.8
      vertex -21.5 -6.5 1.8
    endloop
  endfacet
  facet normal 0 0 1
    outer loop
      vertex -21.4712 -6.20737 1.8
      vertex -30 -4.5 1.8
      vertex -21.4928 -6.35298 1.8
    endloop
  endfacet
  facet normal -0 0 1
    outer loop
      vertex -30 -4.5 1.8
      vertex -21.4712 -6.20737 1.8
      vertex -26.5 -1 1.8
    endloop
  endfacet
  facet normal 0 0 1
    outer loop
      vertex -21.4354 -6.06458 1.8
      vertex -26.5 -1 1.8
      vertex -21.4712 -6.20737 1.8
    endloop
  endfacet
  facet normal 0 0 1
    outer loop
      vertex -21.3858 -5.92598 1.8
      vertex -26.5 -1 1.8
      vertex -21.4354 -6.06458 1.8
    endloop
  endfacet
  facet normal 0 0 1
    outer loop
      vertex -21.3229 -5.79291 1.8
      vertex -26.5 -1 1.8
      vertex -21.3858 -5.92598 1.8
    endloop
  endfacet
  facet normal 0 0 1
    outer loop
      vertex -21.2472 -5.66666 1.8
      vertex -26.5 -1 1.8
      vertex -21.3229 -5.79291 1.8
    endloop
  endfacet
  facet normal 0 0 1
    outer loop
      vertex -21.1595 -5.54842 1.8
      vertex -26.5 -1 1.8
      vertex -21.2472 -5.66666 1.8
    endloop
  endfacet
  facet normal 0 0 1
    outer loop
      vertex -21.0607 -5.43935 1.8
      vertex -26.5 -1 1.8
      vertex -21.1595 -5.54842 1.8
    endloop
  endfacet
  facet normal 0 0 1
    outer loop
      vertex -20.9516 -5.34048 1.8
      vertex -26.5 -1 1.8
      vertex -21.0607 -5.43935 1.8
    endloop
  endfacet
  facet normal 0 0 1
    outer loop
      vertex -20.8333 -5.25281 1.8
      vertex -26.5 -1 1.8
      vertex -20.9516 -5.34048 1.8
    endloop
  endfacet
  facet normal 0 0 1
    outer loop
      vertex -20.7071 -5.17712 1.8
      vertex -26.5 -1 1.8
      vertex -20.8333 -5.25281 1.8
    endloop
  endfacet
  facet normal 0 0 1
    outer loop
      vertex -20.574 -5.11418 1.8
      vertex -26.5 -1 1.8
      vertex -20.7071 -5.17712 1.8
    endloop
  endfacet
  facet normal 0 0 1
    outer loop
      vertex -20.4354 -5.06459 1.8
      vertex -26.5 -1 1.8
      vertex -20.574 -5.11418 1.8
    endloop
  endfacet
  facet normal 0 0 1
    outer loop
      vertex -20.2926 -5.02882 1.8
      vertex -26.5 -1 1.8
      vertex -20.4354 -5.06459 1.8
    endloop
  endfacet
  facet normal 0 0 1
    outer loop
      vertex -20.147 -5.00723 1.8
      vertex -26.5 -1 1.8
      vertex -20.2926 -5.02882 1.8
    endloop
  endfacet
  facet normal 0 0 1
    outer loop
      vertex -20 -5 1.8
      vertex -26.5 -1 1.8
      vertex -20.147 -5.00723 1.8
    endloop
  endfacet
  facet normal 0 0 1
    outer loop
      vertex 27.1828 -38.9327 1.8
      vertex 26.5 -39 1.8
      vertex 26.843 -38.9831 1.8
    endloop
  endfacet
  facet normal -0 0 1
    outer loop
      vertex 14.4928 -33.647 1.8
      vertex 26.5 -39 1.8
      vertex 14.5 -33.5 1.8
    endloop
  endfacet
  facet normal -0 0 1
    outer loop
      vertex 14.4712 -33.7926 1.8
      vertex 26.5 -39 1.8
      vertex 14.4928 -33.647 1.8
    endloop
  endfacet
  facet normal -0 0 1
    outer loop
      vertex 14.4354 -33.9354 1.8
      vertex 26.5 -39 1.8
      vertex 14.4712 -33.7926 1.8
    endloop
  endfacet
  facet normal -0 0 1
    outer loop
      vertex 14.3858 -34.074 1.8
      vertex 26.5 -39 1.8
      vertex 14.4354 -33.9354 1.8
    endloop
  endfacet
  facet normal -0 0 1
    outer loop
      vertex 14.3229 -34.2071 1.8
      vertex 26.5 -39 1.8
      vertex 14.3858 -34.074 1.8
    endloop
  endfacet
  facet normal -0 0 1
    outer loop
      vertex 14.2472 -34.3333 1.8
      vertex 26.5 -39 1.8
      vertex 14.3229 -34.2071 1.8
    endloop
  endfacet
  facet normal -0 0 1
    outer loop
      vertex 14.1595 -34.4516 1.8
      vertex 26.5 -39 1.8
      vertex 14.2472 -34.3333 1.8
    endloop
  endfacet
  facet normal -0 0 1
    outer loop
      vertex 14.0607 -34.5607 1.8
      vertex 26.5 -39 1.8
      vertex 14.1595 -34.4516 1.8
    endloop
  endfacet
  facet normal -0 0 1
    outer loop
      vertex 13.9516 -34.6595 1.8
      vertex 26.5 -39 1.8
      vertex 14.0607 -34.5607 1.8
    endloop
  endfacet
  facet normal -0 0 1
    outer loop
      vertex 13.8333 -34.7472 1.8
      vertex 26.5 -39 1.8
      vertex 13.9516 -34.6595 1.8
    endloop
  endfacet
  facet normal -0 0 1
    outer loop
      vertex 13.7071 -34.8229 1.8
      vertex 26.5 -39 1.8
      vertex 13.8333 -34.7472 1.8
    endloop
  endfacet
  facet normal -0 0 1
    outer loop
      vertex 13.574 -34.8858 1.8
      vertex 26.5 -39 1.8
      vertex 13.7071 -34.8229 1.8
    endloop
  endfacet
  facet normal -0 0 1
    outer loop
      vertex 13.4354 -34.9354 1.8
      vertex 26.5 -39 1.8
      vertex 13.574 -34.8858 1.8
    endloop
  endfacet
  facet normal -0 0 1
    outer loop
      vertex 13.2926 -34.9712 1.8
      vertex 26.5 -39 1.8
      vertex 13.4354 -34.9354 1.8
    endloop
  endfacet
  facet normal -0 0 1
    outer loop
      vertex 13.147 -34.9928 1.8
      vertex 26.5 -39 1.8
      vertex 13.2926 -34.9712 1.8
    endloop
  endfacet
  facet normal -0 0 1
    outer loop
      vertex 13 -35 1.8
      vertex 26.5 -39 1.8
      vertex 13.147 -34.9928 1.8
    endloop
  endfacet
  facet normal 0 0 1
    outer loop
      vertex -26.5 -39 1.8
      vertex 13 -35 1.8
      vertex -20 -35 1.8
    endloop
  endfacet
  facet normal 0 0 1
    outer loop
      vertex -26.5 -39 1.8
      vertex -20 -35 1.8
      vertex -20.147 -34.9928 1.8
    endloop
  endfacet
  facet normal 0 0 1
    outer loop
      vertex -21.5 -6.5 1.8
      vertex -30 -4.5 1.8
      vertex -21.5 -33.5 1.8
    endloop
  endfacet
  facet normal 0 0 1
    outer loop
      vertex -30 -35.5 1.8
      vertex -21.5 -33.5 1.8
      vertex -30 -4.5 1.8
    endloop
  endfacet
  facet normal 0 0 1
    outer loop
      vertex 13 -35 1.8
      vertex -26.5 -39 1.8
      vertex 26.5 -39 1.8
    endloop
  endfacet
  facet normal 0 0 1
    outer loop
      vertex -20.2926 -34.9712 1.8
      vertex -26.5 -39 1.8
      vertex -20.147 -34.9928 1.8
    endloop
  endfacet
  facet normal 0 0 1
    outer loop
      vertex -20.4354 -34.9354 1.8
      vertex -26.5 -39 1.8
      vertex -20.2926 -34.9712 1.8
    endloop
  endfacet
  facet normal 0 0 1
    outer loop
      vertex -20.574 -34.8858 1.8
      vertex -26.5 -39 1.8
      vertex -20.4354 -34.9354 1.8
    endloop
  endfacet
  facet normal 0 0 1
    outer loop
      vertex -20.7071 -34.8229 1.8
      vertex -26.5 -39 1.8
      vertex -20.574 -34.8858 1.8
    endloop
  endfacet
  facet normal 0 0 1
    outer loop
      vertex -20.8333 -34.7472 1.8
      vertex -26.5 -39 1.8
      vertex -20.7071 -34.8229 1.8
    endloop
  endfacet
  facet normal 0 0 1
    outer loop
      vertex -20.9516 -34.6595 1.8
      vertex -26.5 -39 1.8
      vertex -20.8333 -34.7472 1.8
    endloop
  endfacet
  facet normal 0 0 1
    outer loop
      vertex -21.0607 -34.5607 1.8
      vertex -26.5 -39 1.8
      vertex -20.9516 -34.6595 1.8
    endloop
  endfacet
  facet normal 0 0 1
    outer loop
      vertex -21.1595 -34.4516 1.8
      vertex -26.5 -39 1.8
      vertex -21.0607 -34.5607 1.8
    endloop
  endfacet
  facet normal 0 0 1
    outer loop
      vertex -21.2472 -34.3333 1.8
      vertex -26.5 -39 1.8
      vertex -21.1595 -34.4516 1.8
    endloop
  endfacet
  facet normal 0 0 1
    outer loop
      vertex -21.3229 -34.2071 1.8
      vertex -26.5 -39 1.8
      vertex -21.2472 -34.3333 1.8
    endloop
  endfacet
  facet normal 0 0 1
    outer loop
      vertex -21.3858 -34.074 1.8
      vertex -26.5 -39 1.8
      vertex -21.3229 -34.2071 1.8
    endloop
  endfacet
  facet normal 0 0 1
    outer loop
      vertex -21.4354 -33.9354 1.8
      vertex -26.5 -39 1.8
      vertex -21.3858 -34.074 1.8
    endloop
  endfacet
  facet normal 0 0 1
    outer loop
      vertex -21.4712 -33.7926 1.8
      vertex -26.5 -39 1.8
      vertex -21.4354 -33.9354 1.8
    endloop
  endfacet
  facet normal 0 0 1
    outer loop
      vertex -21.5 -33.5 1.8
      vertex -30 -35.5 1.8
      vertex -21.4928 -33.647 1.8
    endloop
  endfacet
  facet normal 0 0 1
    outer loop
      vertex -30 -4.5 1.8
      vertex -26.5 -1 1.8
      vertex -26.843 -1.01686 1.8
    endloop
  endfacet
  facet normal 0 0 1
    outer loop
      vertex -21.4928 -33.647 1.8
      vertex -30 -35.5 1.8
      vertex -21.4712 -33.7926 1.8
    endloop
  endfacet
  facet normal 0 0 1
    outer loop
      vertex -30 -4.5 1.8
      vertex -26.843 -1.01686 1.8
      vertex -27.1828 -1.06726 1.8
    endloop
  endfacet
  facet normal 0 0 1
    outer loop
      vertex -21.4712 -33.7926 1.8
      vertex -30 -35.5 1.8
      vertex -26.5 -39 1.8
    endloop
  endfacet
  facet normal 0 0 1
    outer loop
      vertex -30 -4.5 1.8
      vertex -27.1828 -1.06726 1.8
      vertex -27.516 -1.15071 1.8
    endloop
  endfacet
  facet normal 0 0 1
    outer loop
      vertex -26.5 -39 1.8
      vertex -30 -35.5 1.8
      vertex -26.843 -38.9831 1.8
    endloop
  endfacet
  facet normal 0 0 1
    outer loop
      vertex -30 -4.5 1.8
      vertex -27.516 -1.15071 1.8
      vertex -27.8394 -1.26643 1.8
    endloop
  endfacet
  facet normal 0 0 1
    outer loop
      vertex -26.843 -38.9831 1.8
      vertex -30 -35.5 1.8
      vertex -27.1828 -38.9327 1.8
    endloop
  endfacet
  facet normal 0 0 1
    outer loop
      vertex -30 -4.5 1.8
      vertex -27.8394 -1.26643 1.8
      vertex -28.1499 -1.41328 1.8
    endloop
  endfacet
  facet normal 0 0 1
    outer loop
      vertex -27.1828 -38.9327 1.8
      vertex -30 -35.5 1.8
      vertex -27.516 -38.8493 1.8
    endloop
  endfacet
  facet normal 0 0 1
    outer loop
      vertex -30 -4.5 1.8
      vertex -28.1499 -1.41328 1.8
      vertex -28.4445 -1.58986 1.8
    endloop
  endfacet
  facet normal 0 0 1
    outer loop
      vertex -27.516 -38.8493 1.8
      vertex -30 -35.5 1.8
      vertex -27.8394 -38.7336 1.8
    endloop
  endfacet
  facet normal 0 0 1
    outer loop
      vertex -30 -4.5 1.8
      vertex -28.4445 -1.58986 1.8
      vertex -28.7204 -1.79446 1.8
    endloop
  endfacet
  facet normal 0 0 1
    outer loop
      vertex -27.8394 -38.7336 1.8
      vertex -30 -35.5 1.8
      vertex -28.1499 -38.5867 1.8
    endloop
  endfacet
  facet normal 0 0 1
    outer loop
      vertex -30 -4.5 1.8
      vertex -28.7204 -1.79446 1.8
      vertex -28.9749 -2.02513 1.8
    endloop
  endfacet
  facet normal 0 0 1
    outer loop
      vertex -28.1499 -38.5867 1.8
      vertex -30 -35.5 1.8
      vertex -28.4445 -38.4101 1.8
    endloop
  endfacet
  facet normal 0 0 1
    outer loop
      vertex -30 -4.5 1.8
      vertex -28.9749 -2.02513 1.8
      vertex -29.2055 -2.27963 1.8
    endloop
  endfacet
  facet normal 0 0 1
    outer loop
      vertex -28.4445 -38.4101 1.8
      vertex -30 -35.5 1.8
      vertex -28.7204 -38.2055 1.8
    endloop
  endfacet
  facet normal 0 0 1
    outer loop
      vertex -30 -4.5 1.8
      vertex -29.2055 -2.27963 1.8
      vertex -29.4101 -2.55551 1.8
    endloop
  endfacet
  facet normal 0 0 1
    outer loop
      vertex -28.7204 -38.2055 1.8
      vertex -30 -35.5 1.8
      vertex -28.9749 -37.9749 1.8
    endloop
  endfacet
  facet normal 0 0 1
    outer loop
      vertex -30 -4.5 1.8
      vertex -29.4101 -2.55551 1.8
      vertex -29.5867 -2.85011 1.8
    endloop
  endfacet
  facet normal 0 0 1
    outer loop
      vertex -28.9749 -37.9749 1.8
      vertex -30 -35.5 1.8
      vertex -29.2055 -37.7204 1.8
    endloop
  endfacet
  facet normal 0 0 1
    outer loop
      vertex -30 -4.5 1.8
      vertex -29.5867 -2.85011 1.8
      vertex -29.7336 -3.16061 1.8
    endloop
  endfacet
  facet normal 0 0 1
    outer loop
      vertex -29.2055 -37.7204 1.8
      vertex -30 -35.5 1.8
      vertex -29.4101 -37.4445 1.8
    endloop
  endfacet
  facet normal 0 0 1
    outer loop
      vertex -30 -4.5 1.8
      vertex -29.7336 -3.16061 1.8
      vertex -29.8493 -3.48401 1.8
    endloop
  endfacet
  facet normal 0 0 1
    outer loop
      vertex -29.4101 -37.4445 1.8
      vertex -30 -35.5 1.8
      vertex -29.5867 -37.1499 1.8
    endloop
  endfacet
  facet normal 0 0 1
    outer loop
      vertex -30 -4.5 1.8
      vertex -29.8493 -3.48401 1.8
      vertex -29.9327 -3.81718 1.8
    endloop
  endfacet
  facet normal 0 0 1
    outer loop
      vertex -29.5867 -37.1499 1.8
      vertex -30 -35.5 1.8
      vertex -29.7336 -36.8394 1.8
    endloop
  endfacet
  facet normal 0 0 1
    outer loop
      vertex -30 -4.5 1.8
      vertex -29.9327 -3.81718 1.8
      vertex -29.9831 -4.15695 1.8
    endloop
  endfacet
  facet normal 0 0 1
    outer loop
      vertex -29.7336 -36.8394 1.8
      vertex -30 -35.5 1.8
      vertex -29.8493 -36.516 1.8
    endloop
  endfacet
  facet normal 0 0 1
    outer loop
      vertex -29.8493 -36.516 1.8
      vertex -30 -35.5 1.8
      vertex -29.9327 -36.1828 1.8
    endloop
  endfacet
  facet normal 0 0 1
    outer loop
      vertex -29.9327 -36.1828 1.8
      vertex -30 -35.5 1.8
      vertex -29.9831 -35.843 1.8
    endloop
  endfacet
  facet normal 0 -1 0
    outer loop
      vertex -19.5646 -1 9.93541
      vertex -26.5 -1 15.5
      vertex -19.7074 -1 9.97118
    endloop
  endfacet
  facet normal 0 -1 0
    outer loop
      vertex 26.5 -1 15.5
      vertex 19.853 -1 9.99278
      vertex 20 -1 10
    endloop
  endfacet
  facet normal 0 -1 0
    outer loop
      vertex -19.426 -1 9.88582
      vertex -26.5 -1 15.5
      vertex -19.5646 -1 9.93541
    endloop
  endfacet
  facet normal 0 -1 0
    outer loop
      vertex 26.5 -1 15.5
      vertex 19.7074 -1 9.97118
      vertex 19.853 -1 9.99278
    endloop
  endfacet
  facet normal 0 -1 0
    outer loop
      vertex -19.2929 -1 9.82288
      vertex -26.5 -1 15.5
      vertex -19.426 -1 9.88582
    endloop
  endfacet
  facet normal 0 -1 0
    outer loop
      vertex 26.5 -1 15.5
      vertex 19.5646 -1 9.93541
      vertex 19.7074 -1 9.97118
    endloop
  endfacet
  facet normal 0 -1 0
    outer loop
      vertex -26.5 -1 15.5
      vertex -19.2929 -1 9.82288
      vertex 26.5 -1 15.5
    endloop
  endfacet
  facet normal 0 -1 0
    outer loop
      vertex 26.5 -1 15.5
      vertex 19.426 -1 9.88582
      vertex 19.5646 -1 9.93541
    endloop
  endfacet
  facet normal 0 -1 0
    outer loop
      vertex 19.2929 -1 9.82288
      vertex 26.5 -1 15.5
      vertex -19.2929 -1 9.82288
    endloop
  endfacet
  facet normal 0 -1 0
    outer loop
      vertex 26.5 -1 15.5
      vertex 19.2929 -1 9.82288
      vertex 19.426 -1 9.88582
    endloop
  endfacet
  facet normal 0 -1 0
    outer loop
      vertex -19.1666 -1 9.7472
      vertex 19.2929 -1 9.82288
      vertex -19.2929 -1 9.82288
    endloop
  endfacet
  facet normal 0 -1 0
    outer loop
      vertex -19.1666 -1 9.7472
      vertex 19.1666 -1 9.7472
      vertex 19.2929 -1 9.82288
    endloop
  endfacet
  facet normal 0 -1 0
    outer loop
      vertex -19.0484 -1 9.65952
      vertex 19.1666 -1 9.7472
      vertex -19.1666 -1 9.7472
    endloop
  endfacet
  facet normal 0 -1 0
    outer loop
      vertex -19.0484 -1 9.65952
      vertex 19.0484 -1 9.65952
      vertex 19.1666 -1 9.7472
    endloop
  endfacet
  facet normal 0 -1 0
    outer loop
      vertex -18.9393 -1 9.56066
      vertex 19.0484 -1 9.65952
      vertex -19.0484 -1 9.65952
    endloop
  endfacet
  facet normal 0 -1 0
    outer loop
      vertex -18.9393 -1 9.56066
      vertex 18.9393 -1 9.56066
      vertex 19.0484 -1 9.65952
    endloop
  endfacet
  facet normal 0 -1 0
    outer loop
      vertex -18.8405 -1 9.45159
      vertex 18.9393 -1 9.56066
      vertex -18.9393 -1 9.56066
    endloop
  endfacet
  facet normal 0 -1 0
    outer loop
      vertex -18.8405 -1 9.45159
      vertex 18.8405 -1 9.45159
      vertex 18.9393 -1 9.56066
    endloop
  endfacet
  facet normal 0 -1 0
    outer loop
      vertex -18.7528 -1 9.33335
      vertex 18.8405 -1 9.45159
      vertex -18.8405 -1 9.45159
    endloop
  endfacet
  facet normal 0 -1 0
    outer loop
      vertex -18.7528 -1 9.33335
      vertex 18.7528 -1 9.33335
      vertex 18.8405 -1 9.45159
    endloop
  endfacet
  facet normal 0 -1 0
    outer loop
      vertex -18.6771 -1 9.20709
      vertex 18.7528 -1 9.33335
      vertex -18.7528 -1 9.33335
    endloop
  endfacet
  facet normal 0 -1 0
    outer loop
      vertex -18.6771 -1 9.20709
      vertex 18.6771 -1 9.20709
      vertex 18.7528 -1 9.33335
    endloop
  endfacet
  facet normal 0 -1 0
    outer loop
      vertex -18.6142 -1 9.07402
      vertex 18.6771 -1 9.20709
      vertex -18.6771 -1 9.20709
    endloop
  endfacet
  facet normal 0 -1 0
    outer loop
      vertex -18.6142 -1 9.07402
      vertex 18.6142 -1 9.07402
      vertex 18.6771 -1 9.20709
    endloop
  endfacet
  facet normal 0 -1 0
    outer loop
      vertex -18.5646 -1 8.93543
      vertex 18.6142 -1 9.07402
      vertex -18.6142 -1 9.07402
    endloop
  endfacet
  facet normal 0 -1 0
    outer loop
      vertex -18.5646 -1 8.93543
      vertex 18.5646 -1 8.93543
      vertex 18.6142 -1 9.07402
    endloop
  endfacet
  facet normal 0 -1 0
    outer loop
      vertex -18.5288 -1 8.79263
      vertex 18.5646 -1 8.93543
      vertex -18.5646 -1 8.93543
    endloop
  endfacet
  facet normal 0 -1 0
    outer loop
      vertex -18.5288 -1 8.79263
      vertex 18.5288 -1 8.79263
      vertex 18.5646 -1 8.93543
    endloop
  endfacet
  facet normal 0 -1 0
    outer loop
      vertex -18.5072 -1 8.64703
      vertex 18.5288 -1 8.79263
      vertex -18.5288 -1 8.79263
    endloop
  endfacet
  facet normal 0 -1 0
    outer loop
      vertex -18.5072 -1 8.64703
      vertex 18.5072 -1 8.64703
      vertex 18.5288 -1 8.79263
    endloop
  endfacet
  facet normal 0 -1 0
    outer loop
      vertex -18.5 -1 8.5
      vertex 18.5072 -1 8.64703
      vertex -18.5072 -1 8.64703
    endloop
  endfacet
  facet normal 0 -1 0
    outer loop
      vertex -18.5 -1 8.5
      vertex 18.5 -1 8.5
      vertex 18.5072 -1 8.64703
    endloop
  endfacet
  facet normal 0 -1 0
    outer loop
      vertex -18.5072 -1 8.35297
      vertex 18.5 -1 8.5
      vertex -18.5 -1 8.5
    endloop
  endfacet
  facet normal 0 -1 0
    outer loop
      vertex -18.5072 -1 8.35297
      vertex 18.5072 -1 8.35297
      vertex 18.5 -1 8.5
    endloop
  endfacet
  facet normal 0 -1 0
    outer loop
      vertex -18.5288 -1 8.20737
      vertex 18.5072 -1 8.35297
      vertex -18.5072 -1 8.35297
    endloop
  endfacet
  facet normal 0 -1 0
    outer loop
      vertex -18.5288 -1 8.20737
      vertex 18.5288 -1 8.20737
      vertex 18.5072 -1 8.35297
    endloop
  endfacet
  facet normal 0 -1 0
    outer loop
      vertex -18.5646 -1 8.06457
      vertex 18.5288 -1 8.20737
      vertex -18.5288 -1 8.20737
    endloop
  endfacet
  facet normal 0 -1 0
    outer loop
      vertex -18.5646 -1 8.06457
      vertex 18.5646 -1 8.06457
      vertex 18.5288 -1 8.20737
    endloop
  endfacet
  facet normal 0 -1 0
    outer loop
      vertex -18.6142 -1 7.92598
      vertex 18.5646 -1 8.06457
      vertex -18.5646 -1 8.06457
    endloop
  endfacet
  facet normal 0 -1 0
    outer loop
      vertex -18.6142 -1 7.92598
      vertex 18.6142 -1 7.92598
      vertex 18.5646 -1 8.06457
    endloop
  endfacet
  facet normal 0 -1 0
    outer loop
      vertex -18.6771 -1 7.79291
      vertex 18.6142 -1 7.92598
      vertex -18.6142 -1 7.92598
    endloop
  endfacet
  facet normal 0 -1 0
    outer loop
      vertex -18.6771 -1 7.79291
      vertex 18.6771 -1 7.79291
      vertex 18.6142 -1 7.92598
    endloop
  endfacet
  facet normal 0 -1 0
    outer loop
      vertex -18.7528 -1 7.66665
      vertex 18.6771 -1 7.79291
      vertex -18.6771 -1 7.79291
    endloop
  endfacet
  facet normal 0 -1 0
    outer loop
      vertex -18.7528 -1 7.66665
      vertex 18.7528 -1 7.66665
      vertex 18.6771 -1 7.79291
    endloop
  endfacet
  facet normal 0 -1 0
    outer loop
      vertex -18.8405 -1 7.54841
      vertex 18.7528 -1 7.66665
      vertex -18.7528 -1 7.66665
    endloop
  endfacet
  facet normal 0 -1 0
    outer loop
      vertex -18.8405 -1 7.54841
      vertex 18.8405 -1 7.54841
      vertex 18.7528 -1 7.66665
    endloop
  endfacet
  facet normal 0 -1 0
    outer loop
      vertex -18.9393 -1 7.43934
      vertex 18.8405 -1 7.54841
      vertex -18.8405 -1 7.54841
    endloop
  endfacet
  facet normal 0 -1 0
    outer loop
      vertex -18.9393 -1 7.43934
      vertex 18.9393 -1 7.43934
      vertex 18.8405 -1 7.54841
    endloop
  endfacet
  facet normal 0 -1 0
    outer loop
      vertex -19.0484 -1 7.34048
      vertex 18.9393 -1 7.43934
      vertex -18.9393 -1 7.43934
    endloop
  endfacet
  facet normal 0 -1 0
    outer loop
      vertex -19.0484 -1 7.34048
      vertex 19.0484 -1 7.34048
      vertex 18.9393 -1 7.43934
    endloop
  endfacet
  facet normal 0 -1 0
    outer loop
      vertex -19.1666 -1 7.2528
      vertex 19.0484 -1 7.34048
      vertex -19.0484 -1 7.34048
    endloop
  endfacet
  facet normal 0 -1 0
    outer loop
      vertex -19.1666 -1 7.2528
      vertex 19.1666 -1 7.2528
      vertex 19.0484 -1 7.34048
    endloop
  endfacet
  facet normal 0 -1 0
    outer loop
      vertex -19.2929 -1 7.17712
      vertex 19.1666 -1 7.2528
      vertex -19.1666 -1 7.2528
    endloop
  endfacet
  facet normal 0 -1 0
    outer loop
      vertex -19.2929 -1 7.17712
      vertex 19.2929 -1 7.17712
      vertex 19.1666 -1 7.2528
    endloop
  endfacet
  facet normal 0 -1 0
    outer loop
      vertex -26.5 -1 1.8
      vertex -19.2929 -1 7.17712
      vertex -19.426 -1 7.11418
    endloop
  endfacet
  facet normal 0 -1 -0
    outer loop
      vertex -19.2929 -1 7.17712
      vertex -26.5 -1 1.8
      vertex 19.2929 -1 7.17712
    endloop
  endfacet
  facet normal 0 -1 0
    outer loop
      vertex -26.5 -1 1.8
      vertex -19.426 -1 7.11418
      vertex -19.5646 -1 7.06459
    endloop
  endfacet
  facet normal 0 -1 0
    outer loop
      vertex 26.5 -1 1.8
      vertex 19.2929 -1 7.17712
      vertex -26.5 -1 1.8
    endloop
  endfacet
  facet normal 0 -1 0
    outer loop
      vertex -26.5 -1 1.8
      vertex -19.5646 -1 7.06459
      vertex -19.7074 -1 7.02882
    endloop
  endfacet
  facet normal 0 -1 0
    outer loop
      vertex 19.2929 -1 7.17712
      vertex 26.5 -1 1.8
      vertex 19.426 -1 7.11418
    endloop
  endfacet
  facet normal 0 -1 0
    outer loop
      vertex -26.5 -1 1.8
      vertex -19.7074 -1 7.02882
      vertex -19.853 -1 7.00722
    endloop
  endfacet
  facet normal 0 -1 0
    outer loop
      vertex 19.426 -1 7.11418
      vertex 26.5 -1 1.8
      vertex 19.5646 -1 7.06459
    endloop
  endfacet
  facet normal 0 -1 0
    outer loop
      vertex -26.5 -1 1.8
      vertex -19.853 -1 7.00722
      vertex -20 -1 7
    endloop
  endfacet
  facet normal 0 -1 0
    outer loop
      vertex 19.5646 -1 7.06459
      vertex 26.5 -1 1.8
      vertex 19.7074 -1 7.02882
    endloop
  endfacet
  facet normal 0 -1 0
    outer loop
      vertex -19.853 -1 9.99278
      vertex -26.5 -1 15.5
      vertex -20 -1 10
    endloop
  endfacet
  facet normal 0 -1 0
    outer loop
      vertex -26.5 -1 15.5
      vertex -20.147 -1 9.99278
      vertex -20 -1 10
    endloop
  endfacet
  facet normal 0 -1 0
    outer loop
      vertex -26.5 -1 15.5
      vertex -20.2926 -1 9.97118
      vertex -20.147 -1 9.99278
    endloop
  endfacet
  facet normal 0 -1 0
    outer loop
      vertex -26.5 -1 15.5
      vertex -20.4354 -1 9.93541
      vertex -20.2926 -1 9.97118
    endloop
  endfacet
  facet normal 0 -1 0
    outer loop
      vertex -26.5 -1 15.5
      vertex -20.574 -1 9.88582
      vertex -20.4354 -1 9.93541
    endloop
  endfacet
  facet normal 0 -1 0
    outer loop
      vertex -26.5 -1 15.5
      vertex -20.7071 -1 9.82288
      vertex -20.574 -1 9.88582
    endloop
  endfacet
  facet normal 0 -1 0
    outer loop
      vertex -26.5 -1 15.5
      vertex -20.8334 -1 9.7472
      vertex -20.7071 -1 9.82288
    endloop
  endfacet
  facet normal 0 -1 0
    outer loop
      vertex -26.5 -1 15.5
      vertex -20.9516 -1 9.65952
      vertex -20.8334 -1 9.7472
    endloop
  endfacet
  facet normal 0 -1 0
    outer loop
      vertex -26.5 -1 15.5
      vertex -21.0607 -1 9.56066
      vertex -20.9516 -1 9.65952
    endloop
  endfacet
  facet normal 0 -1 0
    outer loop
      vertex -26.5 -1 15.5
      vertex -21.1595 -1 9.45159
      vertex -21.0607 -1 9.56066
    endloop
  endfacet
  facet normal 0 -1 0
    outer loop
      vertex -26.5 -1 15.5
      vertex -21.2472 -1 9.33335
      vertex -21.1595 -1 9.45159
    endloop
  endfacet
  facet normal 0 -1 0
    outer loop
      vertex -26.5 -1 15.5
      vertex -21.3229 -1 9.20709
      vertex -21.2472 -1 9.33335
    endloop
  endfacet
  facet normal 0 -1 0
    outer loop
      vertex -26.5 -1 15.5
      vertex -21.3858 -1 9.07402
      vertex -21.3229 -1 9.20709
    endloop
  endfacet
  facet normal 0 -1 0
    outer loop
      vertex -26.5 -1 15.5
      vertex -21.4354 -1 8.93543
      vertex -21.3858 -1 9.07402
    endloop
  endfacet
  facet normal 0 -1 0
    outer loop
      vertex -26.5 -1 15.5
      vertex -21.4712 -1 8.79263
      vertex -21.4354 -1 8.93543
    endloop
  endfacet
  facet normal 0 -1 0
    outer loop
      vertex -26.5 -1 15.5
      vertex -21.4928 -1 8.64703
      vertex -21.4712 -1 8.79263
    endloop
  endfacet
  facet normal 0 -1 0
    outer loop
      vertex -26.5 -1 15.5
      vertex -21.5 -1 8.5
      vertex -21.4928 -1 8.64703
    endloop
  endfacet
  facet normal 0 -1 0
    outer loop
      vertex -26.5 -1 1.8
      vertex -21.5 -1 8.5
      vertex -26.5 -1 15.5
    endloop
  endfacet
  facet normal 0 -1 -0
    outer loop
      vertex -21.5 -1 8.5
      vertex -26.5 -1 1.8
      vertex -21.4928 -1 8.35297
    endloop
  endfacet
  facet normal 0 -1 -0
    outer loop
      vertex -21.4928 -1 8.35297
      vertex -26.5 -1 1.8
      vertex -21.4712 -1 8.20737
    endloop
  endfacet
  facet normal 0 -1 -0
    outer loop
      vertex -21.4712 -1 8.20737
      vertex -26.5 -1 1.8
      vertex -21.4354 -1 8.06457
    endloop
  endfacet
  facet normal 0 -1 -0
    outer loop
      vertex -21.4354 -1 8.06457
      vertex -26.5 -1 1.8
      vertex -21.3858 -1 7.92598
    endloop
  endfacet
  facet normal 0 -1 -0
    outer loop
      vertex -21.3858 -1 7.92598
      vertex -26.5 -1 1.8
      vertex -21.3229 -1 7.79291
    endloop
  endfacet
  facet normal 0 -1 0
    outer loop
      vertex 19.7074 -1 7.02882
      vertex 26.5 -1 1.8
      vertex 19.853 -1 7.00722
    endloop
  endfacet
  facet normal 0 -1 -0
    outer loop
      vertex -20.147 -1 7.00722
      vertex -26.5 -1 1.8
      vertex -20 -1 7
    endloop
  endfacet
  facet normal 0 -1 -0
    outer loop
      vertex -20.2926 -1 7.02882
      vertex -26.5 -1 1.8
      vertex -20.147 -1 7.00722
    endloop
  endfacet
  facet normal 0 -1 -0
    outer loop
      vertex -20.4354 -1 7.06459
      vertex -26.5 -1 1.8
      vertex -20.2926 -1 7.02882
    endloop
  endfacet
  facet normal 0 -1 -0
    outer loop
      vertex -20.574 -1 7.11418
      vertex -26.5 -1 1.8
      vertex -20.4354 -1 7.06459
    endloop
  endfacet
  facet normal 0 -1 -0
    outer loop
      vertex -20.7071 -1 7.17712
      vertex -26.5 -1 1.8
      vertex -20.574 -1 7.11418
    endloop
  endfacet
  facet normal 0 -1 -0
    outer loop
      vertex -20.8334 -1 7.2528
      vertex -26.5 -1 1.8
      vertex -20.7071 -1 7.17712
    endloop
  endfacet
  facet normal 0 -1 -0
    outer loop
      vertex -20.9516 -1 7.34048
      vertex -26.5 -1 1.8
      vertex -20.8334 -1 7.2528
    endloop
  endfacet
  facet normal 0 -1 -0
    outer loop
      vertex -21.0607 -1 7.43934
      vertex -26.5 -1 1.8
      vertex -20.9516 -1 7.34048
    endloop
  endfacet
  facet normal 0 -1 -0
    outer loop
      vertex -21.1595 -1 7.54841
      vertex -26.5 -1 1.8
      vertex -21.0607 -1 7.43934
    endloop
  endfacet
  facet normal 0 -1 -0
    outer loop
      vertex -21.2472 -1 7.66665
      vertex -26.5 -1 1.8
      vertex -21.1595 -1 7.54841
    endloop
  endfacet
  facet normal 0 -1 -0
    outer loop
      vertex -21.3229 -1 7.79291
      vertex -26.5 -1 1.8
      vertex -21.2472 -1 7.66665
    endloop
  endfacet
  facet normal 0 -1 0
    outer loop
      vertex -19.7074 -1 9.97118
      vertex -26.5 -1 15.5
      vertex -19.853 -1 9.99278
    endloop
  endfacet
  facet normal 0 -1 0
    outer loop
      vertex 20.147 -1 9.99278
      vertex 26.5 -1 15.5
      vertex 20 -1 10
    endloop
  endfacet
  facet normal 0 -1 0
    outer loop
      vertex 20.2926 -1 9.97118
      vertex 26.5 -1 15.5
      vertex 20.147 -1 9.99278
    endloop
  endfacet
  facet normal 0 -1 0
    outer loop
      vertex 20.4354 -1 9.93541
      vertex 26.5 -1 15.5
      vertex 20.2926 -1 9.97118
    endloop
  endfacet
  facet normal 0 -1 0
    outer loop
      vertex 20.574 -1 9.88582
      vertex 26.5 -1 15.5
      vertex 20.4354 -1 9.93541
    endloop
  endfacet
  facet normal 0 -1 0
    outer loop
      vertex 20.7071 -1 9.82288
      vertex 26.5 -1 15.5
      vertex 20.574 -1 9.88582
    endloop
  endfacet
  facet normal 0 -1 0
    outer loop
      vertex 20.8334 -1 9.7472
      vertex 26.5 -1 15.5
      vertex 20.7071 -1 9.82288
    endloop
  endfacet
  facet normal 0 -1 0
    outer loop
      vertex 20.9516 -1 9.65952
      vertex 26.5 -1 15.5
      vertex 20.8334 -1 9.7472
    endloop
  endfacet
  facet normal 0 -1 0
    outer loop
      vertex 21.0607 -1 9.56066
      vertex 26.5 -1 15.5
      vertex 20.9516 -1 9.65952
    endloop
  endfacet
  facet normal 0 -1 0
    outer loop
      vertex 21.1595 -1 9.45159
      vertex 26.5 -1 15.5
      vertex 21.0607 -1 9.56066
    endloop
  endfacet
  facet normal 0 -1 0
    outer loop
      vertex 21.2472 -1 9.33335
      vertex 26.5 -1 15.5
      vertex 21.1595 -1 9.45159
    endloop
  endfacet
  facet normal 0 -1 0
    outer loop
      vertex 21.3229 -1 9.20709
      vertex 26.5 -1 15.5
      vertex 21.2472 -1 9.33335
    endloop
  endfacet
  facet normal 0 -1 0
    outer loop
      vertex 21.3858 -1 9.07402
      vertex 26.5 -1 15.5
      vertex 21.3229 -1 9.20709
    endloop
  endfacet
  facet normal 0 -1 0
    outer loop
      vertex 21.4354 -1 8.93543
      vertex 26.5 -1 15.5
      vertex 21.3858 -1 9.07402
    endloop
  endfacet
  facet normal 0 -1 0
    outer loop
      vertex 21.4712 -1 8.79263
      vertex 26.5 -1 15.5
      vertex 21.4354 -1 8.93543
    endloop
  endfacet
  facet normal 0 -1 0
    outer loop
      vertex 21.4928 -1 8.64703
      vertex 26.5 -1 15.5
      vertex 21.4712 -1 8.79263
    endloop
  endfacet
  facet normal 0 -1 0
    outer loop
      vertex 21.5 -1 8.5
      vertex 26.5 -1 15.5
      vertex 21.4928 -1 8.64703
    endloop
  endfacet
  facet normal 0 -1 0
    outer loop
      vertex 26.5 -1 1.8
      vertex 21.5 -1 8.5
      vertex 21.4928 -1 8.35297
    endloop
  endfacet
  facet normal 0 -1 0
    outer loop
      vertex 26.5 -1 1.8
      vertex 21.4928 -1 8.35297
      vertex 21.4712 -1 8.20737
    endloop
  endfacet
  facet normal 0 -1 0
    outer loop
      vertex 26.5 -1 1.8
      vertex 21.4712 -1 8.20737
      vertex 21.4354 -1 8.06457
    endloop
  endfacet
  facet normal 0 -1 0
    outer loop
      vertex 26.5 -1 1.8
      vertex 21.4354 -1 8.06457
      vertex 21.3858 -1 7.92598
    endloop
  endfacet
  facet normal 0 -1 0
    outer loop
      vertex 26.5 -1 1.8
      vertex 21.3858 -1 7.92598
      vertex 21.3229 -1 7.79291
    endloop
  endfacet
  facet normal 0 -1 0
    outer loop
      vertex 26.5 -1 1.8
      vertex 21.3229 -1 7.79291
      vertex 21.2472 -1 7.66665
    endloop
  endfacet
  facet normal 0 -1 0
    outer loop
      vertex 19.853 -1 7.00722
      vertex 26.5 -1 1.8
      vertex 20 -1 7
    endloop
  endfacet
  facet normal 0 -1 0
    outer loop
      vertex 21.5 -1 8.5
      vertex 26.5 -1 1.8
      vertex 26.5 -1 15.5
    endloop
  endfacet
  facet normal 0 -1 0
    outer loop
      vertex 21.1595 -1 7.54841
      vertex 26.5 -1 1.8
      vertex 21.2472 -1 7.66665
    endloop
  endfacet
  facet normal 0 -1 0
    outer loop
      vertex 21.0607 -1 7.43934
      vertex 26.5 -1 1.8
      vertex 21.1595 -1 7.54841
    endloop
  endfacet
  facet normal 0 -1 0
    outer loop
      vertex 20.9516 -1 7.34048
      vertex 26.5 -1 1.8
      vertex 21.0607 -1 7.43934
    endloop
  endfacet
  facet normal 0 -1 0
    outer loop
      vertex 20.8334 -1 7.2528
      vertex 26.5 -1 1.8
      vertex 20.9516 -1 7.34048
    endloop
  endfacet
  facet normal 0 -1 0
    outer loop
      vertex 20.7071 -1 7.17712
      vertex 26.5 -1 1.8
      vertex 20.8334 -1 7.2528
    endloop
  endfacet
  facet normal 0 -1 0
    outer loop
      vertex 20.574 -1 7.11418
      vertex 26.5 -1 1.8
      vertex 20.7071 -1 7.17712
    endloop
  endfacet
  facet normal 0 -1 0
    outer loop
      vertex 20.4354 -1 7.06459
      vertex 26.5 -1 1.8
      vertex 20.574 -1 7.11418
    endloop
  endfacet
  facet normal 0 -1 0
    outer loop
      vertex 20.2926 -1 7.02882
      vertex 26.5 -1 1.8
      vertex 20.4354 -1 7.06459
    endloop
  endfacet
  facet normal 0 -1 0
    outer loop
      vertex 20.147 -1 7.00722
      vertex 26.5 -1 1.8
      vertex 20.2926 -1 7.02882
    endloop
  endfacet
  facet normal 0 -1 0
    outer loop
      vertex 20 -1 7
      vertex 26.5 -1 1.8
      vertex 20.147 -1 7.00722
    endloop
  endfacet
  facet normal 0.0490952 -0.998794 0
    outer loop
      vertex -26.843 -1.01686 1.8
      vertex -26.5 -1 15.5
      vertex -26.843 -1.01686 15.5
    endloop
  endfacet
  facet normal 0.0490952 -0.998794 0
    outer loop
      vertex -26.5 -1 15.5
      vertex -26.843 -1.01686 1.8
      vertex -26.5 -1 1.8
    endloop
  endfacet
  facet normal -0.336904 -0.941539 0
    outer loop
      vertex 27.516 -1.15071 1.8
      vertex 27.8394 -1.26643 15.5
      vertex 27.516 -1.15071 15.5
    endloop
  endfacet
  facet normal -0.336904 -0.941539 -0
    outer loop
      vertex 27.8394 -1.26643 15.5
      vertex 27.516 -1.15071 1.8
      vertex 27.8394 -1.26643 1.8
    endloop
  endfacet
  facet normal -0.146717 0.989178 0
    outer loop
      vertex 27.1828 -38.9327 1.8
      vertex 26.843 -38.9831 15.5
      vertex 27.1828 -38.9327 15.5
    endloop
  endfacet
  facet normal -0.146717 0.989178 0
    outer loop
      vertex 26.843 -38.9831 15.5
      vertex 27.1828 -38.9327 1.8
      vertex 26.843 -38.9831 1.8
    endloop
  endfacet
  facet normal -0.336853 0.941557 0
    outer loop
      vertex 27.8394 -38.7336 1.8
      vertex 27.516 -38.8493 15.5
      vertex 27.8394 -38.7336 15.5
    endloop
  endfacet
  facet normal -0.336853 0.941557 0
    outer loop
      vertex 27.516 -38.8493 15.5
      vertex 27.8394 -38.7336 1.8
      vertex 27.516 -38.8493 1.8
    endloop
  endfacet
  facet normal -1 0 0
    outer loop
      vertex 30 -35.5 1.8
      vertex 30 -4.5 15.5
      vertex 30 -4.5 1.8
    endloop
  endfacet
  facet normal -1 -0 0
    outer loop
      vertex 30 -4.5 15.5
      vertex 30 -35.5 1.8
      vertex 30 -35.5 15.5
    endloop
  endfacet
  facet normal -0.242947 -0.97004 0
    outer loop
      vertex 27.1828 -1.06726 1.8
      vertex 27.516 -1.15071 15.5
      vertex 27.1828 -1.06726 15.5
    endloop
  endfacet
  facet normal -0.242947 -0.97004 -0
    outer loop
      vertex 27.516 -1.15071 15.5
      vertex 27.1828 -1.06726 1.8
      vertex 27.516 -1.15071 1.8
    endloop
  endfacet
  facet normal -0.51411 -0.857724 0
    outer loop
      vertex 28.1499 -1.41328 1.8
      vertex 28.4445 -1.58986 15.5
      vertex 28.1499 -1.41328 15.5
    endloop
  endfacet
  facet normal -0.51411 -0.857724 -0
    outer loop
      vertex 28.4445 -1.58986 15.5
      vertex 28.1499 -1.41328 1.8
      vertex 28.4445 -1.58986 1.8
    endloop
  endfacet
  facet normal -0.24281 0.970074 0
    outer loop
      vertex 27.516 -38.8493 1.8
      vertex 27.1828 -38.9327 15.5
      vertex 27.516 -38.8493 15.5
    endloop
  endfacet
  facet normal -0.24281 0.970074 0
    outer loop
      vertex 27.1828 -38.9327 15.5
      vertex 27.516 -38.8493 1.8
      vertex 27.1828 -38.9327 1.8
    endloop
  endfacet
  facet normal 1 0 0
    outer loop
      vertex -30 -15 9.4
      vertex -30 -4.5 15.5
      vertex -30 -15 14.4
    endloop
  endfacet
  facet normal 1 0 0
    outer loop
      vertex -30 -4.5 15.5
      vertex -30 -25 14.4
      vertex -30 -15 14.4
    endloop
  endfacet
  facet normal 1 0 0
    outer loop
      vertex -30 -25 14.4
      vertex -30 -35.5 15.5
      vertex -30 -25 9.4
    endloop
  endfacet
  facet normal 1 -0 0
    outer loop
      vertex -30 -35.5 15.5
      vertex -30 -25 14.4
      vertex -30 -4.5 15.5
    endloop
  endfacet
  facet normal 1 0 0
    outer loop
      vertex -30 -4.5 15.5
      vertex -30 -15 9.4
      vertex -30 -4.5 1.8
    endloop
  endfacet
  facet normal 1 -0 0
    outer loop
      vertex -30 -25 9.4
      vertex -30 -4.5 1.8
      vertex -30 -15 9.4
    endloop
  endfacet
  facet normal 1 0 0
    outer loop
      vertex -30 -25 9.4
      vertex -30 -35.5 1.8
      vertex -30 -4.5 1.8
    endloop
  endfacet
  facet normal 1 0 0
    outer loop
      vertex -30 -35.5 1.8
      vertex -30 -25 9.4
      vertex -30 -35.5 15.5
    endloop
  endfacet
  facet normal 0.24281 0.970074 -0
    outer loop
      vertex -27.1828 -38.9327 1.8
      vertex -27.516 -38.8493 15.5
      vertex -27.1828 -38.9327 15.5
    endloop
  endfacet
  facet normal 0.24281 0.970074 0
    outer loop
      vertex -27.516 -38.8493 15.5
      vertex -27.1828 -38.9327 1.8
      vertex -27.516 -38.8493 1.8
    endloop
  endfacet
  facet normal -0.998788 0.0492114 0
    outer loop
      vertex 29.9831 -35.843 1.8
      vertex 30 -35.5 15.5
      vertex 30 -35.5 1.8
    endloop
  endfacet
  facet normal -0.998788 0.0492114 0
    outer loop
      vertex 30 -35.5 15.5
      vertex 29.9831 -35.843 1.8
      vertex 29.9831 -35.843 15.5
    endloop
  endfacet
  facet normal -0.427542 -0.903996 0
    outer loop
      vertex 27.8394 -1.26643 1.8
      vertex 28.1499 -1.41328 15.5
      vertex 27.8394 -1.26643 15.5
    endloop
  endfacet
  facet normal -0.427542 -0.903996 -0
    outer loop
      vertex 28.1499 -1.41328 15.5
      vertex 27.8394 -1.26643 1.8
      vertex 28.1499 -1.41328 1.8
    endloop
  endfacet
  facet normal -0.0490952 -0.998794 0
    outer loop
      vertex 26.5 -1 1.8
      vertex 26.843 -1.01686 15.5
      vertex 26.5 -1 15.5
    endloop
  endfacet
  facet normal -0.0490952 -0.998794 -0
    outer loop
      vertex 26.843 -1.01686 15.5
      vertex 26.5 -1 1.8
      vertex 26.843 -1.01686 1.8
    endloop
  endfacet
  facet normal -0.146717 -0.989178 0
    outer loop
      vertex 26.843 -1.01686 1.8
      vertex 27.1828 -1.06726 15.5
      vertex 26.843 -1.01686 15.5
    endloop
  endfacet
  facet normal -0.146717 -0.989178 -0
    outer loop
      vertex 27.1828 -1.06726 15.5
      vertex 26.843 -1.01686 1.8
      vertex 27.1828 -1.06726 1.8
    endloop
  endfacet
  facet normal -0.0492114 0.998788 0
    outer loop
      vertex 26.843 -38.9831 1.8
      vertex 26.5 -39 15.5
      vertex 26.843 -38.9831 15.5
    endloop
  endfacet
  facet normal -0.0492114 0.998788 0
    outer loop
      vertex 26.5 -39 15.5
      vertex 26.843 -38.9831 1.8
      vertex 26.5 -39 1.8
    endloop
  endfacet
  facet normal 0 1 -0
    outer loop
      vertex 26.5 -39 1.8
      vertex -26.5 -39 15.5
      vertex 26.5 -39 15.5
    endloop
  endfacet
  facet normal 0 1 0
    outer loop
      vertex -26.5 -39 15.5
      vertex 26.5 -39 1.8
      vertex -26.5 -39 1.8
    endloop
  endfacet
  facet normal 0.595659 -0.803237 0
    outer loop
      vertex -28.7204 -1.79446 1.8
      vertex -28.4445 -1.58986 15.5
      vertex -28.7204 -1.79446 15.5
    endloop
  endfacet
  facet normal 0.595659 -0.803237 0
    outer loop
      vertex -28.4445 -1.58986 15.5
      vertex -28.7204 -1.79446 1.8
      vertex -28.4445 -1.58986 1.8
    endloop
  endfacet
  facet normal 0.998789 -0.0492043 0
    outer loop
      vertex -30 -4.5 15.5
      vertex -29.9831 -4.15695 1.8
      vertex -29.9831 -4.15695 15.5
    endloop
  endfacet
  facet normal 0.998789 -0.0492043 0
    outer loop
      vertex -29.9831 -4.15695 1.8
      vertex -30 -4.5 15.5
      vertex -30 -4.5 1.8
    endloop
  endfacet
  facet normal 0.998788 0.0492114 0
    outer loop
      vertex -29.9831 -35.843 15.5
      vertex -30 -35.5 1.8
      vertex -30 -35.5 15.5
    endloop
  endfacet
  facet normal 0.998788 0.0492114 0
    outer loop
      vertex -30 -35.5 1.8
      vertex -29.9831 -35.843 15.5
      vertex -29.9831 -35.843 1.8
    endloop
  endfacet
  facet normal 0.336853 0.941557 -0
    outer loop
      vertex -27.516 -38.8493 1.8
      vertex -27.8394 -38.7336 15.5
      vertex -27.516 -38.8493 15.5
    endloop
  endfacet
  facet normal 0.336853 0.941557 0
    outer loop
      vertex -27.8394 -38.7336 15.5
      vertex -27.516 -38.8493 1.8
      vertex -27.8394 -38.7336 1.8
    endloop
  endfacet
  facet normal 0.427661 0.903939 -0
    outer loop
      vertex -27.8394 -38.7336 1.8
      vertex -28.1499 -38.5867 15.5
      vertex -27.8394 -38.7336 15.5
    endloop
  endfacet
  facet normal 0.427661 0.903939 0
    outer loop
      vertex -28.1499 -38.5867 15.5
      vertex -27.8394 -38.7336 1.8
      vertex -28.1499 -38.5867 1.8
    endloop
  endfacet
  facet normal 0.0492114 0.998788 -0
    outer loop
      vertex -26.5 -39 1.8
      vertex -26.843 -38.9831 15.5
      vertex -26.5 -39 15.5
    endloop
  endfacet
  facet normal 0.0492114 0.998788 0
    outer loop
      vertex -26.843 -38.9831 15.5
      vertex -26.5 -39 1.8
      vertex -26.843 -38.9831 1.8
    endloop
  endfacet
  facet normal -0.427661 0.903939 0
    outer loop
      vertex 28.1499 -38.5867 1.8
      vertex 27.8394 -38.7336 15.5
      vertex 28.1499 -38.5867 15.5
    endloop
  endfacet
  facet normal -0.427661 0.903939 0
    outer loop
      vertex 27.8394 -38.7336 15.5
      vertex 28.1499 -38.5867 1.8
      vertex 27.8394 -38.7336 1.8
    endloop
  endfacet
  facet normal -0.595659 0.803237 0
    outer loop
      vertex 28.7204 -38.2055 1.8
      vertex 28.4445 -38.4101 15.5
      vertex 28.7204 -38.2055 15.5
    endloop
  endfacet
  facet normal -0.595659 0.803237 0
    outer loop
      vertex 28.4445 -38.4101 15.5
      vertex 28.7204 -38.2055 1.8
      vertex 28.4445 -38.4101 1.8
    endloop
  endfacet
  facet normal -0.671454 0.741046 0
    outer loop
      vertex 28.9749 -37.9749 1.8
      vertex 28.7204 -38.2055 15.5
      vertex 28.9749 -37.9749 15.5
    endloop
  endfacet
  facet normal -0.671454 0.741046 0
    outer loop
      vertex 28.7204 -38.2055 15.5
      vertex 28.9749 -37.9749 1.8
      vertex 28.7204 -38.2055 1.8
    endloop
  endfacet
  facet normal -0.741046 0.671454 0
    outer loop
      vertex 28.9749 -37.9749 1.8
      vertex 29.2055 -37.7204 15.5
      vertex 29.2055 -37.7204 1.8
    endloop
  endfacet
  facet normal -0.741046 0.671454 0
    outer loop
      vertex 29.2055 -37.7204 15.5
      vertex 28.9749 -37.9749 1.8
      vertex 28.9749 -37.9749 15.5
    endloop
  endfacet
  facet normal -0.941557 0.336853 0
    outer loop
      vertex 29.7336 -36.8394 1.8
      vertex 29.8493 -36.516 15.5
      vertex 29.8493 -36.516 1.8
    endloop
  endfacet
  facet normal -0.941557 0.336853 0
    outer loop
      vertex 29.8493 -36.516 15.5
      vertex 29.7336 -36.8394 1.8
      vertex 29.7336 -36.8394 15.5
    endloop
  endfacet
  facet normal -0.970074 0.24281 0
    outer loop
      vertex 29.8493 -36.516 1.8
      vertex 29.9327 -36.1828 15.5
      vertex 29.9327 -36.1828 1.8
    endloop
  endfacet
  facet normal -0.970074 0.24281 0
    outer loop
      vertex 29.9327 -36.1828 15.5
      vertex 29.8493 -36.516 1.8
      vertex 29.8493 -36.516 15.5
    endloop
  endfacet
  facet normal -0.941557 -0.336853 0
    outer loop
      vertex 29.8493 -3.48401 1.8
      vertex 29.7336 -3.16061 15.5
      vertex 29.7336 -3.16061 1.8
    endloop
  endfacet
  facet normal -0.941557 -0.336853 0
    outer loop
      vertex 29.7336 -3.16061 15.5
      vertex 29.8493 -3.48401 1.8
      vertex 29.8493 -3.48401 15.5
    endloop
  endfacet
  facet normal -0.595659 -0.803237 0
    outer loop
      vertex 28.4445 -1.58986 1.8
      vertex 28.7204 -1.79446 15.5
      vertex 28.4445 -1.58986 15.5
    endloop
  endfacet
  facet normal -0.595659 -0.803237 -0
    outer loop
      vertex 28.7204 -1.79446 15.5
      vertex 28.4445 -1.58986 1.8
      vertex 28.7204 -1.79446 1.8
    endloop
  endfacet
  facet normal -0.903939 -0.427661 0
    outer loop
      vertex 29.7336 -3.16061 1.8
      vertex 29.5867 -2.85011 15.5
      vertex 29.5867 -2.85011 1.8
    endloop
  endfacet
  facet normal -0.903939 -0.427661 0
    outer loop
      vertex 29.5867 -2.85011 15.5
      vertex 29.7336 -3.16061 1.8
      vertex 29.7336 -3.16061 15.5
    endloop
  endfacet
  facet normal 0.427542 -0.903996 0
    outer loop
      vertex -28.1499 -1.41328 1.8
      vertex -27.8394 -1.26643 15.5
      vertex -28.1499 -1.41328 15.5
    endloop
  endfacet
  facet normal 0.427542 -0.903996 0
    outer loop
      vertex -27.8394 -1.26643 15.5
      vertex -28.1499 -1.41328 1.8
      vertex -27.8394 -1.26643 1.8
    endloop
  endfacet
  facet normal 0.970069 -0.24283 0
    outer loop
      vertex -29.9327 -3.81718 15.5
      vertex -29.8493 -3.48401 1.8
      vertex -29.8493 -3.48401 15.5
    endloop
  endfacet
  facet normal 0.970069 -0.24283 0
    outer loop
      vertex -29.8493 -3.48401 1.8
      vertex -29.9327 -3.81718 15.5
      vertex -29.9327 -3.81718 1.8
    endloop
  endfacet
  facet normal 0.741046 -0.671454 0
    outer loop
      vertex -29.2055 -2.27963 15.5
      vertex -28.9749 -2.02513 1.8
      vertex -28.9749 -2.02513 15.5
    endloop
  endfacet
  facet normal 0.741046 -0.671454 0
    outer loop
      vertex -28.9749 -2.02513 1.8
      vertex -29.2055 -2.27963 15.5
      vertex -29.2055 -2.27963 1.8
    endloop
  endfacet
  facet normal 0.146717 0.989178 -0
    outer loop
      vertex -26.843 -38.9831 1.8
      vertex -27.1828 -38.9327 15.5
      vertex -26.843 -38.9831 15.5
    endloop
  endfacet
  facet normal 0.146717 0.989178 0
    outer loop
      vertex -27.1828 -38.9327 15.5
      vertex -26.843 -38.9831 1.8
      vertex -27.1828 -38.9327 1.8
    endloop
  endfacet
  facet normal -0.903939 0.427661 0
    outer loop
      vertex 29.5867 -37.1499 1.8
      vertex 29.7336 -36.8394 15.5
      vertex 29.7336 -36.8394 1.8
    endloop
  endfacet
  facet normal -0.903939 0.427661 0
    outer loop
      vertex 29.7336 -36.8394 15.5
      vertex 29.5867 -37.1499 1.8
      vertex 29.5867 -37.1499 15.5
    endloop
  endfacet
  facet normal -0.857698 0.514153 0
    outer loop
      vertex 29.4101 -37.4445 1.8
      vertex 29.5867 -37.1499 15.5
      vertex 29.5867 -37.1499 1.8
    endloop
  endfacet
  facet normal -0.857698 0.514153 0
    outer loop
      vertex 29.5867 -37.1499 15.5
      vertex 29.4101 -37.4445 1.8
      vertex 29.4101 -37.4445 15.5
    endloop
  endfacet
  facet normal -0.803237 0.595659 0
    outer loop
      vertex 29.2055 -37.7204 1.8
      vertex 29.4101 -37.4445 15.5
      vertex 29.4101 -37.4445 1.8
    endloop
  endfacet
  facet normal -0.803237 0.595659 0
    outer loop
      vertex 29.4101 -37.4445 15.5
      vertex 29.2055 -37.7204 1.8
      vertex 29.2055 -37.7204 15.5
    endloop
  endfacet
  facet normal -0.989178 0.146717 0
    outer loop
      vertex 29.9327 -36.1828 1.8
      vertex 29.9831 -35.843 15.5
      vertex 29.9831 -35.843 1.8
    endloop
  endfacet
  facet normal -0.989178 0.146717 0
    outer loop
      vertex 29.9831 -35.843 15.5
      vertex 29.9327 -36.1828 1.8
      vertex 29.9327 -36.1828 15.5
    endloop
  endfacet
  facet normal -0.989177 -0.14673 0
    outer loop
      vertex 29.9831 -4.15695 1.8
      vertex 29.9327 -3.81718 15.5
      vertex 29.9327 -3.81718 1.8
    endloop
  endfacet
  facet normal -0.989177 -0.14673 0
    outer loop
      vertex 29.9327 -3.81718 15.5
      vertex 29.9831 -4.15695 1.8
      vertex 29.9831 -4.15695 15.5
    endloop
  endfacet
  facet normal 0.989177 -0.14673 0
    outer loop
      vertex -29.9831 -4.15695 15.5
      vertex -29.9327 -3.81718 1.8
      vertex -29.9327 -3.81718 15.5
    endloop
  endfacet
  facet normal 0.989177 -0.14673 0
    outer loop
      vertex -29.9327 -3.81718 1.8
      vertex -29.9831 -4.15695 15.5
      vertex -29.9831 -4.15695 1.8
    endloop
  endfacet
  facet normal 0.671566 -0.740944 0
    outer loop
      vertex -28.9749 -2.02513 1.8
      vertex -28.7204 -1.79446 15.5
      vertex -28.9749 -2.02513 15.5
    endloop
  endfacet
  facet normal 0.671566 -0.740944 0
    outer loop
      vertex -28.7204 -1.79446 15.5
      vertex -28.9749 -2.02513 1.8
      vertex -28.7204 -1.79446 1.8
    endloop
  endfacet
  facet normal 0.51411 -0.857724 0
    outer loop
      vertex -28.4445 -1.58986 1.8
      vertex -28.1499 -1.41328 15.5
      vertex -28.4445 -1.58986 15.5
    endloop
  endfacet
  facet normal 0.51411 -0.857724 0
    outer loop
      vertex -28.1499 -1.41328 15.5
      vertex -28.4445 -1.58986 1.8
      vertex -28.1499 -1.41328 1.8
    endloop
  endfacet
  facet normal 0.903939 -0.427661 0
    outer loop
      vertex -29.7336 -3.16061 15.5
      vertex -29.5867 -2.85011 1.8
      vertex -29.5867 -2.85011 15.5
    endloop
  endfacet
  facet normal 0.903939 -0.427661 0
    outer loop
      vertex -29.5867 -2.85011 1.8
      vertex -29.7336 -3.16061 15.5
      vertex -29.7336 -3.16061 1.8
    endloop
  endfacet
  facet normal 0.941557 -0.336853 0
    outer loop
      vertex -29.8493 -3.48401 15.5
      vertex -29.7336 -3.16061 1.8
      vertex -29.7336 -3.16061 15.5
    endloop
  endfacet
  facet normal 0.941557 -0.336853 0
    outer loop
      vertex -29.7336 -3.16061 1.8
      vertex -29.8493 -3.48401 15.5
      vertex -29.8493 -3.48401 1.8
    endloop
  endfacet
  facet normal 0.941557 0.336853 0
    outer loop
      vertex -29.7336 -36.8394 15.5
      vertex -29.8493 -36.516 1.8
      vertex -29.8493 -36.516 15.5
    endloop
  endfacet
  facet normal 0.941557 0.336853 0
    outer loop
      vertex -29.8493 -36.516 1.8
      vertex -29.7336 -36.8394 15.5
      vertex -29.7336 -36.8394 1.8
    endloop
  endfacet
  facet normal 0.903939 0.427661 0
    outer loop
      vertex -29.5867 -37.1499 15.5
      vertex -29.7336 -36.8394 1.8
      vertex -29.7336 -36.8394 15.5
    endloop
  endfacet
  facet normal 0.903939 0.427661 0
    outer loop
      vertex -29.7336 -36.8394 1.8
      vertex -29.5867 -37.1499 15.5
      vertex -29.5867 -37.1499 1.8
    endloop
  endfacet
  facet normal 0.595659 0.803237 -0
    outer loop
      vertex -28.4445 -38.4101 1.8
      vertex -28.7204 -38.2055 15.5
      vertex -28.4445 -38.4101 15.5
    endloop
  endfacet
  facet normal 0.595659 0.803237 0
    outer loop
      vertex -28.7204 -38.2055 15.5
      vertex -28.4445 -38.4101 1.8
      vertex -28.7204 -38.2055 1.8
    endloop
  endfacet
  facet normal -0.514153 0.857698 0
    outer loop
      vertex 28.4445 -38.4101 1.8
      vertex 28.1499 -38.5867 15.5
      vertex 28.4445 -38.4101 15.5
    endloop
  endfacet
  facet normal -0.514153 0.857698 0
    outer loop
      vertex 28.1499 -38.5867 15.5
      vertex 28.4445 -38.4101 1.8
      vertex 28.1499 -38.5867 1.8
    endloop
  endfacet
  facet normal -0.857698 -0.514153 0
    outer loop
      vertex 29.5867 -2.85011 1.8
      vertex 29.4101 -2.55551 15.5
      vertex 29.4101 -2.55551 1.8
    endloop
  endfacet
  facet normal -0.857698 -0.514153 0
    outer loop
      vertex 29.4101 -2.55551 15.5
      vertex 29.5867 -2.85011 1.8
      vertex 29.5867 -2.85011 15.5
    endloop
  endfacet
  facet normal -0.803217 -0.595687 0
    outer loop
      vertex 29.4101 -2.55551 1.8
      vertex 29.2055 -2.27963 15.5
      vertex 29.2055 -2.27963 1.8
    endloop
  endfacet
  facet normal -0.803217 -0.595687 0
    outer loop
      vertex 29.2055 -2.27963 15.5
      vertex 29.4101 -2.55551 1.8
      vertex 29.4101 -2.55551 15.5
    endloop
  endfacet
  facet normal -0.970069 -0.24283 0
    outer loop
      vertex 29.9327 -3.81718 1.8
      vertex 29.8493 -3.48401 15.5
      vertex 29.8493 -3.48401 1.8
    endloop
  endfacet
  facet normal -0.970069 -0.24283 0
    outer loop
      vertex 29.8493 -3.48401 15.5
      vertex 29.9327 -3.81718 1.8
      vertex 29.9327 -3.81718 15.5
    endloop
  endfacet
  facet normal -0.671566 -0.740944 0
    outer loop
      vertex 28.7204 -1.79446 1.8
      vertex 28.9749 -2.02513 15.5
      vertex 28.7204 -1.79446 15.5
    endloop
  endfacet
  facet normal -0.671566 -0.740944 -0
    outer loop
      vertex 28.9749 -2.02513 15.5
      vertex 28.7204 -1.79446 1.8
      vertex 28.9749 -2.02513 1.8
    endloop
  endfacet
  facet normal -0.741046 -0.671454 0
    outer loop
      vertex 29.2055 -2.27963 1.8
      vertex 28.9749 -2.02513 15.5
      vertex 28.9749 -2.02513 1.8
    endloop
  endfacet
  facet normal -0.741046 -0.671454 0
    outer loop
      vertex 28.9749 -2.02513 15.5
      vertex 29.2055 -2.27963 1.8
      vertex 29.2055 -2.27963 15.5
    endloop
  endfacet
  facet normal 0.857698 -0.514153 0
    outer loop
      vertex -29.5867 -2.85011 15.5
      vertex -29.4101 -2.55551 1.8
      vertex -29.4101 -2.55551 15.5
    endloop
  endfacet
  facet normal 0.857698 -0.514153 0
    outer loop
      vertex -29.4101 -2.55551 1.8
      vertex -29.5867 -2.85011 15.5
      vertex -29.5867 -2.85011 1.8
    endloop
  endfacet
  facet normal 0.803217 -0.595687 0
    outer loop
      vertex -29.4101 -2.55551 15.5
      vertex -29.2055 -2.27963 1.8
      vertex -29.2055 -2.27963 15.5
    endloop
  endfacet
  facet normal 0.803217 -0.595687 0
    outer loop
      vertex -29.2055 -2.27963 1.8
      vertex -29.4101 -2.55551 15.5
      vertex -29.4101 -2.55551 1.8
    endloop
  endfacet
  facet normal 0.970074 0.24281 0
    outer loop
      vertex -29.8493 -36.516 15.5
      vertex -29.9327 -36.1828 1.8
      vertex -29.9327 -36.1828 15.5
    endloop
  endfacet
  facet normal 0.970074 0.24281 0
    outer loop
      vertex -29.9327 -36.1828 1.8
      vertex -29.8493 -36.516 15.5
      vertex -29.8493 -36.516 1.8
    endloop
  endfacet
  facet normal 0.803237 0.595659 0
    outer loop
      vertex -29.2055 -37.7204 15.5
      vertex -29.4101 -37.4445 1.8
      vertex -29.4101 -37.4445 15.5
    endloop
  endfacet
  facet normal 0.803237 0.595659 0
    outer loop
      vertex -29.4101 -37.4445 1.8
      vertex -29.2055 -37.7204 15.5
      vertex -29.2055 -37.7204 1.8
    endloop
  endfacet
  facet normal 0.857698 0.514153 0
    outer loop
      vertex -29.4101 -37.4445 15.5
      vertex -29.5867 -37.1499 1.8
      vertex -29.5867 -37.1499 15.5
    endloop
  endfacet
  facet normal 0.857698 0.514153 0
    outer loop
      vertex -29.5867 -37.1499 1.8
      vertex -29.4101 -37.4445 15.5
      vertex -29.4101 -37.4445 1.8
    endloop
  endfacet
  facet normal 0.989178 0.146717 0
    outer loop
      vertex -29.9327 -36.1828 15.5
      vertex -29.9831 -35.843 1.8
      vertex -29.9831 -35.843 15.5
    endloop
  endfacet
  facet normal 0.989178 0.146717 0
    outer loop
      vertex -29.9831 -35.843 1.8
      vertex -29.9327 -36.1828 15.5
      vertex -29.9327 -36.1828 1.8
    endloop
  endfacet
  facet normal 0.671454 0.741046 -0
    outer loop
      vertex -28.7204 -38.2055 1.8
      vertex -28.9749 -37.9749 15.5
      vertex -28.7204 -38.2055 15.5
    endloop
  endfacet
  facet normal 0.671454 0.741046 0
    outer loop
      vertex -28.9749 -37.9749 15.5
      vertex -28.7204 -38.2055 1.8
      vertex -28.9749 -37.9749 1.8
    endloop
  endfacet
  facet normal 0.741046 0.671454 0
    outer loop
      vertex -28.9749 -37.9749 15.5
      vertex -29.2055 -37.7204 1.8
      vertex -29.2055 -37.7204 15.5
    endloop
  endfacet
  facet normal 0.741046 0.671454 0
    outer loop
      vertex -29.2055 -37.7204 1.8
      vertex -28.9749 -37.9749 15.5
      vertex -28.9749 -37.9749 1.8
    endloop
  endfacet
  facet normal 0.427518 -0.904007 0
    outer loop
      vertex -23.9142 -3.35425 0
      vertex -23.648 -3.22836 0.799999
      vertex -23.9142 -3.35425 0.799999
    endloop
  endfacet
  facet normal 0.427518 -0.904007 0
    outer loop
      vertex -23.648 -3.22836 0.799999
      vertex -23.9142 -3.35425 0
      vertex -23.648 -3.22836 0
    endloop
  endfacet
  facet normal 0.336879 -0.941548 0
    outer loop
      vertex -23.648 -3.22836 0
      vertex -23.3708 -3.12918 0.799999
      vertex -23.648 -3.22836 0.799999
    endloop
  endfacet
  facet normal 0.336879 -0.941548 0
    outer loop
      vertex -23.3708 -3.12918 0.799999
      vertex -23.648 -3.22836 0
      vertex -23.3708 -3.12918 0
    endloop
  endfacet
  facet normal -1 0 0
    outer loop
      vertex 17.5 -34 0
      vertex 17.5 -6 0.799999
      vertex 17.5 -6 0
    endloop
  endfacet
  facet normal -1 -0 0
    outer loop
      vertex 17.5 -6 0.799999
      vertex 17.5 -34 0
      vertex 17.5 -34 0.799999
    endloop
  endfacet
  facet normal 0.595699 0.803208 -0
    outer loop
      vertex -24.1667 -36.4944 0
      vertex -24.4032 -36.319 0.799999
      vertex -24.1667 -36.4944 0.799999
    endloop
  endfacet
  facet normal 0.595699 0.803208 0
    outer loop
      vertex -24.4032 -36.319 0.799999
      vertex -24.1667 -36.4944 0
      vertex -24.4032 -36.319 0
    endloop
  endfacet
  facet normal 0 -1 0
    outer loop
      vertex -22.5 -3 0
      vertex 14.5 -3 0.799999
      vertex -22.5 -3 0.799999
    endloop
  endfacet
  facet normal 0 -1 -0
    outer loop
      vertex 14.5 -3 0.799999
      vertex -22.5 -3 0
      vertex 14.5 -3 0
    endloop
  endfacet
  facet normal 0 1 -0
    outer loop
      vertex 14.5 -37 0
      vertex -22.5 -37 0.799999
      vertex 14.5 -37 0.799999
    endloop
  endfacet
  facet normal 0 1 0
    outer loop
      vertex -22.5 -37 0.799999
      vertex 14.5 -37 0
      vertex -22.5 -37 0
    endloop
  endfacet
  facet normal 1 -0 0
    outer loop
      vertex -25.5 -34 0.799999
      vertex -25.5 -6 0
      vertex -25.5 -6 0.799999
    endloop
  endfacet
  facet normal 1 0 0
    outer loop
      vertex -25.5 -6 0
      vertex -25.5 -34 0.799999
      vertex -25.5 -34 0
    endloop
  endfacet
  facet normal 0.998786 0.0492599 0
    outer loop
      vertex -25.4855 -34.294 0.799999
      vertex -25.5 -34 0
      vertex -25.5 -34 0.799999
    endloop
  endfacet
  facet normal 0.998786 0.0492599 0
    outer loop
      vertex -25.5 -34 0
      vertex -25.4855 -34.294 0.799999
      vertex -25.4855 -34.294 0
    endloop
  endfacet
  facet normal 0 0 -1
    outer loop
      vertex 17.5 -34 0.799999
      vertex 14.4928 -33.647 0.799999
      vertex 14.5 -33.5 0.799999
    endloop
  endfacet
  facet normal 0 0 -1
    outer loop
      vertex 14.794 -36.9855 0.799999
      vertex 14.4712 -33.7926 0.799999
      vertex 14.4928 -33.647 0.799999
    endloop
  endfacet
  facet normal 0 0 -1
    outer loop
      vertex 14.794 -36.9855 0.799999
      vertex 14.4354 -33.9354 0.799999
      vertex 14.4712 -33.7926 0.799999
    endloop
  endfacet
  facet normal 0 0 -1
    outer loop
      vertex 14.794 -36.9855 0.799999
      vertex 14.3858 -34.074 0.799999
      vertex 14.4354 -33.9354 0.799999
    endloop
  endfacet
  facet normal 0 0 -1
    outer loop
      vertex 14.794 -36.9855 0.799999
      vertex 14.3229 -34.2071 0.799999
      vertex 14.3858 -34.074 0.799999
    endloop
  endfacet
  facet normal 0 0 -1
    outer loop
      vertex 14.794 -36.9855 0.799999
      vertex 14.2472 -34.3333 0.799999
      vertex 14.3229 -34.2071 0.799999
    endloop
  endfacet
  facet normal 0 0 -1
    outer loop
      vertex 14.794 -36.9855 0.799999
      vertex 14.1595 -34.4516 0.799999
      vertex 14.2472 -34.3333 0.799999
    endloop
  endfacet
  facet normal 0 0 -1
    outer loop
      vertex 14.794 -36.9855 0.799999
      vertex 14.0607 -34.5607 0.799999
      vertex 14.1595 -34.4516 0.799999
    endloop
  endfacet
  facet normal 0 0 -1
    outer loop
      vertex 14.794 -36.9855 0.799999
      vertex 13.9516 -34.6595 0.799999
      vertex 14.0607 -34.5607 0.799999
    endloop
  endfacet
  facet normal 0 0 -1
    outer loop
      vertex 14.794 -36.9855 0.799999
      vertex 13.8333 -34.7472 0.799999
      vertex 13.9516 -34.6595 0.799999
    endloop
  endfacet
  facet normal 0 0 -1
    outer loop
      vertex 14.5 -37 0.799999
      vertex 13.7071 -34.8229 0.799999
      vertex 13.8333 -34.7472 0.799999
    endloop
  endfacet
  facet normal 0 0 -1
    outer loop
      vertex 14.5 -37 0.799999
      vertex 13.574 -34.8858 0.799999
      vertex 13.7071 -34.8229 0.799999
    endloop
  endfacet
  facet normal 0 0 -1
    outer loop
      vertex 14.5 -37 0.799999
      vertex 13.4354 -34.9354 0.799999
      vertex 13.574 -34.8858 0.799999
    endloop
  endfacet
  facet normal 0 0 -1
    outer loop
      vertex 14.5 -37 0.799999
      vertex 13.2926 -34.9712 0.799999
      vertex 13.4354 -34.9354 0.799999
    endloop
  endfacet
  facet normal 0 0 -1
    outer loop
      vertex 14.5 -37 0.799999
      vertex 13.147 -34.9928 0.799999
      vertex 13.2926 -34.9712 0.799999
    endloop
  endfacet
  facet normal 0 0 -1
    outer loop
      vertex 14.5 -37 0.799999
      vertex 13 -35 0.799999
      vertex 13.147 -34.9928 0.799999
    endloop
  endfacet
  facet normal 0 0 -1
    outer loop
      vertex 14.5 -37 0.799999
      vertex -20 -35 0.799999
      vertex 13 -35 0.799999
    endloop
  endfacet
  facet normal 0 0 -1
    outer loop
      vertex -22.5 -37 0.799999
      vertex -20 -35 0.799999
      vertex 14.5 -37 0.799999
    endloop
  endfacet
  facet normal -0 0 -1
    outer loop
      vertex -21.3229 -34.2071 0.799999
      vertex -23.9142 -36.6458 0.799999
      vertex -21.3858 -34.074 0.799999
    endloop
  endfacet
  facet normal 0 0 -1
    outer loop
      vertex -23.9142 -36.6458 0.799999
      vertex -21.3229 -34.2071 0.799999
      vertex -23.648 -36.7716 0.799999
    endloop
  endfacet
  facet normal 0 0 -1
    outer loop
      vertex -23.648 -36.7716 0.799999
      vertex -21.3229 -34.2071 0.799999
      vertex -23.3708 -36.8708 0.799999
    endloop
  endfacet
  facet normal 0 0 -1
    outer loop
      vertex -23.3708 -36.8708 0.799999
      vertex -21.3229 -34.2071 0.799999
      vertex -23.0853 -36.9424 0.799999
    endloop
  endfacet
  facet normal -0 0 -1
    outer loop
      vertex -21.2472 -34.3333 0.799999
      vertex -23.0853 -36.9424 0.799999
      vertex -21.3229 -34.2071 0.799999
    endloop
  endfacet
  facet normal 0 0 -1
    outer loop
      vertex -23.0853 -36.9424 0.799999
      vertex -21.2472 -34.3333 0.799999
      vertex -22.794 -36.9855 0.799999
    endloop
  endfacet
  facet normal 0 0 -1
    outer loop
      vertex -22.794 -36.9855 0.799999
      vertex -21.2472 -34.3333 0.799999
      vertex -22.5 -37 0.799999
    endloop
  endfacet
  facet normal -0 0 -1
    outer loop
      vertex -21.1595 -34.4516 0.799999
      vertex -22.5 -37 0.799999
      vertex -21.2472 -34.3333 0.799999
    endloop
  endfacet
  facet normal -0 0 -1
    outer loop
      vertex -21.0607 -34.5607 0.799999
      vertex -22.5 -37 0.799999
      vertex -21.1595 -34.4516 0.799999
    endloop
  endfacet
  facet normal -0 0 -1
    outer loop
      vertex -20.9516 -34.6595 0.799999
      vertex -22.5 -37 0.799999
      vertex -21.0607 -34.5607 0.799999
    endloop
  endfacet
  facet normal -0 0 -1
    outer loop
      vertex -20.8333 -34.7472 0.799999
      vertex -22.5 -37 0.799999
      vertex -20.9516 -34.6595 0.799999
    endloop
  endfacet
  facet normal -0 0 -1
    outer loop
      vertex -20.7071 -34.8229 0.799999
      vertex -22.5 -37 0.799999
      vertex -20.8333 -34.7472 0.799999
    endloop
  endfacet
  facet normal -0 0 -1
    outer loop
      vertex -20.574 -34.8858 0.799999
      vertex -22.5 -37 0.799999
      vertex -20.7071 -34.8229 0.799999
    endloop
  endfacet
  facet normal -0 0 -1
    outer loop
      vertex -20.4354 -34.9354 0.799999
      vertex -22.5 -37 0.799999
      vertex -20.574 -34.8858 0.799999
    endloop
  endfacet
  facet normal -0 0 -1
    outer loop
      vertex -20.2926 -34.9712 0.799999
      vertex -22.5 -37 0.799999
      vertex -20.4354 -34.9354 0.799999
    endloop
  endfacet
  facet normal -0 0 -1
    outer loop
      vertex -20.147 -34.9928 0.799999
      vertex -22.5 -37 0.799999
      vertex -20.2926 -34.9712 0.799999
    endloop
  endfacet
  facet normal -0 0 -1
    outer loop
      vertex -20 -35 0.799999
      vertex -22.5 -37 0.799999
      vertex -20.147 -34.9928 0.799999
    endloop
  endfacet
  facet normal 0 0 -1
    outer loop
      vertex 14.4928 -33.647 0.799999
      vertex 17.5 -34 0.799999
      vertex 17.4855 -34.294 0.799999
    endloop
  endfacet
  facet normal 0 0 -1
    outer loop
      vertex 17.5 -34 0.799999
      vertex 14.5 -33.5 0.799999
      vertex 17.5 -6 0.799999
    endloop
  endfacet
  facet normal 0 0 -1
    outer loop
      vertex 14.4928 -33.647 0.799999
      vertex 17.4855 -34.294 0.799999
      vertex 17.4424 -34.5853 0.799999
    endloop
  endfacet
  facet normal 0 0 -1
    outer loop
      vertex 14.5 -6.5 0.799999
      vertex 17.5 -6 0.799999
      vertex 14.5 -33.5 0.799999
    endloop
  endfacet
  facet normal 0 0 -1
    outer loop
      vertex 14.4928 -33.647 0.799999
      vertex 17.4424 -34.5853 0.799999
      vertex 17.3708 -34.8708 0.799999
    endloop
  endfacet
  facet normal 0 0 -1
    outer loop
      vertex 14.4928 -6.35298 0.799999
      vertex 17.5 -6 0.799999
      vertex 14.5 -6.5 0.799999
    endloop
  endfacet
  facet normal 0 0 -1
    outer loop
      vertex 14.4928 -33.647 0.799999
      vertex 17.3708 -34.8708 0.799999
      vertex 17.2716 -35.148 0.799999
    endloop
  endfacet
  facet normal 0 0 -1
    outer loop
      vertex 14.4712 -6.20737 0.799999
      vertex 17.5 -6 0.799999
      vertex 14.4928 -6.35298 0.799999
    endloop
  endfacet
  facet normal 0 0 -1
    outer loop
      vertex 14.4928 -33.647 0.799999
      vertex 17.2716 -35.148 0.799999
      vertex 17.1458 -35.4142 0.799999
    endloop
  endfacet
  facet normal -0 0 -1
    outer loop
      vertex 17.5 -6 0.799999
      vertex 14.4712 -6.20737 0.799999
      vertex 17.4855 -5.70596 0.799999
    endloop
  endfacet
  facet normal 0 0 -1
    outer loop
      vertex 14.4928 -33.647 0.799999
      vertex 17.1458 -35.4142 0.799999
      vertex 16.9944 -35.6667 0.799999
    endloop
  endfacet
  facet normal -0 0 -1
    outer loop
      vertex 17.4855 -5.70596 0.799999
      vertex 14.4712 -6.20737 0.799999
      vertex 17.4424 -5.41473 0.799999
    endloop
  endfacet
  facet normal 0 0 -1
    outer loop
      vertex 14.4928 -33.647 0.799999
      vertex 16.9944 -35.6667 0.799999
      vertex 16.819 -35.9032 0.799999
    endloop
  endfacet
  facet normal 0 0 -1
    outer loop
      vertex 14.4354 -6.06458 0.799999
      vertex 17.4424 -5.41473 0.799999
      vertex 14.4712 -6.20737 0.799999
    endloop
  endfacet
  facet normal 0 0 -1
    outer loop
      vertex 14.4928 -33.647 0.799999
      vertex 16.819 -35.9032 0.799999
      vertex 16.6213 -36.1213 0.799999
    endloop
  endfacet
  facet normal -0 0 -1
    outer loop
      vertex 17.4424 -5.41473 0.799999
      vertex 14.4354 -6.06458 0.799999
      vertex 17.3708 -5.12915 0.799999
    endloop
  endfacet
  facet normal 0 0 -1
    outer loop
      vertex 14.4928 -33.647 0.799999
      vertex 16.6213 -36.1213 0.799999
      vertex 16.4032 -36.319 0.799999
    endloop
  endfacet
  facet normal -0 0 -1
    outer loop
      vertex 17.3708 -5.12915 0.799999
      vertex 14.4354 -6.06458 0.799999
      vertex 17.2716 -4.85196 0.799999
    endloop
  endfacet
  facet normal 0 0 -1
    outer loop
      vertex 14.4928 -33.647 0.799999
      vertex 16.4032 -36.319 0.799999
      vertex 16.1667 -36.4944 0.799999
    endloop
  endfacet
  facet normal 0 0 -1
    outer loop
      vertex 14.3858 -5.92598 0.799999
      vertex 17.2716 -4.85196 0.799999
      vertex 14.4354 -6.06458 0.799999
    endloop
  endfacet
  facet normal 0 0 -1
    outer loop
      vertex 14.4928 -33.647 0.799999
      vertex 16.1667 -36.4944 0.799999
      vertex 15.9142 -36.6458 0.799999
    endloop
  endfacet
  facet normal -0 0 -1
    outer loop
      vertex 17.2716 -4.85196 0.799999
      vertex 14.3858 -5.92598 0.799999
      vertex 17.1458 -4.58582 0.799999
    endloop
  endfacet
  facet normal 0 0 -1
    outer loop
      vertex 14.4928 -33.647 0.799999
      vertex 15.9142 -36.6458 0.799999
      vertex 15.648 -36.7716 0.799999
    endloop
  endfacet
  facet normal -0 0 -1
    outer loop
      vertex 17.1458 -4.58582 0.799999
      vertex 14.3858 -5.92598 0.799999
      vertex 16.9944 -4.3333 0.799999
    endloop
  endfacet
  facet normal 0 0 -1
    outer loop
      vertex 14.4928 -33.647 0.799999
      vertex 15.648 -36.7716 0.799999
      vertex 15.3708 -36.8708 0.799999
    endloop
  endfacet
  facet normal 0 0 -1
    outer loop
      vertex 14.3229 -5.79291 0.799999
      vertex 16.9944 -4.3333 0.799999
      vertex 14.3858 -5.92598 0.799999
    endloop
  endfacet
  facet normal 0 0 -1
    outer loop
      vertex 14.4928 -33.647 0.799999
      vertex 15.3708 -36.8708 0.799999
      vertex 15.0853 -36.9424 0.799999
    endloop
  endfacet
  facet normal -0 0 -1
    outer loop
      vertex 16.9944 -4.3333 0.799999
      vertex 14.3229 -5.79291 0.799999
      vertex 16.819 -4.09683 0.799999
    endloop
  endfacet
  facet normal 0 0 -1
    outer loop
      vertex 14.4928 -33.647 0.799999
      vertex 15.0853 -36.9424 0.799999
      vertex 14.794 -36.9855 0.799999
    endloop
  endfacet
  facet normal -0 0 -1
    outer loop
      vertex 16.819 -4.09683 0.799999
      vertex 14.3229 -5.79291 0.799999
      vertex 16.6213 -3.87869 0.799999
    endloop
  endfacet
  facet normal 0 0 -1
    outer loop
      vertex 13.8333 -34.7472 0.799999
      vertex 14.794 -36.9855 0.799999
      vertex 14.5 -37 0.799999
    endloop
  endfacet
  facet normal 0 0 -1
    outer loop
      vertex 14.2472 -5.66666 0.799999
      vertex 16.6213 -3.87869 0.799999
      vertex 14.3229 -5.79291 0.799999
    endloop
  endfacet
  facet normal -0 0 -1
    outer loop
      vertex 16.6213 -3.87869 0.799999
      vertex 14.2472 -5.66666 0.799999
      vertex 16.4032 -3.68097 0.799999
    endloop
  endfacet
  facet normal -0 0 -1
    outer loop
      vertex 16.4032 -3.68097 0.799999
      vertex 14.2472 -5.66666 0.799999
      vertex 16.1667 -3.5056 0.799999
    endloop
  endfacet
  facet normal 0 0 -1
    outer loop
      vertex 14.1595 -5.54842 0.799999
      vertex 16.1667 -3.5056 0.799999
      vertex 14.2472 -5.66666 0.799999
    endloop
  endfacet
  facet normal -0 0 -1
    outer loop
      vertex 16.1667 -3.5056 0.799999
      vertex 14.1595 -5.54842 0.799999
      vertex 15.9142 -3.35425 0.799999
    endloop
  endfacet
  facet normal -0 0 -1
    outer loop
      vertex 15.9142 -3.35425 0.799999
      vertex 14.1595 -5.54842 0.799999
      vertex 15.648 -3.22836 0.799999
    endloop
  endfacet
  facet normal 0 0 -1
    outer loop
      vertex 14.0607 -5.43935 0.799999
      vertex 15.648 -3.22836 0.799999
      vertex 14.1595 -5.54842 0.799999
    endloop
  endfacet
  facet normal -0 0 -1
    outer loop
      vertex 15.648 -3.22836 0.799999
      vertex 14.0607 -5.43935 0.799999
      vertex 15.3708 -3.12918 0.799999
    endloop
  endfacet
  facet normal -0 0 -1
    outer loop
      vertex 15.3708 -3.12918 0.799999
      vertex 14.0607 -5.43935 0.799999
      vertex 15.0853 -3.05765 0.799999
    endloop
  endfacet
  facet normal 0 0 -1
    outer loop
      vertex 13.9516 -5.34048 0.799999
      vertex 15.0853 -3.05765 0.799999
      vertex 14.0607 -5.43935 0.799999
    endloop
  endfacet
  facet normal -0 0 -1
    outer loop
      vertex 15.0853 -3.05765 0.799999
      vertex 13.9516 -5.34048 0.799999
      vertex 14.794 -3.01445 0.799999
    endloop
  endfacet
  facet normal 0 0 -1
    outer loop
      vertex 13.8333 -5.25281 0.799999
      vertex 14.794 -3.01445 0.799999
      vertex 13.9516 -5.34048 0.799999
    endloop
  endfacet
  facet normal -0 0 -1
    outer loop
      vertex 14.794 -3.01445 0.799999
      vertex 13.8333 -5.25281 0.799999
      vertex 14.5 -3 0.799999
    endloop
  endfacet
  facet normal 0 0 -1
    outer loop
      vertex 13.7071 -5.17712 0.799999
      vertex 14.5 -3 0.799999
      vertex 13.8333 -5.25281 0.799999
    endloop
  endfacet
  facet normal 0 0 -1
    outer loop
      vertex 13.574 -5.11418 0.799999
      vertex 14.5 -3 0.799999
      vertex 13.7071 -5.17712 0.799999
    endloop
  endfacet
  facet normal 0 0 -1
    outer loop
      vertex 13.4354 -5.06459 0.799999
      vertex 14.5 -3 0.799999
      vertex 13.574 -5.11418 0.799999
    endloop
  endfacet
  facet normal 0 0 -1
    outer loop
      vertex 13.2926 -5.02882 0.799999
      vertex 14.5 -3 0.799999
      vertex 13.4354 -5.06459 0.799999
    endloop
  endfacet
  facet normal 0 0 -1
    outer loop
      vertex 13.147 -5.00723 0.799999
      vertex 14.5 -3 0.799999
      vertex 13.2926 -5.02882 0.799999
    endloop
  endfacet
  facet normal 0 0 -1
    outer loop
      vertex 13 -5 0.799999
      vertex 14.5 -3 0.799999
      vertex 13.147 -5.00723 0.799999
    endloop
  endfacet
  facet normal 0 0 -1
    outer loop
      vertex -20 -5 0.799999
      vertex 14.5 -3 0.799999
      vertex 13 -5 0.799999
    endloop
  endfacet
  facet normal 0 0 -1
    outer loop
      vertex -22.5 -3 0.799999
      vertex -20 -5 0.799999
      vertex -20.147 -5.00723 0.799999
    endloop
  endfacet
  facet normal 0 0 -1
    outer loop
      vertex -20 -5 0.799999
      vertex -22.5 -3 0.799999
      vertex 14.5 -3 0.799999
    endloop
  endfacet
  facet normal 0 0 -1
    outer loop
      vertex -20.2926 -5.02882 0.799999
      vertex -22.5 -3 0.799999
      vertex -20.147 -5.00723 0.799999
    endloop
  endfacet
  facet normal 0 0 -1
    outer loop
      vertex -20.4354 -5.06459 0.799999
      vertex -22.5 -3 0.799999
      vertex -20.2926 -5.02882 0.799999
    endloop
  endfacet
  facet normal 0 0 -1
    outer loop
      vertex -20.574 -5.11418 0.799999
      vertex -22.5 -3 0.799999
      vertex -20.4354 -5.06459 0.799999
    endloop
  endfacet
  facet normal 0 0 -1
    outer loop
      vertex -20.7071 -5.17712 0.799999
      vertex -22.5 -3 0.799999
      vertex -20.574 -5.11418 0.799999
    endloop
  endfacet
  facet normal 0 0 -1
    outer loop
      vertex -20.8333 -5.25281 0.799999
      vertex -22.5 -3 0.799999
      vertex -20.7071 -5.17712 0.799999
    endloop
  endfacet
  facet normal 0 0 -1
    outer loop
      vertex -20.9516 -5.34048 0.799999
      vertex -22.5 -3 0.799999
      vertex -20.8333 -5.25281 0.799999
    endloop
  endfacet
  facet normal 0 0 -1
    outer loop
      vertex -21.0607 -5.43935 0.799999
      vertex -22.5 -3 0.799999
      vertex -20.9516 -5.34048 0.799999
    endloop
  endfacet
  facet normal 0 0 -1
    outer loop
      vertex -21.1595 -5.54842 0.799999
      vertex -22.5 -3 0.799999
      vertex -21.0607 -5.43935 0.799999
    endloop
  endfacet
  facet normal 0 0 -1
    outer loop
      vertex -21.2472 -5.66666 0.799999
      vertex -22.5 -3 0.799999
      vertex -21.1595 -5.54842 0.799999
    endloop
  endfacet
  facet normal 0 0 -1
    outer loop
      vertex -23.0853 -3.05765 0.799999
      vertex -21.2472 -5.66666 0.799999
      vertex -21.3229 -5.79291 0.799999
    endloop
  endfacet
  facet normal 0 0 -1
    outer loop
      vertex -23.9142 -3.35425 0.799999
      vertex -21.3229 -5.79291 0.799999
      vertex -21.3858 -5.92598 0.799999
    endloop
  endfacet
  facet normal 0 0 -1
    outer loop
      vertex -24.819 -4.09683 0.799999
      vertex -21.3858 -5.92598 0.799999
      vertex -21.4354 -6.06458 0.799999
    endloop
  endfacet
  facet normal 0 0 -1
    outer loop
      vertex -25.2716 -4.85196 0.799999
      vertex -21.4354 -6.06458 0.799999
      vertex -21.4712 -6.20737 0.799999
    endloop
  endfacet
  facet normal 0 0 -1
    outer loop
      vertex -25.5 -6 0.799999
      vertex -21.4712 -6.20737 0.799999
      vertex -21.4928 -6.35298 0.799999
    endloop
  endfacet
  facet normal 0 0 -1
    outer loop
      vertex -25.5 -6 0.799999
      vertex -21.4928 -6.35298 0.799999
      vertex -21.5 -6.5 0.799999
    endloop
  endfacet
  facet normal -0 0 -1
    outer loop
      vertex -21.5 -33.5 0.799999
      vertex -25.5 -34 0.799999
      vertex -21.5 -6.5 0.799999
    endloop
  endfacet
  facet normal 0 0 -1
    outer loop
      vertex -24.1667 -36.4944 0.799999
      vertex -21.3858 -34.074 0.799999
      vertex -23.9142 -36.6458 0.799999
    endloop
  endfacet
  facet normal 0 0 -1
    outer loop
      vertex -25.5 -6 0.799999
      vertex -21.5 -6.5 0.799999
      vertex -25.5 -34 0.799999
    endloop
  endfacet
  facet normal 0 0 -1
    outer loop
      vertex -24.4032 -36.319 0.799999
      vertex -21.3858 -34.074 0.799999
      vertex -24.1667 -36.4944 0.799999
    endloop
  endfacet
  facet normal 0 0 -1
    outer loop
      vertex -21.4712 -6.20737 0.799999
      vertex -25.5 -6 0.799999
      vertex -25.4855 -5.70596 0.799999
    endloop
  endfacet
  facet normal 0 0 -1
    outer loop
      vertex -24.6213 -36.1213 0.799999
      vertex -21.3858 -34.074 0.799999
      vertex -24.4032 -36.319 0.799999
    endloop
  endfacet
  facet normal 0 0 -1
    outer loop
      vertex -21.2472 -5.66666 0.799999
      vertex -22.794 -3.01445 0.799999
      vertex -22.5 -3 0.799999
    endloop
  endfacet
  facet normal 0 0 -1
    outer loop
      vertex -24.819 -35.9032 0.799999
      vertex -21.3858 -34.074 0.799999
      vertex -24.6213 -36.1213 0.799999
    endloop
  endfacet
  facet normal 0 0 -1
    outer loop
      vertex -21.2472 -5.66666 0.799999
      vertex -23.0853 -3.05765 0.799999
      vertex -22.794 -3.01445 0.799999
    endloop
  endfacet
  facet normal -0 0 -1
    outer loop
      vertex -21.3858 -34.074 0.799999
      vertex -24.819 -35.9032 0.799999
      vertex -21.4354 -33.9354 0.799999
    endloop
  endfacet
  facet normal 0 0 -1
    outer loop
      vertex -21.3229 -5.79291 0.799999
      vertex -23.3708 -3.12918 0.799999
      vertex -23.0853 -3.05765 0.799999
    endloop
  endfacet
  facet normal 0 0 -1
    outer loop
      vertex -24.9944 -35.6667 0.799999
      vertex -21.4354 -33.9354 0.799999
      vertex -24.819 -35.9032 0.799999
    endloop
  endfacet
  facet normal 0 0 -1
    outer loop
      vertex -21.3229 -5.79291 0.799999
      vertex -23.648 -3.22836 0.799999
      vertex -23.3708 -3.12918 0.799999
    endloop
  endfacet
  facet normal 0 0 -1
    outer loop
      vertex -25.1458 -35.4142 0.799999
      vertex -21.4354 -33.9354 0.799999
      vertex -24.9944 -35.6667 0.799999
    endloop
  endfacet
  facet normal 0 0 -1
    outer loop
      vertex -21.3229 -5.79291 0.799999
      vertex -23.9142 -3.35425 0.799999
      vertex -23.648 -3.22836 0.799999
    endloop
  endfacet
  facet normal 0 0 -1
    outer loop
      vertex -25.2716 -35.148 0.799999
      vertex -21.4354 -33.9354 0.799999
      vertex -25.1458 -35.4142 0.799999
    endloop
  endfacet
  facet normal 0 0 -1
    outer loop
      vertex -21.3858 -5.92598 0.799999
      vertex -24.1667 -3.5056 0.799999
      vertex -23.9142 -3.35425 0.799999
    endloop
  endfacet
  facet normal -0 0 -1
    outer loop
      vertex -21.4354 -33.9354 0.799999
      vertex -25.2716 -35.148 0.799999
      vertex -21.4712 -33.7926 0.799999
    endloop
  endfacet
  facet normal 0 0 -1
    outer loop
      vertex -21.3858 -5.92598 0.799999
      vertex -24.4032 -3.68097 0.799999
      vertex -24.1667 -3.5056 0.799999
    endloop
  endfacet
  facet normal 0 0 -1
    outer loop
      vertex -25.3708 -34.8708 0.799999
      vertex -21.4712 -33.7926 0.799999
      vertex -25.2716 -35.148 0.799999
    endloop
  endfacet
  facet normal 0 0 -1
    outer loop
      vertex -21.3858 -5.92598 0.799999
      vertex -24.6213 -3.87869 0.799999
      vertex -24.4032 -3.68097 0.799999
    endloop
  endfacet
  facet normal 0 0 -1
    outer loop
      vertex -25.4424 -34.5853 0.799999
      vertex -21.4712 -33.7926 0.799999
      vertex -25.3708 -34.8708 0.799999
    endloop
  endfacet
  facet normal 0 0 -1
    outer loop
      vertex -21.3858 -5.92598 0.799999
      vertex -24.819 -4.09683 0.799999
      vertex -24.6213 -3.87869 0.799999
    endloop
  endfacet
  facet normal 0 0 -1
    outer loop
      vertex -25.4855 -34.294 0.799999
      vertex -21.4712 -33.7926 0.799999
      vertex -25.4424 -34.5853 0.799999
    endloop
  endfacet
  facet normal 0 0 -1
    outer loop
      vertex -21.4354 -6.06458 0.799999
      vertex -24.9944 -4.3333 0.799999
      vertex -24.819 -4.09683 0.799999
    endloop
  endfacet
  facet normal 0 0 -1
    outer loop
      vertex -25.5 -34 0.799999
      vertex -21.4712 -33.7926 0.799999
      vertex -25.4855 -34.294 0.799999
    endloop
  endfacet
  facet normal 0 0 -1
    outer loop
      vertex -21.4354 -6.06458 0.799999
      vertex -25.1458 -4.58582 0.799999
      vertex -24.9944 -4.3333 0.799999
    endloop
  endfacet
  facet normal -0 0 -1
    outer loop
      vertex -21.4712 -33.7926 0.799999
      vertex -25.5 -34 0.799999
      vertex -21.4928 -33.647 0.799999
    endloop
  endfacet
  facet normal 0 0 -1
    outer loop
      vertex -21.4354 -6.06458 0.799999
      vertex -25.2716 -4.85196 0.799999
      vertex -25.1458 -4.58582 0.799999
    endloop
  endfacet
  facet normal -0 0 -1
    outer loop
      vertex -21.4928 -33.647 0.799999
      vertex -25.5 -34 0.799999
      vertex -21.5 -33.5 0.799999
    endloop
  endfacet
  facet normal 0 0 -1
    outer loop
      vertex -21.4712 -6.20737 0.799999
      vertex -25.3708 -5.12915 0.799999
      vertex -25.2716 -4.85196 0.799999
    endloop
  endfacet
  facet normal 0 0 -1
    outer loop
      vertex -21.4712 -6.20737 0.799999
      vertex -25.4424 -5.41473 0.799999
      vertex -25.3708 -5.12915 0.799999
    endloop
  endfacet
  facet normal 0 0 -1
    outer loop
      vertex -21.4712 -6.20737 0.799999
      vertex -25.4855 -5.70596 0.799999
      vertex -25.4424 -5.41473 0.799999
    endloop
  endfacet
  facet normal -0.514121 -0.857718 0
    outer loop
      vertex 15.9142 -3.35425 0
      vertex 16.1667 -3.5056 0.799999
      vertex 15.9142 -3.35425 0.799999
    endloop
  endfacet
  facet normal -0.514121 -0.857718 -0
    outer loop
      vertex 16.1667 -3.5056 0.799999
      vertex 15.9142 -3.35425 0
      vertex 16.1667 -3.5056 0
    endloop
  endfacet
  facet normal -0.427518 -0.904007 0
    outer loop
      vertex 15.648 -3.22836 0
      vertex 15.9142 -3.35425 0.799999
      vertex 15.648 -3.22836 0.799999
    endloop
  endfacet
  facet normal -0.427518 -0.904007 -0
    outer loop
      vertex 15.9142 -3.35425 0.799999
      vertex 15.648 -3.22836 0
      vertex 15.9142 -3.35425 0
    endloop
  endfacet
  facet normal -0.243031 -0.970018 0
    outer loop
      vertex 15.0853 -3.05765 0
      vertex 15.3708 -3.12918 0.799999
      vertex 15.0853 -3.05765 0.799999
    endloop
  endfacet
  facet normal -0.243031 -0.970018 -0
    outer loop
      vertex 15.3708 -3.12918 0.799999
      vertex 15.0853 -3.05765 0
      vertex 15.3708 -3.12918 0
    endloop
  endfacet
  facet normal 0.427269 0.904125 -0
    outer loop
      vertex -23.648 -36.7716 0
      vertex -23.9142 -36.6458 0.799999
      vertex -23.648 -36.7716 0.799999
    endloop
  endfacet
  facet normal 0.427269 0.904125 0
    outer loop
      vertex -23.9142 -36.6458 0.799999
      vertex -23.648 -36.7716 0
      vertex -23.9142 -36.6458 0
    endloop
  endfacet
  facet normal 0.0492599 0.998786 -0
    outer loop
      vertex -22.5 -37 0
      vertex -22.794 -36.9855 0.799999
      vertex -22.5 -37 0.799999
    endloop
  endfacet
  facet normal 0.0492599 0.998786 0
    outer loop
      vertex -22.794 -36.9855 0.799999
      vertex -22.5 -37 0
      vertex -22.794 -36.9855 0
    endloop
  endfacet
  facet normal 0.243255 0.969962 -0
    outer loop
      vertex -23.0853 -36.9424 0
      vertex -23.3708 -36.8708 0.799999
      vertex -23.0853 -36.9424 0.799999
    endloop
  endfacet
  facet normal 0.243255 0.969962 0
    outer loop
      vertex -23.3708 -36.8708 0.799999
      vertex -23.0853 -36.9424 0
      vertex -23.3708 -36.8708 0
    endloop
  endfacet
  facet normal 0.989226 -0.146398 0
    outer loop
      vertex -25.4855 -5.70596 0.799999
      vertex -25.4424 -5.41473 0
      vertex -25.4424 -5.41473 0.799999
    endloop
  endfacet
  facet normal 0.989226 -0.146398 0
    outer loop
      vertex -25.4424 -5.41473 0
      vertex -25.4855 -5.70596 0.799999
      vertex -25.4855 -5.70596 0
    endloop
  endfacet
  facet normal -0.941527 0.336939 0
    outer loop
      vertex 17.2716 -35.148 0
      vertex 17.3708 -34.8708 0.799999
      vertex 17.3708 -34.8708 0
    endloop
  endfacet
  facet normal -0.941527 0.336939 0
    outer loop
      vertex 17.3708 -34.8708 0.799999
      vertex 17.2716 -35.148 0
      vertex 17.2716 -35.148 0.799999
    endloop
  endfacet
  facet normal -0.595699 0.803208 0
    outer loop
      vertex 16.4032 -36.319 0
      vertex 16.1667 -36.4944 0.799999
      vertex 16.4032 -36.319 0.799999
    endloop
  endfacet
  facet normal -0.595699 0.803208 0
    outer loop
      vertex 16.1667 -36.4944 0.799999
      vertex 16.4032 -36.319 0
      vertex 16.1667 -36.4944 0
    endloop
  endfacet
  facet normal -0.941523 -0.33695 0
    outer loop
      vertex 17.3708 -5.12915 0
      vertex 17.2716 -4.85196 0.799999
      vertex 17.2716 -4.85196 0
    endloop
  endfacet
  facet normal -0.941523 -0.33695 0
    outer loop
      vertex 17.2716 -4.85196 0.799999
      vertex 17.3708 -5.12915 0
      vertex 17.3708 -5.12915 0.799999
    endloop
  endfacet
  facet normal -0.803172 -0.595747 0
    outer loop
      vertex 16.9944 -4.3333 0
      vertex 16.819 -4.09683 0.799999
      vertex 16.819 -4.09683 0
    endloop
  endfacet
  facet normal -0.803172 -0.595747 0
    outer loop
      vertex 16.819 -4.09683 0.799999
      vertex 16.9944 -4.3333 0
      vertex 16.9944 -4.3333 0.799999
    endloop
  endfacet
  facet normal -0.595633 -0.803257 0
    outer loop
      vertex 16.1667 -3.5056 0
      vertex 16.4032 -3.68097 0.799999
      vertex 16.1667 -3.5056 0.799999
    endloop
  endfacet
  facet normal -0.595633 -0.803257 -0
    outer loop
      vertex 16.4032 -3.68097 0.799999
      vertex 16.1667 -3.5056 0
      vertex 16.4032 -3.68097 0
    endloop
  endfacet
  facet normal 0.243031 -0.970018 0
    outer loop
      vertex -23.3708 -3.12918 0
      vertex -23.0853 -3.05765 0.799999
      vertex -23.3708 -3.12918 0.799999
    endloop
  endfacet
  facet normal 0.243031 -0.970018 0
    outer loop
      vertex -23.0853 -3.05765 0.799999
      vertex -23.3708 -3.12918 0
      vertex -23.0853 -3.05765 0
    endloop
  endfacet
  facet normal 0.0490904 -0.998794 0
    outer loop
      vertex -22.794 -3.01445 0
      vertex -22.5 -3 0.799999
      vertex -22.794 -3.01445 0.799999
    endloop
  endfacet
  facet normal 0.0490904 -0.998794 0
    outer loop
      vertex -22.5 -3 0.799999
      vertex -22.794 -3.01445 0
      vertex -22.5 -3 0
    endloop
  endfacet
  facet normal 0.146696 -0.989182 0
    outer loop
      vertex -23.0853 -3.05765 0
      vertex -22.794 -3.01445 0.799999
      vertex -23.0853 -3.05765 0.799999
    endloop
  endfacet
  facet normal 0.146696 -0.989182 0
    outer loop
      vertex -22.794 -3.01445 0.799999
      vertex -23.0853 -3.05765 0
      vertex -22.794 -3.01445 0
    endloop
  endfacet
  facet normal -0.336879 -0.941548 0
    outer loop
      vertex 15.3708 -3.12918 0
      vertex 15.648 -3.22836 0.799999
      vertex 15.3708 -3.12918 0.799999
    endloop
  endfacet
  facet normal -0.336879 -0.941548 -0
    outer loop
      vertex 15.648 -3.22836 0.799999
      vertex 15.3708 -3.12918 0
      vertex 15.648 -3.22836 0
    endloop
  endfacet
  facet normal -0.0490904 -0.998794 0
    outer loop
      vertex 14.5 -3 0
      vertex 14.794 -3.01445 0.799999
      vertex 14.5 -3 0.799999
    endloop
  endfacet
  facet normal -0.0490904 -0.998794 -0
    outer loop
      vertex 14.794 -3.01445 0.799999
      vertex 14.5 -3 0
      vertex 14.794 -3.01445 0
    endloop
  endfacet
  facet normal -0.336939 0.941527 0
    outer loop
      vertex 15.648 -36.7716 0
      vertex 15.3708 -36.8708 0.799999
      vertex 15.648 -36.7716 0.799999
    endloop
  endfacet
  facet normal -0.336939 0.941527 0
    outer loop
      vertex 15.3708 -36.8708 0.799999
      vertex 15.648 -36.7716 0
      vertex 15.3708 -36.8708 0
    endloop
  endfacet
  facet normal 0.514246 0.857643 -0
    outer loop
      vertex -23.9142 -36.6458 0
      vertex -24.1667 -36.4944 0.799999
      vertex -23.9142 -36.6458 0.799999
    endloop
  endfacet
  facet normal 0.514246 0.857643 0
    outer loop
      vertex -24.1667 -36.4944 0.799999
      vertex -23.9142 -36.6458 0
      vertex -24.1667 -36.4944 0
    endloop
  endfacet
  facet normal 0.146364 0.989231 -0
    outer loop
      vertex -22.794 -36.9855 0
      vertex -23.0853 -36.9424 0.799999
      vertex -22.794 -36.9855 0.799999
    endloop
  endfacet
  facet normal 0.146364 0.989231 0
    outer loop
      vertex -23.0853 -36.9424 0.799999
      vertex -22.794 -36.9855 0
      vertex -23.0853 -36.9424 0
    endloop
  endfacet
  facet normal -0.146364 0.989231 0
    outer loop
      vertex 15.0853 -36.9424 0
      vertex 14.794 -36.9855 0.799999
      vertex 15.0853 -36.9424 0.799999
    endloop
  endfacet
  facet normal -0.146364 0.989231 0
    outer loop
      vertex 14.794 -36.9855 0.799999
      vertex 15.0853 -36.9424 0
      vertex 14.794 -36.9855 0
    endloop
  endfacet
  facet normal 0.941523 -0.33695 0
    outer loop
      vertex -25.3708 -5.12915 0.799999
      vertex -25.2716 -4.85196 0
      vertex -25.2716 -4.85196 0.799999
    endloop
  endfacet
  facet normal 0.941523 -0.33695 0
    outer loop
      vertex -25.2716 -4.85196 0
      vertex -25.3708 -5.12915 0.799999
      vertex -25.3708 -5.12915 0
    endloop
  endfacet
  facet normal 0.969978 -0.243191 0
    outer loop
      vertex -25.4424 -5.41473 0.799999
      vertex -25.3708 -5.12915 0
      vertex -25.3708 -5.12915 0.799999
    endloop
  endfacet
  facet normal 0.969978 -0.243191 0
    outer loop
      vertex -25.3708 -5.12915 0
      vertex -25.4424 -5.41473 0.799999
      vertex -25.4424 -5.41473 0
    endloop
  endfacet
  facet normal 0.803172 -0.595747 0
    outer loop
      vertex -24.9944 -4.3333 0.799999
      vertex -24.819 -4.09683 0
      vertex -24.819 -4.09683 0.799999
    endloop
  endfacet
  facet normal 0.803172 -0.595747 0
    outer loop
      vertex -24.819 -4.09683 0
      vertex -24.9944 -4.3333 0.799999
      vertex -24.9944 -4.3333 0
    endloop
  endfacet
  facet normal 0.514121 -0.857718 0
    outer loop
      vertex -24.1667 -3.5056 0
      vertex -23.9142 -3.35425 0.799999
      vertex -24.1667 -3.5056 0.799999
    endloop
  endfacet
  facet normal 0.514121 -0.857718 0
    outer loop
      vertex -23.9142 -3.35425 0.799999
      vertex -24.1667 -3.5056 0
      vertex -23.9142 -3.35425 0
    endloop
  endfacet
  facet normal 0.740908 0.671607 0
    outer loop
      vertex -24.6213 -36.1213 0.799999
      vertex -24.819 -35.9032 0
      vertex -24.819 -35.9032 0.799999
    endloop
  endfacet
  facet normal 0.740908 0.671607 0
    outer loop
      vertex -24.819 -35.9032 0
      vertex -24.6213 -36.1213 0.799999
      vertex -24.6213 -36.1213 0
    endloop
  endfacet
  facet normal -0.427269 0.904125 0
    outer loop
      vertex 15.9142 -36.6458 0
      vertex 15.648 -36.7716 0.799999
      vertex 15.9142 -36.6458 0.799999
    endloop
  endfacet
  facet normal -0.427269 0.904125 0
    outer loop
      vertex 15.648 -36.7716 0.799999
      vertex 15.9142 -36.6458 0
      vertex 15.648 -36.7716 0
    endloop
  endfacet
  facet normal -0.904125 0.427269 0
    outer loop
      vertex 17.1458 -35.4142 0
      vertex 17.2716 -35.148 0.799999
      vertex 17.2716 -35.148 0
    endloop
  endfacet
  facet normal -0.904125 0.427269 0
    outer loop
      vertex 17.2716 -35.148 0.799999
      vertex 17.1458 -35.4142 0
      vertex 17.1458 -35.4142 0.799999
    endloop
  endfacet
  facet normal -0.969962 0.243255 0
    outer loop
      vertex 17.3708 -34.8708 0
      vertex 17.4424 -34.5853 0.799999
      vertex 17.4424 -34.5853 0
    endloop
  endfacet
  facet normal -0.969962 0.243255 0
    outer loop
      vertex 17.4424 -34.5853 0.799999
      vertex 17.3708 -34.8708 0
      vertex 17.3708 -34.8708 0.799999
    endloop
  endfacet
  facet normal -0.803208 0.595699 0
    outer loop
      vertex 16.819 -35.9032 0
      vertex 16.9944 -35.6667 0.799999
      vertex 16.9944 -35.6667 0
    endloop
  endfacet
  facet normal -0.803208 0.595699 0
    outer loop
      vertex 16.9944 -35.6667 0.799999
      vertex 16.819 -35.9032 0
      vertex 16.819 -35.9032 0.799999
    endloop
  endfacet
  facet normal -0.671644 -0.740874 0
    outer loop
      vertex 16.4032 -3.68097 0
      vertex 16.6213 -3.87869 0.799999
      vertex 16.4032 -3.68097 0.799999
    endloop
  endfacet
  facet normal -0.671644 -0.740874 -0
    outer loop
      vertex 16.6213 -3.87869 0.799999
      vertex 16.4032 -3.68097 0
      vertex 16.6213 -3.87869 0
    endloop
  endfacet
  facet normal -0.998786 -0.0492532 0
    outer loop
      vertex 17.5 -6 0
      vertex 17.4855 -5.70596 0.799999
      vertex 17.4855 -5.70596 0
    endloop
  endfacet
  facet normal -0.998786 -0.0492532 0
    outer loop
      vertex 17.4855 -5.70596 0.799999
      vertex 17.5 -6 0
      vertex 17.5 -6 0.799999
    endloop
  endfacet
  facet normal -0.989226 -0.146398 0
    outer loop
      vertex 17.4855 -5.70596 0
      vertex 17.4424 -5.41473 0.799999
      vertex 17.4424 -5.41473 0
    endloop
  endfacet
  facet normal -0.989226 -0.146398 0
    outer loop
      vertex 17.4424 -5.41473 0.799999
      vertex 17.4855 -5.70596 0
      vertex 17.4855 -5.70596 0.799999
    endloop
  endfacet
  facet normal -0.969978 -0.243191 0
    outer loop
      vertex 17.4424 -5.41473 0
      vertex 17.3708 -5.12915 0.799999
      vertex 17.3708 -5.12915 0
    endloop
  endfacet
  facet normal -0.969978 -0.243191 0
    outer loop
      vertex 17.3708 -5.12915 0.799999
      vertex 17.4424 -5.41473 0
      vertex 17.4424 -5.41473 0.799999
    endloop
  endfacet
  facet normal -0.904088 -0.427347 0
    outer loop
      vertex 17.2716 -4.85196 0
      vertex 17.1458 -4.58582 0.799999
      vertex 17.1458 -4.58582 0
    endloop
  endfacet
  facet normal -0.904088 -0.427347 0
    outer loop
      vertex 17.1458 -4.58582 0.799999
      vertex 17.2716 -4.85196 0
      vertex 17.2716 -4.85196 0.799999
    endloop
  endfacet
  facet normal -0.146696 -0.989182 0
    outer loop
      vertex 14.794 -3.01445 0
      vertex 15.0853 -3.05765 0.799999
      vertex 14.794 -3.01445 0.799999
    endloop
  endfacet
  facet normal -0.146696 -0.989182 -0
    outer loop
      vertex 15.0853 -3.05765 0.799999
      vertex 14.794 -3.01445 0
      vertex 15.0853 -3.05765 0
    endloop
  endfacet
  facet normal 0.336939 0.941527 -0
    outer loop
      vertex -23.3708 -36.8708 0
      vertex -23.648 -36.7716 0.799999
      vertex -23.3708 -36.8708 0.799999
    endloop
  endfacet
  facet normal 0.336939 0.941527 0
    outer loop
      vertex -23.648 -36.7716 0.799999
      vertex -23.3708 -36.8708 0
      vertex -23.648 -36.7716 0
    endloop
  endfacet
  facet normal -0.243255 0.969962 0
    outer loop
      vertex 15.3708 -36.8708 0
      vertex 15.0853 -36.9424 0.799999
      vertex 15.3708 -36.8708 0.799999
    endloop
  endfacet
  facet normal -0.243255 0.969962 0
    outer loop
      vertex 15.0853 -36.9424 0.799999
      vertex 15.3708 -36.8708 0
      vertex 15.0853 -36.9424 0
    endloop
  endfacet
  facet normal -0.0492599 0.998786 0
    outer loop
      vertex 14.794 -36.9855 0
      vertex 14.5 -37 0.799999
      vertex 14.794 -36.9855 0.799999
    endloop
  endfacet
  facet normal -0.0492599 0.998786 0
    outer loop
      vertex 14.5 -37 0.799999
      vertex 14.794 -36.9855 0
      vertex 14.5 -37 0
    endloop
  endfacet
  facet normal 0.998786 -0.0492532 0
    outer loop
      vertex -25.5 -6 0.799999
      vertex -25.4855 -5.70596 0
      vertex -25.4855 -5.70596 0.799999
    endloop
  endfacet
  facet normal 0.998786 -0.0492532 0
    outer loop
      vertex -25.4855 -5.70596 0
      vertex -25.5 -6 0.799999
      vertex -25.5 -6 0
    endloop
  endfacet
  facet normal 0.857661 -0.514216 0
    outer loop
      vertex -25.1458 -4.58582 0.799999
      vertex -24.9944 -4.3333 0
      vertex -24.9944 -4.3333 0.799999
    endloop
  endfacet
  facet normal 0.857661 -0.514216 0
    outer loop
      vertex -24.9944 -4.3333 0
      vertex -25.1458 -4.58582 0.799999
      vertex -25.1458 -4.58582 0
    endloop
  endfacet
  facet normal 0.671644 -0.740874 0
    outer loop
      vertex -24.6213 -3.87869 0
      vertex -24.4032 -3.68097 0.799999
      vertex -24.6213 -3.87869 0.799999
    endloop
  endfacet
  facet normal 0.671644 -0.740874 0
    outer loop
      vertex -24.4032 -3.68097 0.799999
      vertex -24.6213 -3.87869 0
      vertex -24.4032 -3.68097 0
    endloop
  endfacet
  facet normal 0.595633 -0.803257 0
    outer loop
      vertex -24.4032 -3.68097 0
      vertex -24.1667 -3.5056 0.799999
      vertex -24.4032 -3.68097 0.799999
    endloop
  endfacet
  facet normal 0.595633 -0.803257 0
    outer loop
      vertex -24.1667 -3.5056 0.799999
      vertex -24.4032 -3.68097 0
      vertex -24.1667 -3.5056 0
    endloop
  endfacet
  facet normal 0.969962 0.243255 0
    outer loop
      vertex -25.3708 -34.8708 0.799999
      vertex -25.4424 -34.5853 0
      vertex -25.4424 -34.5853 0.799999
    endloop
  endfacet
  facet normal 0.969962 0.243255 0
    outer loop
      vertex -25.4424 -34.5853 0
      vertex -25.3708 -34.8708 0.799999
      vertex -25.3708 -34.8708 0
    endloop
  endfacet
  facet normal -0.998786 0.0492599 0
    outer loop
      vertex 17.4855 -34.294 0
      vertex 17.5 -34 0.799999
      vertex 17.5 -34 0
    endloop
  endfacet
  facet normal -0.998786 0.0492599 0
    outer loop
      vertex 17.5 -34 0.799999
      vertex 17.4855 -34.294 0
      vertex 17.4855 -34.294 0.799999
    endloop
  endfacet
  facet normal -0.989231 0.146364 0
    outer loop
      vertex 17.4424 -34.5853 0
      vertex 17.4855 -34.294 0.799999
      vertex 17.4855 -34.294 0
    endloop
  endfacet
  facet normal -0.989231 0.146364 0
    outer loop
      vertex 17.4855 -34.294 0.799999
      vertex 17.4424 -34.5853 0
      vertex 17.4424 -34.5853 0.799999
    endloop
  endfacet
  facet normal -0.740908 0.671607 0
    outer loop
      vertex 16.6213 -36.1213 0
      vertex 16.819 -35.9032 0.799999
      vertex 16.819 -35.9032 0
    endloop
  endfacet
  facet normal -0.740908 0.671607 0
    outer loop
      vertex 16.819 -35.9032 0.799999
      vertex 16.6213 -36.1213 0
      vertex 16.6213 -36.1213 0.799999
    endloop
  endfacet
  facet normal -0.514246 0.857643 0
    outer loop
      vertex 16.1667 -36.4944 0
      vertex 15.9142 -36.6458 0.799999
      vertex 16.1667 -36.4944 0.799999
    endloop
  endfacet
  facet normal -0.514246 0.857643 0
    outer loop
      vertex 15.9142 -36.6458 0.799999
      vertex 16.1667 -36.4944 0
      vertex 15.9142 -36.6458 0
    endloop
  endfacet
  facet normal -0.740969 -0.671539 0
    outer loop
      vertex 16.819 -4.09683 0
      vertex 16.6213 -3.87869 0.799999
      vertex 16.6213 -3.87869 0
    endloop
  endfacet
  facet normal -0.740969 -0.671539 0
    outer loop
      vertex 16.6213 -3.87869 0.799999
      vertex 16.819 -4.09683 0
      vertex 16.819 -4.09683 0.799999
    endloop
  endfacet
  facet normal -0.857661 -0.514216 0
    outer loop
      vertex 17.1458 -4.58582 0
      vertex 16.9944 -4.3333 0.799999
      vertex 16.9944 -4.3333 0
    endloop
  endfacet
  facet normal -0.857661 -0.514216 0
    outer loop
      vertex 16.9944 -4.3333 0.799999
      vertex 17.1458 -4.58582 0
      vertex 17.1458 -4.58582 0.799999
    endloop
  endfacet
  facet normal 0.904088 -0.427347 0
    outer loop
      vertex -25.2716 -4.85196 0.799999
      vertex -25.1458 -4.58582 0
      vertex -25.1458 -4.58582 0.799999
    endloop
  endfacet
  facet normal 0.904088 -0.427347 0
    outer loop
      vertex -25.1458 -4.58582 0
      vertex -25.2716 -4.85196 0.799999
      vertex -25.2716 -4.85196 0
    endloop
  endfacet
  facet normal 0.740969 -0.671539 0
    outer loop
      vertex -24.819 -4.09683 0.799999
      vertex -24.6213 -3.87869 0
      vertex -24.6213 -3.87869 0.799999
    endloop
  endfacet
  facet normal 0.740969 -0.671539 0
    outer loop
      vertex -24.6213 -3.87869 0
      vertex -24.819 -4.09683 0.799999
      vertex -24.819 -4.09683 0
    endloop
  endfacet
  facet normal 0.989231 0.146364 0
    outer loop
      vertex -25.4424 -34.5853 0.799999
      vertex -25.4855 -34.294 0
      vertex -25.4855 -34.294 0.799999
    endloop
  endfacet
  facet normal 0.989231 0.146364 0
    outer loop
      vertex -25.4855 -34.294 0
      vertex -25.4424 -34.5853 0.799999
      vertex -25.4424 -34.5853 0
    endloop
  endfacet
  facet normal 0.941527 0.336939 0
    outer loop
      vertex -25.2716 -35.148 0.799999
      vertex -25.3708 -34.8708 0
      vertex -25.3708 -34.8708 0.799999
    endloop
  endfacet
  facet normal 0.941527 0.336939 0
    outer loop
      vertex -25.3708 -34.8708 0
      vertex -25.2716 -35.148 0.799999
      vertex -25.2716 -35.148 0
    endloop
  endfacet
  facet normal 0.904125 0.427269 0
    outer loop
      vertex -25.1458 -35.4142 0.799999
      vertex -25.2716 -35.148 0
      vertex -25.2716 -35.148 0.799999
    endloop
  endfacet
  facet normal 0.904125 0.427269 0
    outer loop
      vertex -25.2716 -35.148 0
      vertex -25.1458 -35.4142 0.799999
      vertex -25.1458 -35.4142 0
    endloop
  endfacet
  facet normal 0.671607 0.740908 -0
    outer loop
      vertex -24.4032 -36.319 0
      vertex -24.6213 -36.1213 0.799999
      vertex -24.4032 -36.319 0.799999
    endloop
  endfacet
  facet normal 0.671607 0.740908 0
    outer loop
      vertex -24.6213 -36.1213 0.799999
      vertex -24.4032 -36.319 0
      vertex -24.6213 -36.1213 0
    endloop
  endfacet
  facet normal 0.803208 0.595699 0
    outer loop
      vertex -24.819 -35.9032 0.799999
      vertex -24.9944 -35.6667 0
      vertex -24.9944 -35.6667 0.799999
    endloop
  endfacet
  facet normal 0.803208 0.595699 0
    outer loop
      vertex -24.9944 -35.6667 0
      vertex -24.819 -35.9032 0.799999
      vertex -24.819 -35.9032 0
    endloop
  endfacet
  facet normal -0.857643 0.514246 0
    outer loop
      vertex 16.9944 -35.6667 0
      vertex 17.1458 -35.4142 0.799999
      vertex 17.1458 -35.4142 0
    endloop
  endfacet
  facet normal -0.857643 0.514246 0
    outer loop
      vertex 17.1458 -35.4142 0.799999
      vertex 16.9944 -35.6667 0
      vertex 16.9944 -35.6667 0.799999
    endloop
  endfacet
  facet normal -0.671607 0.740908 0
    outer loop
      vertex 16.6213 -36.1213 0
      vertex 16.4032 -36.319 0.799999
      vertex 16.6213 -36.1213 0.799999
    endloop
  endfacet
  facet normal -0.671607 0.740908 0
    outer loop
      vertex 16.4032 -36.319 0.799999
      vertex 16.6213 -36.1213 0
      vertex 16.4032 -36.319 0
    endloop
  endfacet
  facet normal 0.857643 0.514246 0
    outer loop
      vertex -24.9944 -35.6667 0.799999
      vertex -25.1458 -35.4142 0
      vertex -25.1458 -35.4142 0.799999
    endloop
  endfacet
  facet normal 0.857643 0.514246 0
    outer loop
      vertex -25.1458 -35.4142 0
      vertex -24.9944 -35.6667 0.799999
      vertex -24.9944 -35.6667 0
    endloop
  endfacet
  facet normal 0.146679 -0.989184 0
    outer loop
      vertex -20.2926 -5.02882 0.799999
      vertex -20.147 -5.00723 1.8
      vertex -20.2926 -5.02882 1.8
    endloop
  endfacet
  facet normal 0.146679 -0.989184 0
    outer loop
      vertex -20.147 -5.00723 1.8
      vertex -20.2926 -5.02882 0.799999
      vertex -20.147 -5.00723 0.799999
    endloop
  endfacet
  facet normal 0.242983 -0.970031 0
    outer loop
      vertex -20.4354 -5.06459 0.799999
      vertex -20.2926 -5.02882 1.8
      vertex -20.4354 -5.06459 1.8
    endloop
  endfacet
  facet normal 0.242983 -0.970031 0
    outer loop
      vertex -20.2926 -5.02882 1.8
      vertex -20.4354 -5.06459 0.799999
      vertex -20.2926 -5.02882 0.799999
    endloop
  endfacet
  facet normal 0.0491243 -0.998793 0
    outer loop
      vertex -20.147 -5.00723 0.799999
      vertex -20 -5 1.8
      vertex -20.147 -5.00723 1.8
    endloop
  endfacet
  facet normal 0.0491243 -0.998793 0
    outer loop
      vertex -20 -5 1.8
      vertex -20.147 -5.00723 0.799999
      vertex -20 -5 0.799999
    endloop
  endfacet
  facet normal 1 -0 0
    outer loop
      vertex -21.5 -33.5 1.8
      vertex -21.5 -6.5 0.799999
      vertex -21.5 -6.5 1.8
    endloop
  endfacet
  facet normal 1 0 0
    outer loop
      vertex -21.5 -6.5 0.799999
      vertex -21.5 -33.5 1.8
      vertex -21.5 -33.5 0.799999
    endloop
  endfacet
  facet normal 0.803184 -0.595731 0
    outer loop
      vertex -21.2472 -5.66666 1.8
      vertex -21.1595 -5.54842 0.799999
      vertex -21.1595 -5.54842 1.8
    endloop
  endfacet
  facet normal 0.803184 -0.595731 0
    outer loop
      vertex -21.1595 -5.54842 0.799999
      vertex -21.2472 -5.66666 1.8
      vertex -21.2472 -5.66666 0.799999
    endloop
  endfacet
  facet normal 0 1 -0
    outer loop
      vertex 13 -35 0.799999
      vertex -20 -35 1.8
      vertex 13 -35 1.8
    endloop
  endfacet
  facet normal 0 1 0
    outer loop
      vertex -20 -35 1.8
      vertex 13 -35 0.799999
      vertex -20 -35 0.799999
    endloop
  endfacet
  facet normal 0.514346 -0.857583 0
    outer loop
      vertex -20.8333 -5.25281 0.799999
      vertex -20.7071 -5.17712 1.8
      vertex -20.8333 -5.25281 1.8
    endloop
  endfacet
  facet normal 0.514346 -0.857583 0
    outer loop
      vertex -20.7071 -5.17712 1.8
      vertex -20.8333 -5.25281 0.799999
      vertex -20.7071 -5.17712 0.799999
    endloop
  endfacet
  facet normal 0 -1 0
    outer loop
      vertex -20 -5 0.799999
      vertex 13 -5 1.8
      vertex -20 -5 1.8
    endloop
  endfacet
  facet normal 0 -1 -0
    outer loop
      vertex 13 -5 1.8
      vertex -20 -5 0.799999
      vertex 13 -5 0.799999
    endloop
  endfacet
  facet normal -1 0 0
    outer loop
      vertex 14.5 -33.5 0.799999
      vertex 14.5 -6.5 1.8
      vertex 14.5 -6.5 0.799999
    endloop
  endfacet
  facet normal -1 -0 0
    outer loop
      vertex 14.5 -6.5 1.8
      vertex 14.5 -33.5 0.799999
      vertex 14.5 -33.5 1.8
    endloop
  endfacet
  facet normal -0.146746 0.989174 0
    outer loop
      vertex 13.2926 -34.9712 0.799999
      vertex 13.147 -34.9928 1.8
      vertex 13.2926 -34.9712 1.8
    endloop
  endfacet
  facet normal -0.146746 0.989174 0
    outer loop
      vertex 13.147 -34.9928 1.8
      vertex 13.2926 -34.9712 0.799999
      vertex 13.147 -34.9928 0.799999
    endloop
  endfacet
  facet normal -0.0489209 0.998803 0
    outer loop
      vertex 13.147 -34.9928 0.799999
      vertex 13 -35 1.8
      vertex 13.147 -34.9928 1.8
    endloop
  endfacet
  facet normal -0.0489209 0.998803 0
    outer loop
      vertex 13 -35 1.8
      vertex 13.147 -34.9928 0.799999
      vertex 13 -35 0.799999
    endloop
  endfacet
  facet normal -0.427491 -0.90402 0
    outer loop
      vertex 13.574 -5.11418 0.799999
      vertex 13.7071 -5.17712 1.8
      vertex 13.574 -5.11418 1.8
    endloop
  endfacet
  facet normal -0.427491 -0.90402 -0
    outer loop
      vertex 13.7071 -5.17712 1.8
      vertex 13.574 -5.11418 0.799999
      vertex 13.7071 -5.17712 0.799999
    endloop
  endfacet
  facet normal -0.336879 -0.941548 0
    outer loop
      vertex 13.4354 -5.06459 0.799999
      vertex 13.574 -5.11418 1.8
      vertex 13.4354 -5.06459 1.8
    endloop
  endfacet
  facet normal -0.336879 -0.941548 -0
    outer loop
      vertex 13.574 -5.11418 1.8
      vertex 13.4354 -5.06459 0.799999
      vertex 13.574 -5.11418 0.799999
    endloop
  endfacet
  facet normal -0.242983 -0.970031 0
    outer loop
      vertex 13.2926 -5.02882 0.799999
      vertex 13.4354 -5.06459 1.8
      vertex 13.2926 -5.02882 1.8
    endloop
  endfacet
  facet normal -0.242983 -0.970031 -0
    outer loop
      vertex 13.4354 -5.06459 1.8
      vertex 13.2926 -5.02882 0.799999
      vertex 13.4354 -5.06459 0.799999
    endloop
  endfacet
  facet normal -0.969982 0.243175 0
    outer loop
      vertex 14.4354 -33.9354 0.799999
      vertex 14.4712 -33.7926 1.8
      vertex 14.4712 -33.7926 0.799999
    endloop
  endfacet
  facet normal -0.969982 0.243175 0
    outer loop
      vertex 14.4712 -33.7926 1.8
      vertex 14.4354 -33.9354 0.799999
      vertex 14.4354 -33.9354 1.8
    endloop
  endfacet
  facet normal -0.941527 0.336939 0
    outer loop
      vertex 14.3858 -34.074 0.799999
      vertex 14.4354 -33.9354 1.8
      vertex 14.4354 -33.9354 0.799999
    endloop
  endfacet
  facet normal -0.941527 0.336939 0
    outer loop
      vertex 14.4354 -33.9354 1.8
      vertex 14.3858 -34.074 0.799999
      vertex 14.3858 -34.074 1.8
    endloop
  endfacet
  facet normal -0.998803 -0.0489143 0
    outer loop
      vertex 14.5 -6.5 0.799999
      vertex 14.4928 -6.35298 1.8
      vertex 14.4928 -6.35298 0.799999
    endloop
  endfacet
  facet normal -0.998803 -0.0489143 0
    outer loop
      vertex 14.4928 -6.35298 1.8
      vertex 14.5 -6.5 0.799999
      vertex 14.5 -6.5 1.8
    endloop
  endfacet
  facet normal -0.989176 -0.146736 0
    outer loop
      vertex 14.4928 -6.35298 0.799999
      vertex 14.4712 -6.20737 1.8
      vertex 14.4712 -6.20737 0.799999
    endloop
  endfacet
  facet normal -0.989176 -0.146736 0
    outer loop
      vertex 14.4712 -6.20737 1.8
      vertex 14.4928 -6.35298 0.799999
      vertex 14.4928 -6.35298 1.8
    endloop
  endfacet
  facet normal 0.0489209 0.998803 -0
    outer loop
      vertex -20 -35 0.799999
      vertex -20.147 -34.9928 1.8
      vertex -20 -35 1.8
    endloop
  endfacet
  facet normal 0.0489209 0.998803 0
    outer loop
      vertex -20.147 -34.9928 1.8
      vertex -20 -35 0.799999
      vertex -20.147 -34.9928 0.799999
    endloop
  endfacet
  facet normal 0.146746 0.989174 -0
    outer loop
      vertex -20.147 -34.9928 0.799999
      vertex -20.2926 -34.9712 1.8
      vertex -20.147 -34.9928 1.8
    endloop
  endfacet
  facet normal 0.146746 0.989174 0
    outer loop
      vertex -20.2926 -34.9712 1.8
      vertex -20.147 -34.9928 0.799999
      vertex -20.2926 -34.9712 0.799999
    endloop
  endfacet
  facet normal 0.969978 -0.243191 0
    outer loop
      vertex -21.4712 -6.20737 1.8
      vertex -21.4354 -6.06458 0.799999
      vertex -21.4354 -6.06458 1.8
    endloop
  endfacet
  facet normal 0.969978 -0.243191 0
    outer loop
      vertex -21.4354 -6.06458 0.799999
      vertex -21.4712 -6.20737 1.8
      vertex -21.4712 -6.20737 0.799999
    endloop
  endfacet
  facet normal -0.514346 -0.857583 0
    outer loop
      vertex 13.7071 -5.17712 0.799999
      vertex 13.8333 -5.25281 1.8
      vertex 13.7071 -5.17712 1.8
    endloop
  endfacet
  facet normal -0.514346 -0.857583 -0
    outer loop
      vertex 13.8333 -5.25281 1.8
      vertex 13.7071 -5.17712 0.799999
      vertex 13.8333 -5.25281 0.799999
    endloop
  endfacet
  facet normal -0.595405 -0.803426 0
    outer loop
      vertex 13.8333 -5.25281 0.799999
      vertex 13.9516 -5.34048 1.8
      vertex 13.8333 -5.25281 1.8
    endloop
  endfacet
  facet normal -0.595405 -0.803426 -0
    outer loop
      vertex 13.9516 -5.34048 1.8
      vertex 13.8333 -5.25281 0.799999
      vertex 13.9516 -5.34048 0.799999
    endloop
  endfacet
  facet normal -0.0491243 -0.998793 0
    outer loop
      vertex 13 -5 0.799999
      vertex 13.147 -5.00723 1.8
      vertex 13 -5 1.8
    endloop
  endfacet
  facet normal -0.0491243 -0.998793 -0
    outer loop
      vertex 13.147 -5.00723 1.8
      vertex 13 -5 0.799999
      vertex 13.147 -5.00723 0.799999
    endloop
  endfacet
  facet normal -0.146679 -0.989184 0
    outer loop
      vertex 13.147 -5.00723 0.799999
      vertex 13.2926 -5.02882 1.8
      vertex 13.147 -5.00723 1.8
    endloop
  endfacet
  facet normal -0.146679 -0.989184 -0
    outer loop
      vertex 13.2926 -5.02882 1.8
      vertex 13.147 -5.00723 0.799999
      vertex 13.2926 -5.02882 0.799999
    endloop
  endfacet
  facet normal -0.427269 0.904125 0
    outer loop
      vertex 13.7071 -34.8229 0.799999
      vertex 13.574 -34.8858 1.8
      vertex 13.7071 -34.8229 1.8
    endloop
  endfacet
  facet normal -0.427269 0.904125 0
    outer loop
      vertex 13.574 -34.8858 1.8
      vertex 13.7071 -34.8229 0.799999
      vertex 13.574 -34.8858 0.799999
    endloop
  endfacet
  facet normal -0.989174 0.146746 0
    outer loop
      vertex 14.4712 -33.7926 0.799999
      vertex 14.4928 -33.647 1.8
      vertex 14.4928 -33.647 0.799999
    endloop
  endfacet
  facet normal -0.989174 0.146746 0
    outer loop
      vertex 14.4928 -33.647 1.8
      vertex 14.4712 -33.7926 0.799999
      vertex 14.4712 -33.7926 1.8
    endloop
  endfacet
  facet normal -0.803329 0.595536 0
    outer loop
      vertex 14.1595 -34.4516 0.799999
      vertex 14.2472 -34.3333 1.8
      vertex 14.2472 -34.3333 0.799999
    endloop
  endfacet
  facet normal -0.803329 0.595536 0
    outer loop
      vertex 14.2472 -34.3333 1.8
      vertex 14.1595 -34.4516 0.799999
      vertex 14.1595 -34.4516 1.8
    endloop
  endfacet
  facet normal -0.671251 0.74123 0
    outer loop
      vertex 14.0607 -34.5607 0.799999
      vertex 13.9516 -34.6595 1.8
      vertex 14.0607 -34.5607 1.8
    endloop
  endfacet
  facet normal -0.671251 0.74123 0
    outer loop
      vertex 13.9516 -34.6595 1.8
      vertex 14.0607 -34.5607 0.799999
      vertex 13.9516 -34.6595 0.799999
    endloop
  endfacet
  facet normal -0.941527 -0.336939 0
    outer loop
      vertex 14.4354 -6.06458 0.799999
      vertex 14.3858 -5.92598 1.8
      vertex 14.3858 -5.92598 0.799999
    endloop
  endfacet
  facet normal -0.941527 -0.336939 0
    outer loop
      vertex 14.3858 -5.92598 1.8
      vertex 14.4354 -6.06458 0.799999
      vertex 14.4354 -6.06458 1.8
    endloop
  endfacet
  facet normal -0.671512 -0.740993 0
    outer loop
      vertex 13.9516 -5.34048 0.799999
      vertex 14.0607 -5.43935 1.8
      vertex 13.9516 -5.34048 1.8
    endloop
  endfacet
  facet normal -0.671512 -0.740993 -0
    outer loop
      vertex 14.0607 -5.43935 1.8
      vertex 13.9516 -5.34048 0.799999
      vertex 14.0607 -5.43935 0.799999
    endloop
  endfacet
  facet normal 0.427269 0.904125 -0
    outer loop
      vertex -20.574 -34.8858 0.799999
      vertex -20.7071 -34.8229 1.8
      vertex -20.574 -34.8858 1.8
    endloop
  endfacet
  facet normal 0.427269 0.904125 0
    outer loop
      vertex -20.7071 -34.8229 1.8
      vertex -20.574 -34.8858 0.799999
      vertex -20.7071 -34.8229 0.799999
    endloop
  endfacet
  facet normal 0.336939 0.941527 -0
    outer loop
      vertex -20.4354 -34.9354 0.799999
      vertex -20.574 -34.8858 1.8
      vertex -20.4354 -34.9354 1.8
    endloop
  endfacet
  facet normal 0.336939 0.941527 0
    outer loop
      vertex -20.574 -34.8858 1.8
      vertex -20.4354 -34.9354 0.799999
      vertex -20.574 -34.8858 0.799999
    endloop
  endfacet
  facet normal 0.989176 -0.146736 0
    outer loop
      vertex -21.4928 -6.35298 1.8
      vertex -21.4712 -6.20737 0.799999
      vertex -21.4712 -6.20737 1.8
    endloop
  endfacet
  facet normal 0.989176 -0.146736 0
    outer loop
      vertex -21.4712 -6.20737 0.799999
      vertex -21.4928 -6.35298 1.8
      vertex -21.4928 -6.35298 0.799999
    endloop
  endfacet
  facet normal 0.857643 -0.514246 0
    outer loop
      vertex -21.3229 -5.79291 1.8
      vertex -21.2472 -5.66666 0.799999
      vertex -21.2472 -5.66666 1.8
    endloop
  endfacet
  facet normal 0.857643 -0.514246 0
    outer loop
      vertex -21.2472 -5.66666 0.799999
      vertex -21.3229 -5.79291 1.8
      vertex -21.3229 -5.79291 0.799999
    endloop
  endfacet
  facet normal -0.998803 0.0489209 0
    outer loop
      vertex 14.4928 -33.647 0.799999
      vertex 14.5 -33.5 1.8
      vertex 14.5 -33.5 0.799999
    endloop
  endfacet
  facet normal -0.998803 0.0489209 0
    outer loop
      vertex 14.5 -33.5 1.8
      vertex 14.4928 -33.647 0.799999
      vertex 14.4928 -33.647 1.8
    endloop
  endfacet
  facet normal -0.904125 0.427269 0
    outer loop
      vertex 14.3229 -34.2071 0.799999
      vertex 14.3858 -34.074 1.8
      vertex 14.3858 -34.074 0.799999
    endloop
  endfacet
  facet normal -0.904125 0.427269 0
    outer loop
      vertex 14.3858 -34.074 1.8
      vertex 14.3229 -34.2071 0.799999
      vertex 14.3229 -34.2071 1.8
    endloop
  endfacet
  facet normal -0.857553 0.514396 0
    outer loop
      vertex 14.2472 -34.3333 0.799999
      vertex 14.3229 -34.2071 1.8
      vertex 14.3229 -34.2071 0.799999
    endloop
  endfacet
  facet normal -0.857553 0.514396 0
    outer loop
      vertex 14.3229 -34.2071 1.8
      vertex 14.2472 -34.3333 0.799999
      vertex 14.2472 -34.3333 1.8
    endloop
  endfacet
  facet normal -0.74123 0.671251 0
    outer loop
      vertex 14.0607 -34.5607 0.799999
      vertex 14.1595 -34.4516 1.8
      vertex 14.1595 -34.4516 0.799999
    endloop
  endfacet
  facet normal -0.74123 0.671251 0
    outer loop
      vertex 14.1595 -34.4516 1.8
      vertex 14.0607 -34.5607 0.799999
      vertex 14.0607 -34.5607 1.8
    endloop
  endfacet
  facet normal -0.595536 0.803329 0
    outer loop
      vertex 13.9516 -34.6595 0.799999
      vertex 13.8333 -34.7472 1.8
      vertex 13.9516 -34.6595 1.8
    endloop
  endfacet
  facet normal -0.595536 0.803329 0
    outer loop
      vertex 13.8333 -34.7472 1.8
      vertex 13.9516 -34.6595 0.799999
      vertex 13.8333 -34.7472 0.799999
    endloop
  endfacet
  facet normal -0.514396 0.857553 0
    outer loop
      vertex 13.8333 -34.7472 0.799999
      vertex 13.7071 -34.8229 1.8
      vertex 13.8333 -34.7472 1.8
    endloop
  endfacet
  facet normal -0.514396 0.857553 0
    outer loop
      vertex 13.7071 -34.8229 1.8
      vertex 13.8333 -34.7472 0.799999
      vertex 13.7071 -34.8229 0.799999
    endloop
  endfacet
  facet normal -0.336939 0.941527 0
    outer loop
      vertex 13.574 -34.8858 0.799999
      vertex 13.4354 -34.9354 1.8
      vertex 13.574 -34.8858 1.8
    endloop
  endfacet
  facet normal -0.336939 0.941527 0
    outer loop
      vertex 13.4354 -34.9354 1.8
      vertex 13.574 -34.8858 0.799999
      vertex 13.4354 -34.9354 0.799999
    endloop
  endfacet
  facet normal -0.243175 0.969982 0
    outer loop
      vertex 13.4354 -34.9354 0.799999
      vertex 13.2926 -34.9712 1.8
      vertex 13.4354 -34.9354 1.8
    endloop
  endfacet
  facet normal -0.243175 0.969982 0
    outer loop
      vertex 13.2926 -34.9712 1.8
      vertex 13.4354 -34.9354 0.799999
      vertex 13.2926 -34.9712 0.799999
    endloop
  endfacet
  facet normal -0.969978 -0.243191 0
    outer loop
      vertex 14.4712 -6.20737 0.799999
      vertex 14.4354 -6.06458 1.8
      vertex 14.4354 -6.06458 0.799999
    endloop
  endfacet
  facet normal -0.969978 -0.243191 0
    outer loop
      vertex 14.4354 -6.06458 1.8
      vertex 14.4712 -6.20737 0.799999
      vertex 14.4712 -6.20737 1.8
    endloop
  endfacet
  facet normal -0.803184 -0.595731 0
    outer loop
      vertex 14.2472 -5.66666 0.799999
      vertex 14.1595 -5.54842 1.8
      vertex 14.1595 -5.54842 0.799999
    endloop
  endfacet
  facet normal -0.803184 -0.595731 0
    outer loop
      vertex 14.1595 -5.54842 1.8
      vertex 14.2472 -5.66666 0.799999
      vertex 14.2472 -5.66666 1.8
    endloop
  endfacet
  facet normal -0.904088 -0.427347 0
    outer loop
      vertex 14.3858 -5.92598 0.799999
      vertex 14.3229 -5.79291 1.8
      vertex 14.3229 -5.79291 0.799999
    endloop
  endfacet
  facet normal -0.904088 -0.427347 0
    outer loop
      vertex 14.3229 -5.79291 1.8
      vertex 14.3858 -5.92598 0.799999
      vertex 14.3858 -5.92598 1.8
    endloop
  endfacet
  facet normal -0.741138 -0.671353 0
    outer loop
      vertex 14.1595 -5.54842 0.799999
      vertex 14.0607 -5.43935 1.8
      vertex 14.0607 -5.43935 0.799999
    endloop
  endfacet
  facet normal -0.741138 -0.671353 0
    outer loop
      vertex 14.0607 -5.43935 1.8
      vertex 14.1595 -5.54842 0.799999
      vertex 14.1595 -5.54842 1.8
    endloop
  endfacet
  facet normal 0.595536 0.803329 -0
    outer loop
      vertex -20.8333 -34.7472 0.799999
      vertex -20.9516 -34.6595 1.8
      vertex -20.8333 -34.7472 1.8
    endloop
  endfacet
  facet normal 0.595536 0.803329 0
    outer loop
      vertex -20.9516 -34.6595 1.8
      vertex -20.8333 -34.7472 0.799999
      vertex -20.9516 -34.6595 0.799999
    endloop
  endfacet
  facet normal 0.243175 0.969982 -0
    outer loop
      vertex -20.2926 -34.9712 0.799999
      vertex -20.4354 -34.9354 1.8
      vertex -20.2926 -34.9712 1.8
    endloop
  endfacet
  facet normal 0.243175 0.969982 0
    outer loop
      vertex -20.4354 -34.9354 1.8
      vertex -20.2926 -34.9712 0.799999
      vertex -20.4354 -34.9354 0.799999
    endloop
  endfacet
  facet normal 0.514396 0.857553 -0
    outer loop
      vertex -20.7071 -34.8229 0.799999
      vertex -20.8333 -34.7472 1.8
      vertex -20.7071 -34.8229 1.8
    endloop
  endfacet
  facet normal 0.514396 0.857553 0
    outer loop
      vertex -20.8333 -34.7472 1.8
      vertex -20.7071 -34.8229 0.799999
      vertex -20.8333 -34.7472 0.799999
    endloop
  endfacet
  facet normal 0.998803 0.0489209 0
    outer loop
      vertex -21.4928 -33.647 1.8
      vertex -21.5 -33.5 0.799999
      vertex -21.5 -33.5 1.8
    endloop
  endfacet
  facet normal 0.998803 0.0489209 0
    outer loop
      vertex -21.5 -33.5 0.799999
      vertex -21.4928 -33.647 1.8
      vertex -21.4928 -33.647 0.799999
    endloop
  endfacet
  facet normal 0.941527 0.336939 0
    outer loop
      vertex -21.3858 -34.074 1.8
      vertex -21.4354 -33.9354 0.799999
      vertex -21.4354 -33.9354 1.8
    endloop
  endfacet
  facet normal 0.941527 0.336939 0
    outer loop
      vertex -21.4354 -33.9354 0.799999
      vertex -21.3858 -34.074 1.8
      vertex -21.3858 -34.074 0.799999
    endloop
  endfacet
  facet normal 0.969982 0.243175 0
    outer loop
      vertex -21.4354 -33.9354 1.8
      vertex -21.4712 -33.7926 0.799999
      vertex -21.4712 -33.7926 1.8
    endloop
  endfacet
  facet normal 0.969982 0.243175 0
    outer loop
      vertex -21.4712 -33.7926 0.799999
      vertex -21.4354 -33.9354 1.8
      vertex -21.4354 -33.9354 0.799999
    endloop
  endfacet
  facet normal 0.74123 0.671251 0
    outer loop
      vertex -21.0607 -34.5607 1.8
      vertex -21.1595 -34.4516 0.799999
      vertex -21.1595 -34.4516 1.8
    endloop
  endfacet
  facet normal 0.74123 0.671251 0
    outer loop
      vertex -21.1595 -34.4516 0.799999
      vertex -21.0607 -34.5607 1.8
      vertex -21.0607 -34.5607 0.799999
    endloop
  endfacet
  facet normal 0.671251 0.74123 -0
    outer loop
      vertex -20.9516 -34.6595 0.799999
      vertex -21.0607 -34.5607 1.8
      vertex -20.9516 -34.6595 1.8
    endloop
  endfacet
  facet normal 0.671251 0.74123 0
    outer loop
      vertex -21.0607 -34.5607 1.8
      vertex -20.9516 -34.6595 0.799999
      vertex -21.0607 -34.5607 0.799999
    endloop
  endfacet
  facet normal 0.998803 -0.0489143 0
    outer loop
      vertex -21.5 -6.5 1.8
      vertex -21.4928 -6.35298 0.799999
      vertex -21.4928 -6.35298 1.8
    endloop
  endfacet
  facet normal 0.998803 -0.0489143 0
    outer loop
      vertex -21.4928 -6.35298 0.799999
      vertex -21.5 -6.5 1.8
      vertex -21.5 -6.5 0.799999
    endloop
  endfacet
  facet normal 0.904088 -0.427347 0
    outer loop
      vertex -21.3858 -5.92598 1.8
      vertex -21.3229 -5.79291 0.799999
      vertex -21.3229 -5.79291 1.8
    endloop
  endfacet
  facet normal 0.904088 -0.427347 0
    outer loop
      vertex -21.3229 -5.79291 0.799999
      vertex -21.3858 -5.92598 1.8
      vertex -21.3858 -5.92598 0.799999
    endloop
  endfacet
  facet normal 0.741138 -0.671353 0
    outer loop
      vertex -21.1595 -5.54842 1.8
      vertex -21.0607 -5.43935 0.799999
      vertex -21.0607 -5.43935 1.8
    endloop
  endfacet
  facet normal 0.741138 -0.671353 0
    outer loop
      vertex -21.0607 -5.43935 0.799999
      vertex -21.1595 -5.54842 1.8
      vertex -21.1595 -5.54842 0.799999
    endloop
  endfacet
  facet normal -0.857643 -0.514246 0
    outer loop
      vertex 14.3229 -5.79291 0.799999
      vertex 14.2472 -5.66666 1.8
      vertex 14.2472 -5.66666 0.799999
    endloop
  endfacet
  facet normal -0.857643 -0.514246 0
    outer loop
      vertex 14.2472 -5.66666 1.8
      vertex 14.3229 -5.79291 0.799999
      vertex 14.3229 -5.79291 1.8
    endloop
  endfacet
  facet normal 0.989174 0.146746 0
    outer loop
      vertex -21.4712 -33.7926 1.8
      vertex -21.4928 -33.647 0.799999
      vertex -21.4928 -33.647 1.8
    endloop
  endfacet
  facet normal 0.989174 0.146746 0
    outer loop
      vertex -21.4928 -33.647 0.799999
      vertex -21.4712 -33.7926 1.8
      vertex -21.4712 -33.7926 0.799999
    endloop
  endfacet
  facet normal 0.803329 0.595536 0
    outer loop
      vertex -21.1595 -34.4516 1.8
      vertex -21.2472 -34.3333 0.799999
      vertex -21.2472 -34.3333 1.8
    endloop
  endfacet
  facet normal 0.803329 0.595536 0
    outer loop
      vertex -21.2472 -34.3333 0.799999
      vertex -21.1595 -34.4516 1.8
      vertex -21.1595 -34.4516 0.799999
    endloop
  endfacet
  facet normal 0.857553 0.514396 0
    outer loop
      vertex -21.2472 -34.3333 1.8
      vertex -21.3229 -34.2071 0.799999
      vertex -21.3229 -34.2071 1.8
    endloop
  endfacet
  facet normal 0.857553 0.514396 0
    outer loop
      vertex -21.3229 -34.2071 0.799999
      vertex -21.2472 -34.3333 1.8
      vertex -21.2472 -34.3333 0.799999
    endloop
  endfacet
  facet normal 0.904125 0.427269 0
    outer loop
      vertex -21.3229 -34.2071 1.8
      vertex -21.3858 -34.074 0.799999
      vertex -21.3858 -34.074 1.8
    endloop
  endfacet
  facet normal 0.904125 0.427269 0
    outer loop
      vertex -21.3858 -34.074 0.799999
      vertex -21.3229 -34.2071 1.8
      vertex -21.3229 -34.2071 0.799999
    endloop
  endfacet
  facet normal 0.941527 -0.336939 0
    outer loop
      vertex -21.4354 -6.06458 1.8
      vertex -21.3858 -5.92598 0.799999
      vertex -21.3858 -5.92598 1.8
    endloop
  endfacet
  facet normal 0.941527 -0.336939 0
    outer loop
      vertex -21.3858 -5.92598 0.799999
      vertex -21.4354 -6.06458 1.8
      vertex -21.4354 -6.06458 0.799999
    endloop
  endfacet
  facet normal 0.671512 -0.740993 0
    outer loop
      vertex -21.0607 -5.43935 0.799999
      vertex -20.9516 -5.34048 1.8
      vertex -21.0607 -5.43935 1.8
    endloop
  endfacet
  facet normal 0.671512 -0.740993 0
    outer loop
      vertex -20.9516 -5.34048 1.8
      vertex -21.0607 -5.43935 0.799999
      vertex -20.9516 -5.34048 0.799999
    endloop
  endfacet
  facet normal 0.595405 -0.803426 0
    outer loop
      vertex -20.9516 -5.34048 0.799999
      vertex -20.8333 -5.25281 1.8
      vertex -20.9516 -5.34048 1.8
    endloop
  endfacet
  facet normal 0.595405 -0.803426 0
    outer loop
      vertex -20.8333 -5.25281 1.8
      vertex -20.9516 -5.34048 0.799999
      vertex -20.8333 -5.25281 0.799999
    endloop
  endfacet
  facet normal 0.427491 -0.90402 0
    outer loop
      vertex -20.7071 -5.17712 0.799999
      vertex -20.574 -5.11418 1.8
      vertex -20.7071 -5.17712 1.8
    endloop
  endfacet
  facet normal 0.427491 -0.90402 0
    outer loop
      vertex -20.574 -5.11418 1.8
      vertex -20.7071 -5.17712 0.799999
      vertex -20.574 -5.11418 0.799999
    endloop
  endfacet
  facet normal 0.336879 -0.941548 0
    outer loop
      vertex -20.574 -5.11418 0.799999
      vertex -20.4354 -5.06459 1.8
      vertex -20.574 -5.11418 1.8
    endloop
  endfacet
  facet normal 0.336879 -0.941548 0
    outer loop
      vertex -20.4354 -5.06459 1.8
      vertex -20.574 -5.11418 0.799999
      vertex -20.4354 -5.06459 0.799999
    endloop
  endfacet
  facet normal 0 -1 0
    outer loop
      vertex -31 -15 9.4
      vertex -30 -15 14.4
      vertex -31 -15 14.4
    endloop
  endfacet
  facet normal 0 -1 -0
    outer loop
      vertex -30 -15 14.4
      vertex -31 -15 9.4
      vertex -30 -15 9.4
    endloop
  endfacet
  facet normal 0 0 -1
    outer loop
      vertex -31 -25 14.4
      vertex -30 -15 14.4
      vertex -30 -25 14.4
    endloop
  endfacet
  facet normal -0 0 -1
    outer loop
      vertex -30 -15 14.4
      vertex -31 -25 14.4
      vertex -31 -15 14.4
    endloop
  endfacet
  facet normal 0 1 -0
    outer loop
      vertex -30 -25 9.4
      vertex -31 -25 14.4
      vertex -30 -25 14.4
    endloop
  endfacet
  facet normal 0 1 0
    outer loop
      vertex -31 -25 14.4
      vertex -30 -25 9.4
      vertex -31 -25 9.4
    endloop
  endfacet
  facet normal -0 0 1
    outer loop
      vertex -31 -15 9.4
      vertex -30 -25 9.4
      vertex -30 -15 9.4
    endloop
  endfacet
  facet normal 0 0 1
    outer loop
      vertex -30 -25 9.4
      vertex -31 -15 9.4
      vertex -31 -25 9.4
    endloop
  endfacet
  facet normal 0.0490565 0 0.998796
    outer loop
      vertex -20 -1 10
      vertex -19.853 -1.01 9.99278
      vertex -19.853 -1 9.99278
    endloop
  endfacet
  facet normal 0.0490565 0 0.998796
    outer loop
      vertex -19.853 -1.01 9.99278
      vertex -20 -1 10
      vertex -20 -1.01 10
    endloop
  endfacet
  facet normal 0.0490565 0 0.998796
    outer loop
      vertex -20 2.49 10
      vertex -19.853 0 9.99278
      vertex -19.853 2.49 9.99278
    endloop
  endfacet
  facet normal 0.0490565 0 0.998796
    outer loop
      vertex -19.853 0 9.99278
      vertex -20 2.49 10
      vertex -20 0 10
    endloop
  endfacet
  facet normal 0.0490565 0 -0.998796
    outer loop
      vertex -20 -1.01 7
      vertex -19.853 -1 7.00722
      vertex -19.853 -1.01 7.00722
    endloop
  endfacet
  facet normal 0.0490565 0 -0.998796
    outer loop
      vertex -19.853 -1 7.00722
      vertex -20 -1.01 7
      vertex -20 -1 7
    endloop
  endfacet
  facet normal 0.0490565 0 -0.998796
    outer loop
      vertex -20 0 7
      vertex -19.853 2.49 7.00722
      vertex -19.853 0 7.00722
    endloop
  endfacet
  facet normal 0.0490565 0 -0.998796
    outer loop
      vertex -19.853 2.49 7.00722
      vertex -20 0 7
      vertex -20 2.49 7
    endloop
  endfacet
  facet normal 0.998803 -0 0.048911
    outer loop
      vertex -18.5072 -1.01 8.64703
      vertex -18.5 -1 8.5
      vertex -18.5072 -1 8.64703
    endloop
  endfacet
  facet normal 0.998803 0 0.048911
    outer loop
      vertex -18.5 -1 8.5
      vertex -18.5072 -1.01 8.64703
      vertex -18.5 -1.01 8.5
    endloop
  endfacet
  facet normal 0.998803 -0 0.048911
    outer loop
      vertex -18.5072 0 8.64703
      vertex -18.5 2.49 8.5
      vertex -18.5072 2.49 8.64703
    endloop
  endfacet
  facet normal 0.998803 0 0.048911
    outer loop
      vertex -18.5 2.49 8.5
      vertex -18.5072 0 8.64703
      vertex -18.5 0 8.5
    endloop
  endfacet
  facet normal 0.741138 -0 0.671353
    outer loop
      vertex -18.9393 -1.01 9.56066
      vertex -18.8405 -1 9.45159
      vertex -18.9393 -1 9.56066
    endloop
  endfacet
  facet normal 0.741138 0 0.671353
    outer loop
      vertex -18.8405 -1 9.45159
      vertex -18.9393 -1.01 9.56066
      vertex -18.8405 -1.01 9.45159
    endloop
  endfacet
  facet normal 0.741138 -0 0.671353
    outer loop
      vertex -18.9393 0 9.56066
      vertex -18.8405 2.49 9.45159
      vertex -18.9393 2.49 9.56066
    endloop
  endfacet
  facet normal 0.741138 0 0.671353
    outer loop
      vertex -18.8405 2.49 9.45159
      vertex -18.9393 0 9.56066
      vertex -18.8405 0 9.45159
    endloop
  endfacet
  facet normal 0.741138 0 -0.671353
    outer loop
      vertex -18.8405 -1.01 7.54841
      vertex -18.9393 -1 7.43934
      vertex -18.8405 -1 7.54841
    endloop
  endfacet
  facet normal 0.741138 0 -0.671353
    outer loop
      vertex -18.9393 -1 7.43934
      vertex -18.8405 -1.01 7.54841
      vertex -18.9393 -1.01 7.43934
    endloop
  endfacet
  facet normal 0.741138 0 -0.671353
    outer loop
      vertex -18.8405 0 7.54841
      vertex -18.9393 2.49 7.43934
      vertex -18.8405 2.49 7.54841
    endloop
  endfacet
  facet normal 0.741138 0 -0.671353
    outer loop
      vertex -18.9393 2.49 7.43934
      vertex -18.8405 0 7.54841
      vertex -18.9393 0 7.43934
    endloop
  endfacet
  facet normal 0.941519 0 -0.33696
    outer loop
      vertex -18.5646 -1.01 8.06457
      vertex -18.6142 -1 7.92598
      vertex -18.5646 -1 8.06457
    endloop
  endfacet
  facet normal 0.941519 0 -0.33696
    outer loop
      vertex -18.6142 -1 7.92598
      vertex -18.5646 -1.01 8.06457
      vertex -18.6142 -1.01 7.92598
    endloop
  endfacet
  facet normal 0.941519 0 -0.33696
    outer loop
      vertex -18.5646 0 8.06457
      vertex -18.6142 2.49 7.92598
      vertex -18.5646 2.49 8.06457
    endloop
  endfacet
  facet normal 0.941519 0 -0.33696
    outer loop
      vertex -18.6142 2.49 7.92598
      vertex -18.5646 0 8.06457
      vertex -18.6142 0 7.92598
    endloop
  endfacet
  facet normal -0.336879 0 -0.941548
    outer loop
      vertex -20.574 -1.01 7.11418
      vertex -20.4354 -1 7.06459
      vertex -20.4354 -1.01 7.06459
    endloop
  endfacet
  facet normal -0.336879 0 -0.941548
    outer loop
      vertex -20.4354 -1 7.06459
      vertex -20.574 -1.01 7.11418
      vertex -20.574 -1 7.11418
    endloop
  endfacet
  facet normal -0.336879 0 -0.941548
    outer loop
      vertex -20.574 0 7.11418
      vertex -20.4354 2.49 7.06459
      vertex -20.4354 0 7.06459
    endloop
  endfacet
  facet normal -0.336879 0 -0.941548
    outer loop
      vertex -20.4354 2.49 7.06459
      vertex -20.574 0 7.11418
      vertex -20.574 2.49 7.11418
    endloop
  endfacet
  facet normal 0.427491 0 0.90402
    outer loop
      vertex -19.426 -1 9.88582
      vertex -19.2929 -1.01 9.82288
      vertex -19.2929 -1 9.82288
    endloop
  endfacet
  facet normal 0.427491 0 0.90402
    outer loop
      vertex -19.2929 -1.01 9.82288
      vertex -19.426 -1 9.88582
      vertex -19.426 -1.01 9.88582
    endloop
  endfacet
  facet normal 0.427491 0 0.90402
    outer loop
      vertex -19.426 2.49 9.88582
      vertex -19.2929 0 9.82288
      vertex -19.2929 2.49 9.82288
    endloop
  endfacet
  facet normal 0.427491 0 0.90402
    outer loop
      vertex -19.2929 0 9.82288
      vertex -19.426 2.49 9.88582
      vertex -19.426 0 9.88582
    endloop
  endfacet
  facet normal 0.941519 -0 0.33696
    outer loop
      vertex -18.6142 -1.01 9.07402
      vertex -18.5646 -1 8.93543
      vertex -18.6142 -1 9.07402
    endloop
  endfacet
  facet normal 0.941519 0 0.33696
    outer loop
      vertex -18.5646 -1 8.93543
      vertex -18.6142 -1.01 9.07402
      vertex -18.5646 -1.01 8.93543
    endloop
  endfacet
  facet normal 0.941519 -0 0.33696
    outer loop
      vertex -18.6142 0 9.07402
      vertex -18.5646 2.49 8.93543
      vertex -18.6142 2.49 9.07402
    endloop
  endfacet
  facet normal 0.941519 0 0.33696
    outer loop
      vertex -18.5646 2.49 8.93543
      vertex -18.6142 0 9.07402
      vertex -18.5646 0 8.93543
    endloop
  endfacet
  facet normal 0.857661 -0 0.514216
    outer loop
      vertex -18.7528 -1.01 9.33335
      vertex -18.6771 -1 9.20709
      vertex -18.7528 -1 9.33335
    endloop
  endfacet
  facet normal 0.857661 0 0.514216
    outer loop
      vertex -18.6771 -1 9.20709
      vertex -18.7528 -1.01 9.33335
      vertex -18.6771 -1.01 9.20709
    endloop
  endfacet
  facet normal 0.857661 -0 0.514216
    outer loop
      vertex -18.7528 0 9.33335
      vertex -18.6771 2.49 9.20709
      vertex -18.7528 2.49 9.33335
    endloop
  endfacet
  facet normal 0.857661 0 0.514216
    outer loop
      vertex -18.6771 2.49 9.20709
      vertex -18.7528 0 9.33335
      vertex -18.6771 0 9.20709
    endloop
  endfacet
  facet normal 0.427491 0 -0.90402
    outer loop
      vertex -19.426 -1.01 7.11418
      vertex -19.2929 -1 7.17712
      vertex -19.2929 -1.01 7.17712
    endloop
  endfacet
  facet normal 0.427491 0 -0.90402
    outer loop
      vertex -19.2929 -1 7.17712
      vertex -19.426 -1.01 7.11418
      vertex -19.426 -1 7.11418
    endloop
  endfacet
  facet normal 0.427491 0 -0.90402
    outer loop
      vertex -19.426 0 7.11418
      vertex -19.2929 2.49 7.17712
      vertex -19.2929 0 7.17712
    endloop
  endfacet
  facet normal 0.427491 0 -0.90402
    outer loop
      vertex -19.2929 2.49 7.17712
      vertex -19.426 0 7.11418
      vertex -19.426 2.49 7.11418
    endloop
  endfacet
  facet normal 0.989174 0 -0.146746
    outer loop
      vertex -18.5072 -1.01 8.35297
      vertex -18.5288 -1 8.20737
      vertex -18.5072 -1 8.35297
    endloop
  endfacet
  facet normal 0.989174 0 -0.146746
    outer loop
      vertex -18.5288 -1 8.20737
      vertex -18.5072 -1.01 8.35297
      vertex -18.5288 -1.01 8.20737
    endloop
  endfacet
  facet normal 0.989174 0 -0.146746
    outer loop
      vertex -18.5072 0 8.35297
      vertex -18.5288 2.49 8.20737
      vertex -18.5072 2.49 8.35297
    endloop
  endfacet
  facet normal 0.989174 0 -0.146746
    outer loop
      vertex -18.5288 2.49 8.20737
      vertex -18.5072 0 8.35297
      vertex -18.5288 0 8.20737
    endloop
  endfacet
  facet normal -0.336879 0 0.941548
    outer loop
      vertex -20.574 2.49 9.88582
      vertex -20.4354 0 9.93541
      vertex -20.4354 2.49 9.93541
    endloop
  endfacet
  facet normal -0.336879 0 0.941548
    outer loop
      vertex -20.4354 0 9.93541
      vertex -20.574 2.49 9.88582
      vertex -20.574 0 9.88582
    endloop
  endfacet
  facet normal -0.336879 0 0.941548
    outer loop
      vertex -20.574 -1 9.88582
      vertex -20.4354 -1.01 9.93541
      vertex -20.4354 -1 9.93541
    endloop
  endfacet
  facet normal -0.336879 0 0.941548
    outer loop
      vertex -20.4354 -1.01 9.93541
      vertex -20.574 -1 9.88582
      vertex -20.574 -1.01 9.88582
    endloop
  endfacet
  facet normal 0 -1 0
    outer loop
      vertex -20.147 -1.01 9.99278
      vertex -19.853 -1.01 9.99278
      vertex -20 -1.01 10
    endloop
  endfacet
  facet normal 0 -1 0
    outer loop
      vertex -20.2926 -1.01 9.97118
      vertex -19.853 -1.01 9.99278
      vertex -20.147 -1.01 9.99278
    endloop
  endfacet
  facet normal 0 -1 0
    outer loop
      vertex -20.2926 -1.01 9.97118
      vertex -19.7074 -1.01 9.97118
      vertex -19.853 -1.01 9.99278
    endloop
  endfacet
  facet normal 0 -1 0
    outer loop
      vertex -20.4354 -1.01 9.93541
      vertex -19.7074 -1.01 9.97118
      vertex -20.2926 -1.01 9.97118
    endloop
  endfacet
  facet normal 0 -1 0
    outer loop
      vertex -20.4354 -1.01 9.93541
      vertex -19.5646 -1.01 9.93541
      vertex -19.7074 -1.01 9.97118
    endloop
  endfacet
  facet normal 0 -1 0
    outer loop
      vertex -20.574 -1.01 9.88582
      vertex -19.5646 -1.01 9.93541
      vertex -20.4354 -1.01 9.93541
    endloop
  endfacet
  facet normal 0 -1 0
    outer loop
      vertex -20.574 -1.01 9.88582
      vertex -19.426 -1.01 9.88582
      vertex -19.5646 -1.01 9.93541
    endloop
  endfacet
  facet normal 0 -1 0
    outer loop
      vertex -20.7071 -1.01 9.82288
      vertex -19.426 -1.01 9.88582
      vertex -20.574 -1.01 9.88582
    endloop
  endfacet
  facet normal 0 -1 0
    outer loop
      vertex -20.7071 -1.01 9.82288
      vertex -19.2929 -1.01 9.82288
      vertex -19.426 -1.01 9.88582
    endloop
  endfacet
  facet normal 0 -1 0
    outer loop
      vertex -20.8334 -1.01 9.7472
      vertex -19.2929 -1.01 9.82288
      vertex -20.7071 -1.01 9.82288
    endloop
  endfacet
  facet normal 0 -1 0
    outer loop
      vertex -20.8334 -1.01 9.7472
      vertex -19.1666 -1.01 9.7472
      vertex -19.2929 -1.01 9.82288
    endloop
  endfacet
  facet normal 0 -1 0
    outer loop
      vertex -20.9516 -1.01 9.65952
      vertex -19.1666 -1.01 9.7472
      vertex -20.8334 -1.01 9.7472
    endloop
  endfacet
  facet normal 0 -1 0
    outer loop
      vertex -20.9516 -1.01 9.65952
      vertex -19.0484 -1.01 9.65952
      vertex -19.1666 -1.01 9.7472
    endloop
  endfacet
  facet normal 0 -1 0
    outer loop
      vertex -21.0607 -1.01 9.56066
      vertex -19.0484 -1.01 9.65952
      vertex -20.9516 -1.01 9.65952
    endloop
  endfacet
  facet normal 0 -1 0
    outer loop
      vertex -21.0607 -1.01 9.56066
      vertex -18.9393 -1.01 9.56066
      vertex -19.0484 -1.01 9.65952
    endloop
  endfacet
  facet normal 0 -1 0
    outer loop
      vertex -21.1595 -1.01 9.45159
      vertex -18.9393 -1.01 9.56066
      vertex -21.0607 -1.01 9.56066
    endloop
  endfacet
  facet normal 0 -1 0
    outer loop
      vertex -21.1595 -1.01 9.45159
      vertex -18.8405 -1.01 9.45159
      vertex -18.9393 -1.01 9.56066
    endloop
  endfacet
  facet normal 0 -1 0
    outer loop
      vertex -21.2472 -1.01 9.33335
      vertex -18.8405 -1.01 9.45159
      vertex -21.1595 -1.01 9.45159
    endloop
  endfacet
  facet normal 0 -1 0
    outer loop
      vertex -21.2472 -1.01 9.33335
      vertex -18.7528 -1.01 9.33335
      vertex -18.8405 -1.01 9.45159
    endloop
  endfacet
  facet normal 0 -1 0
    outer loop
      vertex -21.3229 -1.01 9.20709
      vertex -18.7528 -1.01 9.33335
      vertex -21.2472 -1.01 9.33335
    endloop
  endfacet
  facet normal 0 -1 0
    outer loop
      vertex -21.3229 -1.01 9.20709
      vertex -18.6771 -1.01 9.20709
      vertex -18.7528 -1.01 9.33335
    endloop
  endfacet
  facet normal 0 -1 0
    outer loop
      vertex -21.3858 -1.01 9.07402
      vertex -18.6771 -1.01 9.20709
      vertex -21.3229 -1.01 9.20709
    endloop
  endfacet
  facet normal 0 -1 0
    outer loop
      vertex -21.3858 -1.01 9.07402
      vertex -18.6142 -1.01 9.07402
      vertex -18.6771 -1.01 9.20709
    endloop
  endfacet
  facet normal 0 -1 0
    outer loop
      vertex -21.4354 -1.01 8.93543
      vertex -18.6142 -1.01 9.07402
      vertex -21.3858 -1.01 9.07402
    endloop
  endfacet
  facet normal 0 -1 0
    outer loop
      vertex -21.4354 -1.01 8.93543
      vertex -18.5646 -1.01 8.93543
      vertex -18.6142 -1.01 9.07402
    endloop
  endfacet
  facet normal 0 -1 0
    outer loop
      vertex -21.4712 -1.01 8.79263
      vertex -18.5646 -1.01 8.93543
      vertex -21.4354 -1.01 8.93543
    endloop
  endfacet
  facet normal 0 -1 0
    outer loop
      vertex -21.4712 -1.01 8.79263
      vertex -18.5288 -1.01 8.79263
      vertex -18.5646 -1.01 8.93543
    endloop
  endfacet
  facet normal 0 -1 0
    outer loop
      vertex -21.4928 -1.01 8.64703
      vertex -18.5288 -1.01 8.79263
      vertex -21.4712 -1.01 8.79263
    endloop
  endfacet
  facet normal 0 -1 0
    outer loop
      vertex -21.4928 -1.01 8.64703
      vertex -18.5072 -1.01 8.64703
      vertex -18.5288 -1.01 8.79263
    endloop
  endfacet
  facet normal 0 -1 0
    outer loop
      vertex -21.5 -1.01 8.5
      vertex -18.5072 -1.01 8.64703
      vertex -21.4928 -1.01 8.64703
    endloop
  endfacet
  facet normal 0 -1 0
    outer loop
      vertex -21.5 -1.01 8.5
      vertex -18.5 -1.01 8.5
      vertex -18.5072 -1.01 8.64703
    endloop
  endfacet
  facet normal 0 -1 0
    outer loop
      vertex -21.4928 -1.01 8.35297
      vertex -18.5 -1.01 8.5
      vertex -21.5 -1.01 8.5
    endloop
  endfacet
  facet normal 0 -1 0
    outer loop
      vertex -21.4928 -1.01 8.35297
      vertex -18.5072 -1.01 8.35297
      vertex -18.5 -1.01 8.5
    endloop
  endfacet
  facet normal 0 -1 0
    outer loop
      vertex -21.4712 -1.01 8.20737
      vertex -18.5072 -1.01 8.35297
      vertex -21.4928 -1.01 8.35297
    endloop
  endfacet
  facet normal 0 -1 0
    outer loop
      vertex -21.4712 -1.01 8.20737
      vertex -18.5288 -1.01 8.20737
      vertex -18.5072 -1.01 8.35297
    endloop
  endfacet
  facet normal 0 -1 0
    outer loop
      vertex -21.4354 -1.01 8.06457
      vertex -18.5288 -1.01 8.20737
      vertex -21.4712 -1.01 8.20737
    endloop
  endfacet
  facet normal 0 -1 0
    outer loop
      vertex -21.4354 -1.01 8.06457
      vertex -18.5646 -1.01 8.06457
      vertex -18.5288 -1.01 8.20737
    endloop
  endfacet
  facet normal 0 -1 0
    outer loop
      vertex -21.3858 -1.01 7.92598
      vertex -18.5646 -1.01 8.06457
      vertex -21.4354 -1.01 8.06457
    endloop
  endfacet
  facet normal 0 -1 0
    outer loop
      vertex -21.3858 -1.01 7.92598
      vertex -18.6142 -1.01 7.92598
      vertex -18.5646 -1.01 8.06457
    endloop
  endfacet
  facet normal 0 -1 0
    outer loop
      vertex -21.3229 -1.01 7.79291
      vertex -18.6142 -1.01 7.92598
      vertex -21.3858 -1.01 7.92598
    endloop
  endfacet
  facet normal 0 -1 0
    outer loop
      vertex -21.3229 -1.01 7.79291
      vertex -18.6771 -1.01 7.79291
      vertex -18.6142 -1.01 7.92598
    endloop
  endfacet
  facet normal 0 -1 0
    outer loop
      vertex -21.2472 -1.01 7.66665
      vertex -18.6771 -1.01 7.79291
      vertex -21.3229 -1.01 7.79291
    endloop
  endfacet
  facet normal 0 -1 0
    outer loop
      vertex -21.2472 -1.01 7.66665
      vertex -18.7528 -1.01 7.66665
      vertex -18.6771 -1.01 7.79291
    endloop
  endfacet
  facet normal 0 -1 0
    outer loop
      vertex -21.1595 -1.01 7.54841
      vertex -18.7528 -1.01 7.66665
      vertex -21.2472 -1.01 7.66665
    endloop
  endfacet
  facet normal 0 -1 0
    outer loop
      vertex -21.1595 -1.01 7.54841
      vertex -18.8405 -1.01 7.54841
      vertex -18.7528 -1.01 7.66665
    endloop
  endfacet
  facet normal 0 -1 0
    outer loop
      vertex -21.0607 -1.01 7.43934
      vertex -18.8405 -1.01 7.54841
      vertex -21.1595 -1.01 7.54841
    endloop
  endfacet
  facet normal 0 -1 0
    outer loop
      vertex -21.0607 -1.01 7.43934
      vertex -18.9393 -1.01 7.43934
      vertex -18.8405 -1.01 7.54841
    endloop
  endfacet
  facet normal 0 -1 0
    outer loop
      vertex -20.9516 -1.01 7.34048
      vertex -18.9393 -1.01 7.43934
      vertex -21.0607 -1.01 7.43934
    endloop
  endfacet
  facet normal 0 -1 0
    outer loop
      vertex -20.9516 -1.01 7.34048
      vertex -19.0484 -1.01 7.34048
      vertex -18.9393 -1.01 7.43934
    endloop
  endfacet
  facet normal 0 -1 0
    outer loop
      vertex -20.8334 -1.01 7.2528
      vertex -19.0484 -1.01 7.34048
      vertex -20.9516 -1.01 7.34048
    endloop
  endfacet
  facet normal 0 -1 0
    outer loop
      vertex -20.8334 -1.01 7.2528
      vertex -19.1666 -1.01 7.2528
      vertex -19.0484 -1.01 7.34048
    endloop
  endfacet
  facet normal 0 -1 0
    outer loop
      vertex -20.7071 -1.01 7.17712
      vertex -19.1666 -1.01 7.2528
      vertex -20.8334 -1.01 7.2528
    endloop
  endfacet
  facet normal 0 -1 0
    outer loop
      vertex -20.7071 -1.01 7.17712
      vertex -19.2929 -1.01 7.17712
      vertex -19.1666 -1.01 7.2528
    endloop
  endfacet
  facet normal 0 -1 0
    outer loop
      vertex -20.574 -1.01 7.11418
      vertex -19.2929 -1.01 7.17712
      vertex -20.7071 -1.01 7.17712
    endloop
  endfacet
  facet normal 0 -1 0
    outer loop
      vertex -20.574 -1.01 7.11418
      vertex -19.426 -1.01 7.11418
      vertex -19.2929 -1.01 7.17712
    endloop
  endfacet
  facet normal 0 -1 0
    outer loop
      vertex -20.4354 -1.01 7.06459
      vertex -19.426 -1.01 7.11418
      vertex -20.574 -1.01 7.11418
    endloop
  endfacet
  facet normal 0 -1 0
    outer loop
      vertex -20.4354 -1.01 7.06459
      vertex -19.5646 -1.01 7.06459
      vertex -19.426 -1.01 7.11418
    endloop
  endfacet
  facet normal 0 -1 0
    outer loop
      vertex -20.2926 -1.01 7.02882
      vertex -19.5646 -1.01 7.06459
      vertex -20.4354 -1.01 7.06459
    endloop
  endfacet
  facet normal 0 -1 0
    outer loop
      vertex -20.2926 -1.01 7.02882
      vertex -19.7074 -1.01 7.02882
      vertex -19.5646 -1.01 7.06459
    endloop
  endfacet
  facet normal 0 -1 0
    outer loop
      vertex -20.147 -1.01 7.00722
      vertex -19.7074 -1.01 7.02882
      vertex -20.2926 -1.01 7.02882
    endloop
  endfacet
  facet normal 0 -1 0
    outer loop
      vertex -20.147 -1.01 7.00722
      vertex -19.853 -1.01 7.00722
      vertex -19.7074 -1.01 7.02882
    endloop
  endfacet
  facet normal -0 -1 0
    outer loop
      vertex -19.853 -1.01 7.00722
      vertex -20.147 -1.01 7.00722
      vertex -20 -1.01 7
    endloop
  endfacet
  facet normal 0.242983 0 0.970031
    outer loop
      vertex -19.7074 -1 9.97118
      vertex -19.5646 -1.01 9.93541
      vertex -19.5646 -1 9.93541
    endloop
  endfacet
  facet normal 0.242983 0 0.970031
    outer loop
      vertex -19.5646 -1.01 9.93541
      vertex -19.7074 -1 9.97118
      vertex -19.7074 -1.01 9.97118
    endloop
  endfacet
  facet normal 0.242983 0 0.970031
    outer loop
      vertex -19.7074 2.49 9.97118
      vertex -19.5646 0 9.93541
      vertex -19.5646 2.49 9.93541
    endloop
  endfacet
  facet normal 0.242983 0 0.970031
    outer loop
      vertex -19.5646 0 9.93541
      vertex -19.7074 2.49 9.97118
      vertex -19.7074 0 9.97118
    endloop
  endfacet
  facet normal 0.146746 0 0.989174
    outer loop
      vertex -19.853 -1 9.99278
      vertex -19.7074 -1.01 9.97118
      vertex -19.7074 -1 9.97118
    endloop
  endfacet
  facet normal 0.146746 0 0.989174
    outer loop
      vertex -19.7074 -1.01 9.97118
      vertex -19.853 -1 9.99278
      vertex -19.853 -1.01 9.99278
    endloop
  endfacet
  facet normal 0.146746 0 0.989174
    outer loop
      vertex -19.853 2.49 9.99278
      vertex -19.7074 0 9.97118
      vertex -19.7074 2.49 9.97118
    endloop
  endfacet
  facet normal 0.146746 0 0.989174
    outer loop
      vertex -19.7074 0 9.97118
      vertex -19.853 2.49 9.99278
      vertex -19.853 0 9.99278
    endloop
  endfacet
  facet normal 0.336879 0 0.941548
    outer loop
      vertex -19.5646 -1 9.93541
      vertex -19.426 -1.01 9.88582
      vertex -19.426 -1 9.88582
    endloop
  endfacet
  facet normal 0.336879 0 0.941548
    outer loop
      vertex -19.426 -1.01 9.88582
      vertex -19.5646 -1 9.93541
      vertex -19.5646 -1.01 9.93541
    endloop
  endfacet
  facet normal 0.336879 0 0.941548
    outer loop
      vertex -19.5646 2.49 9.93541
      vertex -19.426 0 9.88582
      vertex -19.426 2.49 9.88582
    endloop
  endfacet
  facet normal 0.336879 0 0.941548
    outer loop
      vertex -19.426 0 9.88582
      vertex -19.5646 2.49 9.93541
      vertex -19.5646 0 9.93541
    endloop
  endfacet
  facet normal 0.595773 0 0.803153
    outer loop
      vertex -19.1666 -1 9.7472
      vertex -19.0484 -1.01 9.65952
      vertex -19.0484 -1 9.65952
    endloop
  endfacet
  facet normal 0.595773 0 0.803153
    outer loop
      vertex -19.0484 -1.01 9.65952
      vertex -19.1666 -1 9.7472
      vertex -19.1666 -1.01 9.7472
    endloop
  endfacet
  facet normal 0.595773 0 0.803153
    outer loop
      vertex -19.1666 2.49 9.7472
      vertex -19.0484 0 9.65952
      vertex -19.0484 2.49 9.65952
    endloop
  endfacet
  facet normal 0.595773 0 0.803153
    outer loop
      vertex -19.0484 0 9.65952
      vertex -19.1666 2.49 9.7472
      vertex -19.1666 0 9.7472
    endloop
  endfacet
  facet normal 0.671475 0 0.741027
    outer loop
      vertex -19.0484 -1 9.65952
      vertex -18.9393 -1.01 9.56066
      vertex -18.9393 -1 9.56066
    endloop
  endfacet
  facet normal 0.671475 0 0.741027
    outer loop
      vertex -18.9393 -1.01 9.56066
      vertex -19.0484 -1 9.65952
      vertex -19.0484 -1.01 9.65952
    endloop
  endfacet
  facet normal 0.671475 0 0.741027
    outer loop
      vertex -19.0484 2.49 9.65952
      vertex -18.9393 0 9.56066
      vertex -18.9393 2.49 9.56066
    endloop
  endfacet
  facet normal 0.671475 0 0.741027
    outer loop
      vertex -18.9393 0 9.56066
      vertex -19.0484 2.49 9.65952
      vertex -19.0484 0 9.65952
    endloop
  endfacet
  facet normal 0.513996 0 0.857792
    outer loop
      vertex -19.2929 -1 9.82288
      vertex -19.1666 -1.01 9.7472
      vertex -19.1666 -1 9.7472
    endloop
  endfacet
  facet normal 0.513996 0 0.857792
    outer loop
      vertex -19.1666 -1.01 9.7472
      vertex -19.2929 -1 9.82288
      vertex -19.2929 -1.01 9.82288
    endloop
  endfacet
  facet normal 0.513996 0 0.857792
    outer loop
      vertex -19.2929 2.49 9.82288
      vertex -19.1666 0 9.7472
      vertex -19.1666 2.49 9.7472
    endloop
  endfacet
  facet normal 0.513996 0 0.857792
    outer loop
      vertex -19.1666 0 9.7472
      vertex -19.2929 2.49 9.82288
      vertex -19.2929 0 9.82288
    endloop
  endfacet
  facet normal 0.969982 -0 0.243175
    outer loop
      vertex -18.5646 -1.01 8.93543
      vertex -18.5288 -1 8.79263
      vertex -18.5646 -1 8.93543
    endloop
  endfacet
  facet normal 0.969982 0 0.243175
    outer loop
      vertex -18.5288 -1 8.79263
      vertex -18.5646 -1.01 8.93543
      vertex -18.5288 -1.01 8.79263
    endloop
  endfacet
  facet normal 0.969982 -0 0.243175
    outer loop
      vertex -18.5646 0 8.93543
      vertex -18.5288 2.49 8.79263
      vertex -18.5646 2.49 8.93543
    endloop
  endfacet
  facet normal 0.969982 0 0.243175
    outer loop
      vertex -18.5288 2.49 8.79263
      vertex -18.5646 0 8.93543
      vertex -18.5288 0 8.79263
    endloop
  endfacet
  facet normal 0.989174 -0 0.146746
    outer loop
      vertex -18.5288 -1.01 8.79263
      vertex -18.5072 -1 8.64703
      vertex -18.5288 -1 8.79263
    endloop
  endfacet
  facet normal 0.989174 0 0.146746
    outer loop
      vertex -18.5072 -1 8.64703
      vertex -18.5288 -1.01 8.79263
      vertex -18.5072 -1.01 8.64703
    endloop
  endfacet
  facet normal 0.989174 -0 0.146746
    outer loop
      vertex -18.5288 0 8.79263
      vertex -18.5072 2.49 8.64703
      vertex -18.5288 2.49 8.79263
    endloop
  endfacet
  facet normal 0.989174 0 0.146746
    outer loop
      vertex -18.5072 2.49 8.64703
      vertex -18.5288 0 8.79263
      vertex -18.5072 0 8.64703
    endloop
  endfacet
  facet normal 0.904088 -0 0.427347
    outer loop
      vertex -18.6771 -1.01 9.20709
      vertex -18.6142 -1 9.07402
      vertex -18.6771 -1 9.20709
    endloop
  endfacet
  facet normal 0.904088 0 0.427347
    outer loop
      vertex -18.6142 -1 9.07402
      vertex -18.6771 -1.01 9.20709
      vertex -18.6142 -1.01 9.07402
    endloop
  endfacet
  facet normal 0.904088 -0 0.427347
    outer loop
      vertex -18.6771 0 9.20709
      vertex -18.6142 2.49 9.07402
      vertex -18.6771 2.49 9.20709
    endloop
  endfacet
  facet normal 0.904088 0 0.427347
    outer loop
      vertex -18.6142 2.49 9.07402
      vertex -18.6771 0 9.20709
      vertex -18.6142 0 9.07402
    endloop
  endfacet
  facet normal 0.803184 -0 0.595731
    outer loop
      vertex -18.8405 -1.01 9.45159
      vertex -18.7528 -1 9.33335
      vertex -18.8405 -1 9.45159
    endloop
  endfacet
  facet normal 0.803184 0 0.595731
    outer loop
      vertex -18.7528 -1 9.33335
      vertex -18.8405 -1.01 9.45159
      vertex -18.7528 -1.01 9.33335
    endloop
  endfacet
  facet normal 0.803184 -0 0.595731
    outer loop
      vertex -18.8405 0 9.45159
      vertex -18.7528 2.49 9.33335
      vertex -18.8405 2.49 9.45159
    endloop
  endfacet
  facet normal 0.803184 0 0.595731
    outer loop
      vertex -18.7528 2.49 9.33335
      vertex -18.8405 0 9.45159
      vertex -18.7528 0 9.33335
    endloop
  endfacet
  facet normal 0.242983 0 -0.970031
    outer loop
      vertex -19.7074 -1.01 7.02882
      vertex -19.5646 -1 7.06459
      vertex -19.5646 -1.01 7.06459
    endloop
  endfacet
  facet normal 0.242983 0 -0.970031
    outer loop
      vertex -19.5646 -1 7.06459
      vertex -19.7074 -1.01 7.02882
      vertex -19.7074 -1 7.02882
    endloop
  endfacet
  facet normal 0.242983 0 -0.970031
    outer loop
      vertex -19.7074 0 7.02882
      vertex -19.5646 2.49 7.06459
      vertex -19.5646 0 7.06459
    endloop
  endfacet
  facet normal 0.242983 0 -0.970031
    outer loop
      vertex -19.5646 2.49 7.06459
      vertex -19.7074 0 7.02882
      vertex -19.7074 2.49 7.02882
    endloop
  endfacet
  facet normal 0.595773 0 -0.803153
    outer loop
      vertex -19.1666 -1.01 7.2528
      vertex -19.0484 -1 7.34048
      vertex -19.0484 -1.01 7.34048
    endloop
  endfacet
  facet normal 0.595773 0 -0.803153
    outer loop
      vertex -19.0484 -1 7.34048
      vertex -19.1666 -1.01 7.2528
      vertex -19.1666 -1 7.2528
    endloop
  endfacet
  facet normal 0.595773 0 -0.803153
    outer loop
      vertex -19.1666 0 7.2528
      vertex -19.0484 2.49 7.34048
      vertex -19.0484 0 7.34048
    endloop
  endfacet
  facet normal 0.595773 0 -0.803153
    outer loop
      vertex -19.0484 2.49 7.34048
      vertex -19.1666 0 7.2528
      vertex -19.1666 2.49 7.2528
    endloop
  endfacet
  facet normal 0.671475 0 -0.741027
    outer loop
      vertex -19.0484 -1.01 7.34048
      vertex -18.9393 -1 7.43934
      vertex -18.9393 -1.01 7.43934
    endloop
  endfacet
  facet normal 0.671475 0 -0.741027
    outer loop
      vertex -18.9393 -1 7.43934
      vertex -19.0484 -1.01 7.34048
      vertex -19.0484 -1 7.34048
    endloop
  endfacet
  facet normal 0.671475 0 -0.741027
    outer loop
      vertex -19.0484 0 7.34048
      vertex -18.9393 2.49 7.43934
      vertex -18.9393 0 7.43934
    endloop
  endfacet
  facet normal 0.671475 0 -0.741027
    outer loop
      vertex -18.9393 2.49 7.43934
      vertex -19.0484 0 7.34048
      vertex -19.0484 2.49 7.34048
    endloop
  endfacet
  facet normal 0.513996 0 -0.857792
    outer loop
      vertex -19.2929 -1.01 7.17712
      vertex -19.1666 -1 7.2528
      vertex -19.1666 -1.01 7.2528
    endloop
  endfacet
  facet normal 0.513996 0 -0.857792
    outer loop
      vertex -19.1666 -1 7.2528
      vertex -19.2929 -1.01 7.17712
      vertex -19.2929 -1 7.17712
    endloop
  endfacet
  facet normal 0.513996 0 -0.857792
    outer loop
      vertex -19.2929 0 7.17712
      vertex -19.1666 2.49 7.2528
      vertex -19.1666 0 7.2528
    endloop
  endfacet
  facet normal 0.513996 0 -0.857792
    outer loop
      vertex -19.1666 2.49 7.2528
      vertex -19.2929 0 7.17712
      vertex -19.2929 2.49 7.17712
    endloop
  endfacet
  facet normal 0.336879 0 -0.941548
    outer loop
      vertex -19.5646 -1.01 7.06459
      vertex -19.426 -1 7.11418
      vertex -19.426 -1.01 7.11418
    endloop
  endfacet
  facet normal 0.336879 0 -0.941548
    outer loop
      vertex -19.426 -1 7.11418
      vertex -19.5646 -1.01 7.06459
      vertex -19.5646 -1 7.06459
    endloop
  endfacet
  facet normal 0.336879 0 -0.941548
    outer loop
      vertex -19.5646 0 7.06459
      vertex -19.426 2.49 7.11418
      vertex -19.426 0 7.11418
    endloop
  endfacet
  facet normal 0.336879 0 -0.941548
    outer loop
      vertex -19.426 2.49 7.11418
      vertex -19.5646 0 7.06459
      vertex -19.5646 2.49 7.06459
    endloop
  endfacet
  facet normal 0.146746 0 -0.989174
    outer loop
      vertex -19.853 -1.01 7.00722
      vertex -19.7074 -1 7.02882
      vertex -19.7074 -1.01 7.02882
    endloop
  endfacet
  facet normal 0.146746 0 -0.989174
    outer loop
      vertex -19.7074 -1 7.02882
      vertex -19.853 -1.01 7.00722
      vertex -19.853 -1 7.00722
    endloop
  endfacet
  facet normal 0.146746 0 -0.989174
    outer loop
      vertex -19.853 0 7.00722
      vertex -19.7074 2.49 7.02882
      vertex -19.7074 0 7.02882
    endloop
  endfacet
  facet normal 0.146746 0 -0.989174
    outer loop
      vertex -19.7074 2.49 7.02882
      vertex -19.853 0 7.00722
      vertex -19.853 2.49 7.00722
    endloop
  endfacet
  facet normal 0.857661 0 -0.514216
    outer loop
      vertex -18.6771 -1.01 7.79291
      vertex -18.7528 -1 7.66665
      vertex -18.6771 -1 7.79291
    endloop
  endfacet
  facet normal 0.857661 0 -0.514216
    outer loop
      vertex -18.7528 -1 7.66665
      vertex -18.6771 -1.01 7.79291
      vertex -18.7528 -1.01 7.66665
    endloop
  endfacet
  facet normal 0.857661 0 -0.514216
    outer loop
      vertex -18.6771 0 7.79291
      vertex -18.7528 2.49 7.66665
      vertex -18.6771 2.49 7.79291
    endloop
  endfacet
  facet normal 0.857661 0 -0.514216
    outer loop
      vertex -18.7528 2.49 7.66665
      vertex -18.6771 0 7.79291
      vertex -18.7528 0 7.66665
    endloop
  endfacet
  facet normal 0.904088 0 -0.427347
    outer loop
      vertex -18.6142 -1.01 7.92598
      vertex -18.6771 -1 7.79291
      vertex -18.6142 -1 7.92598
    endloop
  endfacet
  facet normal 0.904088 0 -0.427347
    outer loop
      vertex -18.6771 -1 7.79291
      vertex -18.6142 -1.01 7.92598
      vertex -18.6771 -1.01 7.79291
    endloop
  endfacet
  facet normal 0.904088 0 -0.427347
    outer loop
      vertex -18.6142 0 7.92598
      vertex -18.6771 2.49 7.79291
      vertex -18.6142 2.49 7.92598
    endloop
  endfacet
  facet normal 0.904088 0 -0.427347
    outer loop
      vertex -18.6771 2.49 7.79291
      vertex -18.6142 0 7.92598
      vertex -18.6771 0 7.79291
    endloop
  endfacet
  facet normal 0.803184 0 -0.595731
    outer loop
      vertex -18.7528 -1.01 7.66665
      vertex -18.8405 -1 7.54841
      vertex -18.7528 -1 7.66665
    endloop
  endfacet
  facet normal 0.803184 0 -0.595731
    outer loop
      vertex -18.8405 -1 7.54841
      vertex -18.7528 -1.01 7.66665
      vertex -18.8405 -1.01 7.54841
    endloop
  endfacet
  facet normal 0.803184 0 -0.595731
    outer loop
      vertex -18.7528 0 7.66665
      vertex -18.8405 2.49 7.54841
      vertex -18.7528 2.49 7.66665
    endloop
  endfacet
  facet normal 0.803184 0 -0.595731
    outer loop
      vertex -18.8405 2.49 7.54841
      vertex -18.7528 0 7.66665
      vertex -18.8405 0 7.54841
    endloop
  endfacet
  facet normal 0.969982 0 -0.243175
    outer loop
      vertex -18.5288 -1.01 8.20737
      vertex -18.5646 -1 8.06457
      vertex -18.5288 -1 8.20737
    endloop
  endfacet
  facet normal 0.969982 0 -0.243175
    outer loop
      vertex -18.5646 -1 8.06457
      vertex -18.5288 -1.01 8.20737
      vertex -18.5646 -1.01 8.06457
    endloop
  endfacet
  facet normal 0.969982 0 -0.243175
    outer loop
      vertex -18.5288 0 8.20737
      vertex -18.5646 2.49 8.06457
      vertex -18.5288 2.49 8.20737
    endloop
  endfacet
  facet normal 0.969982 0 -0.243175
    outer loop
      vertex -18.5646 2.49 8.06457
      vertex -18.5288 0 8.20737
      vertex -18.5646 0 8.06457
    endloop
  endfacet
  facet normal 0.998803 0 -0.048911
    outer loop
      vertex -18.5 -1.01 8.5
      vertex -18.5072 -1 8.35297
      vertex -18.5 -1 8.5
    endloop
  endfacet
  facet normal 0.998803 0 -0.048911
    outer loop
      vertex -18.5072 -1 8.35297
      vertex -18.5 -1.01 8.5
      vertex -18.5072 -1.01 8.35297
    endloop
  endfacet
  facet normal 0.998803 0 -0.048911
    outer loop
      vertex -18.5 0 8.5
      vertex -18.5072 2.49 8.35297
      vertex -18.5 2.49 8.5
    endloop
  endfacet
  facet normal 0.998803 0 -0.048911
    outer loop
      vertex -18.5072 2.49 8.35297
      vertex -18.5 0 8.5
      vertex -18.5072 0 8.35297
    endloop
  endfacet
  facet normal -0.0490565 0 0.998796
    outer loop
      vertex -20.147 -1 9.99278
      vertex -20 -1.01 10
      vertex -20 -1 10
    endloop
  endfacet
  facet normal -0.0490565 0 0.998796
    outer loop
      vertex -20 -1.01 10
      vertex -20.147 -1 9.99278
      vertex -20.147 -1.01 9.99278
    endloop
  endfacet
  facet normal -0.0490565 0 0.998796
    outer loop
      vertex -20.147 2.49 9.99278
      vertex -20 0 10
      vertex -20 2.49 10
    endloop
  endfacet
  facet normal -0.0490565 0 0.998796
    outer loop
      vertex -20 0 10
      vertex -20.147 2.49 9.99278
      vertex -20.147 0 9.99278
    endloop
  endfacet
  facet normal -0.969982 0 0.243175
    outer loop
      vertex -21.4712 -1.01 8.79263
      vertex -21.4354 -1 8.93543
      vertex -21.4712 -1 8.79263
    endloop
  endfacet
  facet normal -0.969982 0 0.243175
    outer loop
      vertex -21.4354 -1 8.93543
      vertex -21.4712 -1.01 8.79263
      vertex -21.4354 -1.01 8.93543
    endloop
  endfacet
  facet normal -0.969982 0 0.243175
    outer loop
      vertex -21.4712 0 8.79263
      vertex -21.4354 2.49 8.93543
      vertex -21.4712 2.49 8.79263
    endloop
  endfacet
  facet normal -0.969982 0 0.243175
    outer loop
      vertex -21.4354 2.49 8.93543
      vertex -21.4712 0 8.79263
      vertex -21.4354 0 8.93543
    endloop
  endfacet
  facet normal -0.998803 0 0.048911
    outer loop
      vertex -21.5 -1.01 8.5
      vertex -21.4928 -1 8.64703
      vertex -21.5 -1 8.5
    endloop
  endfacet
  facet normal -0.998803 0 0.048911
    outer loop
      vertex -21.4928 -1 8.64703
      vertex -21.5 -1.01 8.5
      vertex -21.4928 -1.01 8.64703
    endloop
  endfacet
  facet normal -0.998803 0 0.048911
    outer loop
      vertex -21.5 0 8.5
      vertex -21.4928 2.49 8.64703
      vertex -21.5 2.49 8.5
    endloop
  endfacet
  facet normal -0.998803 0 0.048911
    outer loop
      vertex -21.4928 2.49 8.64703
      vertex -21.5 0 8.5
      vertex -21.4928 0 8.64703
    endloop
  endfacet
  facet normal -0.941519 0 0.33696
    outer loop
      vertex -21.4354 -1.01 8.93543
      vertex -21.3858 -1 9.07402
      vertex -21.4354 -1 8.93543
    endloop
  endfacet
  facet normal -0.941519 0 0.33696
    outer loop
      vertex -21.3858 -1 9.07402
      vertex -21.4354 -1.01 8.93543
      vertex -21.3858 -1.01 9.07402
    endloop
  endfacet
  facet normal -0.941519 0 0.33696
    outer loop
      vertex -21.4354 0 8.93543
      vertex -21.3858 2.49 9.07402
      vertex -21.4354 2.49 8.93543
    endloop
  endfacet
  facet normal -0.941519 0 0.33696
    outer loop
      vertex -21.3858 2.49 9.07402
      vertex -21.4354 0 8.93543
      vertex -21.3858 0 9.07402
    endloop
  endfacet
  facet normal -0.741138 0 0.671353
    outer loop
      vertex -21.1595 -1.01 9.45159
      vertex -21.0607 -1 9.56066
      vertex -21.1595 -1 9.45159
    endloop
  endfacet
  facet normal -0.741138 0 0.671353
    outer loop
      vertex -21.0607 -1 9.56066
      vertex -21.1595 -1.01 9.45159
      vertex -21.0607 -1.01 9.56066
    endloop
  endfacet
  facet normal -0.741138 0 0.671353
    outer loop
      vertex -21.1595 0 9.45159
      vertex -21.0607 2.49 9.56066
      vertex -21.1595 2.49 9.45159
    endloop
  endfacet
  facet normal -0.741138 0 0.671353
    outer loop
      vertex -21.0607 2.49 9.56066
      vertex -21.1595 0 9.45159
      vertex -21.0607 0 9.56066
    endloop
  endfacet
  facet normal -0.857661 0 0.514216
    outer loop
      vertex -21.3229 -1.01 9.20709
      vertex -21.2472 -1 9.33335
      vertex -21.3229 -1 9.20709
    endloop
  endfacet
  facet normal -0.857661 0 0.514216
    outer loop
      vertex -21.2472 -1 9.33335
      vertex -21.3229 -1.01 9.20709
      vertex -21.2472 -1.01 9.33335
    endloop
  endfacet
  facet normal -0.857661 0 0.514216
    outer loop
      vertex -21.3229 0 9.20709
      vertex -21.2472 2.49 9.33335
      vertex -21.3229 2.49 9.20709
    endloop
  endfacet
  facet normal -0.857661 0 0.514216
    outer loop
      vertex -21.2472 2.49 9.33335
      vertex -21.3229 0 9.20709
      vertex -21.2472 0 9.33335
    endloop
  endfacet
  facet normal -0.595773 0 0.803153
    outer loop
      vertex -20.9516 -1 9.65952
      vertex -20.8334 -1.01 9.7472
      vertex -20.8334 -1 9.7472
    endloop
  endfacet
  facet normal -0.595773 0 0.803153
    outer loop
      vertex -20.8334 -1.01 9.7472
      vertex -20.9516 -1 9.65952
      vertex -20.9516 -1.01 9.65952
    endloop
  endfacet
  facet normal -0.595773 0 0.803153
    outer loop
      vertex -20.9516 2.49 9.65952
      vertex -20.8334 0 9.7472
      vertex -20.8334 2.49 9.7472
    endloop
  endfacet
  facet normal -0.595773 0 0.803153
    outer loop
      vertex -20.8334 0 9.7472
      vertex -20.9516 2.49 9.65952
      vertex -20.9516 0 9.65952
    endloop
  endfacet
  facet normal -0.427491 0 0.90402
    outer loop
      vertex -20.7071 2.49 9.82288
      vertex -20.574 0 9.88582
      vertex -20.574 2.49 9.88582
    endloop
  endfacet
  facet normal -0.427491 0 0.90402
    outer loop
      vertex -20.574 0 9.88582
      vertex -20.7071 2.49 9.82288
      vertex -20.7071 0 9.82288
    endloop
  endfacet
  facet normal -0.427491 0 0.90402
    outer loop
      vertex -20.7071 -1 9.82288
      vertex -20.574 -1.01 9.88582
      vertex -20.574 -1 9.88582
    endloop
  endfacet
  facet normal -0.427491 0 0.90402
    outer loop
      vertex -20.574 -1.01 9.88582
      vertex -20.7071 -1 9.82288
      vertex -20.7071 -1.01 9.82288
    endloop
  endfacet
  facet normal -0.741138 0 -0.671353
    outer loop
      vertex -21.0607 -1.01 7.43934
      vertex -21.1595 -1 7.54841
      vertex -21.0607 -1 7.43934
    endloop
  endfacet
  facet normal -0.741138 -0 -0.671353
    outer loop
      vertex -21.1595 -1 7.54841
      vertex -21.0607 -1.01 7.43934
      vertex -21.1595 -1.01 7.54841
    endloop
  endfacet
  facet normal -0.741138 0 -0.671353
    outer loop
      vertex -21.0607 0 7.43934
      vertex -21.1595 2.49 7.54841
      vertex -21.0607 2.49 7.43934
    endloop
  endfacet
  facet normal -0.741138 -0 -0.671353
    outer loop
      vertex -21.1595 2.49 7.54841
      vertex -21.0607 0 7.43934
      vertex -21.1595 0 7.54841
    endloop
  endfacet
  facet normal -0.857661 0 -0.514216
    outer loop
      vertex -21.2472 0 7.66665
      vertex -21.3229 2.49 7.79291
      vertex -21.2472 2.49 7.66665
    endloop
  endfacet
  facet normal -0.857661 -0 -0.514216
    outer loop
      vertex -21.3229 2.49 7.79291
      vertex -21.2472 0 7.66665
      vertex -21.3229 0 7.79291
    endloop
  endfacet
  facet normal -0.857661 0 -0.514216
    outer loop
      vertex -21.2472 -1.01 7.66665
      vertex -21.3229 -1 7.79291
      vertex -21.2472 -1 7.66665
    endloop
  endfacet
  facet normal -0.857661 -0 -0.514216
    outer loop
      vertex -21.3229 -1 7.79291
      vertex -21.2472 -1.01 7.66665
      vertex -21.3229 -1.01 7.79291
    endloop
  endfacet
  facet normal -0.941519 0 -0.33696
    outer loop
      vertex -21.3858 -1.01 7.92598
      vertex -21.4354 -1 8.06457
      vertex -21.3858 -1 7.92598
    endloop
  endfacet
  facet normal -0.941519 -0 -0.33696
    outer loop
      vertex -21.4354 -1 8.06457
      vertex -21.3858 -1.01 7.92598
      vertex -21.4354 -1.01 8.06457
    endloop
  endfacet
  facet normal -0.941519 0 -0.33696
    outer loop
      vertex -21.3858 0 7.92598
      vertex -21.4354 2.49 8.06457
      vertex -21.3858 2.49 7.92598
    endloop
  endfacet
  facet normal -0.941519 -0 -0.33696
    outer loop
      vertex -21.4354 2.49 8.06457
      vertex -21.3858 0 7.92598
      vertex -21.4354 0 8.06457
    endloop
  endfacet
  facet normal -0.989174 0 -0.146746
    outer loop
      vertex -21.4712 -1.01 8.20737
      vertex -21.4928 -1 8.35297
      vertex -21.4712 -1 8.20737
    endloop
  endfacet
  facet normal -0.989174 -0 -0.146746
    outer loop
      vertex -21.4928 -1 8.35297
      vertex -21.4712 -1.01 8.20737
      vertex -21.4928 -1.01 8.35297
    endloop
  endfacet
  facet normal -0.989174 0 -0.146746
    outer loop
      vertex -21.4712 0 8.20737
      vertex -21.4928 2.49 8.35297
      vertex -21.4712 2.49 8.20737
    endloop
  endfacet
  facet normal -0.989174 -0 -0.146746
    outer loop
      vertex -21.4928 2.49 8.35297
      vertex -21.4712 0 8.20737
      vertex -21.4928 0 8.35297
    endloop
  endfacet
  facet normal -0.427491 0 -0.90402
    outer loop
      vertex -20.7071 -1.01 7.17712
      vertex -20.574 -1 7.11418
      vertex -20.574 -1.01 7.11418
    endloop
  endfacet
  facet normal -0.427491 0 -0.90402
    outer loop
      vertex -20.574 -1 7.11418
      vertex -20.7071 -1.01 7.17712
      vertex -20.7071 -1 7.17712
    endloop
  endfacet
  facet normal -0.427491 0 -0.90402
    outer loop
      vertex -20.7071 0 7.17712
      vertex -20.574 2.49 7.11418
      vertex -20.574 0 7.11418
    endloop
  endfacet
  facet normal -0.427491 0 -0.90402
    outer loop
      vertex -20.574 2.49 7.11418
      vertex -20.7071 0 7.17712
      vertex -20.7071 2.49 7.17712
    endloop
  endfacet
  facet normal -0.595773 0 -0.803153
    outer loop
      vertex -20.9516 -1.01 7.34048
      vertex -20.8334 -1 7.2528
      vertex -20.8334 -1.01 7.2528
    endloop
  endfacet
  facet normal -0.595773 0 -0.803153
    outer loop
      vertex -20.8334 -1 7.2528
      vertex -20.9516 -1.01 7.34048
      vertex -20.9516 -1 7.34048
    endloop
  endfacet
  facet normal -0.595773 0 -0.803153
    outer loop
      vertex -20.9516 0 7.34048
      vertex -20.8334 2.49 7.2528
      vertex -20.8334 0 7.2528
    endloop
  endfacet
  facet normal -0.595773 0 -0.803153
    outer loop
      vertex -20.8334 2.49 7.2528
      vertex -20.9516 0 7.34048
      vertex -20.9516 2.49 7.34048
    endloop
  endfacet
  facet normal -0.242983 0 -0.970031
    outer loop
      vertex -20.4354 -1.01 7.06459
      vertex -20.2926 -1 7.02882
      vertex -20.2926 -1.01 7.02882
    endloop
  endfacet
  facet normal -0.242983 0 -0.970031
    outer loop
      vertex -20.2926 -1 7.02882
      vertex -20.4354 -1.01 7.06459
      vertex -20.4354 -1 7.06459
    endloop
  endfacet
  facet normal -0.242983 0 -0.970031
    outer loop
      vertex -20.4354 0 7.06459
      vertex -20.2926 2.49 7.02882
      vertex -20.2926 0 7.02882
    endloop
  endfacet
  facet normal -0.242983 0 -0.970031
    outer loop
      vertex -20.2926 2.49 7.02882
      vertex -20.4354 0 7.06459
      vertex -20.4354 2.49 7.06459
    endloop
  endfacet
  facet normal -0.0490565 0 -0.998796
    outer loop
      vertex -20.147 -1.01 7.00722
      vertex -20 -1 7
      vertex -20 -1.01 7
    endloop
  endfacet
  facet normal -0.0490565 0 -0.998796
    outer loop
      vertex -20 -1 7
      vertex -20.147 -1.01 7.00722
      vertex -20.147 -1 7.00722
    endloop
  endfacet
  facet normal -0.0490565 0 -0.998796
    outer loop
      vertex -20.147 0 7.00722
      vertex -20 2.49 7
      vertex -20 0 7
    endloop
  endfacet
  facet normal -0.0490565 0 -0.998796
    outer loop
      vertex -20 2.49 7
      vertex -20.147 0 7.00722
      vertex -20.147 2.49 7.00722
    endloop
  endfacet
  facet normal -0.989174 0 0.146746
    outer loop
      vertex -21.4928 0 8.64703
      vertex -21.4712 2.49 8.79263
      vertex -21.4928 2.49 8.64703
    endloop
  endfacet
  facet normal -0.989174 0 0.146746
    outer loop
      vertex -21.4712 2.49 8.79263
      vertex -21.4928 0 8.64703
      vertex -21.4712 0 8.79263
    endloop
  endfacet
  facet normal -0.989174 0 0.146746
    outer loop
      vertex -21.4928 -1.01 8.64703
      vertex -21.4712 -1 8.79263
      vertex -21.4928 -1 8.64703
    endloop
  endfacet
  facet normal -0.989174 0 0.146746
    outer loop
      vertex -21.4712 -1 8.79263
      vertex -21.4928 -1.01 8.64703
      vertex -21.4712 -1.01 8.79263
    endloop
  endfacet
  facet normal -0.904088 0 0.427347
    outer loop
      vertex -21.3858 -1.01 9.07402
      vertex -21.3229 -1 9.20709
      vertex -21.3858 -1 9.07402
    endloop
  endfacet
  facet normal -0.904088 0 0.427347
    outer loop
      vertex -21.3229 -1 9.20709
      vertex -21.3858 -1.01 9.07402
      vertex -21.3229 -1.01 9.20709
    endloop
  endfacet
  facet normal -0.904088 0 0.427347
    outer loop
      vertex -21.3858 0 9.07402
      vertex -21.3229 2.49 9.20709
      vertex -21.3858 2.49 9.07402
    endloop
  endfacet
  facet normal -0.904088 0 0.427347
    outer loop
      vertex -21.3229 2.49 9.20709
      vertex -21.3858 0 9.07402
      vertex -21.3229 0 9.20709
    endloop
  endfacet
  facet normal -0.671475 0 0.741027
    outer loop
      vertex -21.0607 -1 9.56066
      vertex -20.9516 -1.01 9.65952
      vertex -20.9516 -1 9.65952
    endloop
  endfacet
  facet normal -0.671475 0 0.741027
    outer loop
      vertex -20.9516 -1.01 9.65952
      vertex -21.0607 -1 9.56066
      vertex -21.0607 -1.01 9.56066
    endloop
  endfacet
  facet normal -0.671475 0 0.741027
    outer loop
      vertex -21.0607 2.49 9.56066
      vertex -20.9516 0 9.65952
      vertex -20.9516 2.49 9.65952
    endloop
  endfacet
  facet normal -0.671475 0 0.741027
    outer loop
      vertex -20.9516 0 9.65952
      vertex -21.0607 2.49 9.56066
      vertex -21.0607 0 9.56066
    endloop
  endfacet
  facet normal -0.803184 0 0.595731
    outer loop
      vertex -21.2472 -1.01 9.33335
      vertex -21.1595 -1 9.45159
      vertex -21.2472 -1 9.33335
    endloop
  endfacet
  facet normal -0.803184 0 0.595731
    outer loop
      vertex -21.1595 -1 9.45159
      vertex -21.2472 -1.01 9.33335
      vertex -21.1595 -1.01 9.45159
    endloop
  endfacet
  facet normal -0.803184 0 0.595731
    outer loop
      vertex -21.2472 0 9.33335
      vertex -21.1595 2.49 9.45159
      vertex -21.2472 2.49 9.33335
    endloop
  endfacet
  facet normal -0.803184 0 0.595731
    outer loop
      vertex -21.1595 2.49 9.45159
      vertex -21.2472 0 9.33335
      vertex -21.1595 0 9.45159
    endloop
  endfacet
  facet normal -0.513996 0 0.857792
    outer loop
      vertex -20.8334 -1 9.7472
      vertex -20.7071 -1.01 9.82288
      vertex -20.7071 -1 9.82288
    endloop
  endfacet
  facet normal -0.513996 0 0.857792
    outer loop
      vertex -20.7071 -1.01 9.82288
      vertex -20.8334 -1 9.7472
      vertex -20.8334 -1.01 9.7472
    endloop
  endfacet
  facet normal -0.513996 0 0.857792
    outer loop
      vertex -20.8334 2.49 9.7472
      vertex -20.7071 0 9.82288
      vertex -20.7071 2.49 9.82288
    endloop
  endfacet
  facet normal -0.513996 0 0.857792
    outer loop
      vertex -20.7071 0 9.82288
      vertex -20.8334 2.49 9.7472
      vertex -20.8334 0 9.7472
    endloop
  endfacet
  facet normal -0.146746 0 0.989174
    outer loop
      vertex -20.2926 -1 9.97118
      vertex -20.147 -1.01 9.99278
      vertex -20.147 -1 9.99278
    endloop
  endfacet
  facet normal -0.146746 0 0.989174
    outer loop
      vertex -20.147 -1.01 9.99278
      vertex -20.2926 -1 9.97118
      vertex -20.2926 -1.01 9.97118
    endloop
  endfacet
  facet normal -0.146746 0 0.989174
    outer loop
      vertex -20.2926 2.49 9.97118
      vertex -20.147 0 9.99278
      vertex -20.147 2.49 9.99278
    endloop
  endfacet
  facet normal -0.146746 0 0.989174
    outer loop
      vertex -20.147 0 9.99278
      vertex -20.2926 2.49 9.97118
      vertex -20.2926 0 9.97118
    endloop
  endfacet
  facet normal -0.242983 0 0.970031
    outer loop
      vertex -20.4354 2.49 9.93541
      vertex -20.2926 0 9.97118
      vertex -20.2926 2.49 9.97118
    endloop
  endfacet
  facet normal -0.242983 0 0.970031
    outer loop
      vertex -20.2926 0 9.97118
      vertex -20.4354 2.49 9.93541
      vertex -20.4354 0 9.93541
    endloop
  endfacet
  facet normal -0.242983 0 0.970031
    outer loop
      vertex -20.4354 -1 9.93541
      vertex -20.2926 -1.01 9.97118
      vertex -20.2926 -1 9.97118
    endloop
  endfacet
  facet normal -0.242983 0 0.970031
    outer loop
      vertex -20.2926 -1.01 9.97118
      vertex -20.4354 -1 9.93541
      vertex -20.4354 -1.01 9.93541
    endloop
  endfacet
  facet normal -0.803184 0 -0.595731
    outer loop
      vertex -21.1595 -1.01 7.54841
      vertex -21.2472 -1 7.66665
      vertex -21.1595 -1 7.54841
    endloop
  endfacet
  facet normal -0.803184 -0 -0.595731
    outer loop
      vertex -21.2472 -1 7.66665
      vertex -21.1595 -1.01 7.54841
      vertex -21.2472 -1.01 7.66665
    endloop
  endfacet
  facet normal -0.803184 0 -0.595731
    outer loop
      vertex -21.1595 0 7.54841
      vertex -21.2472 2.49 7.66665
      vertex -21.1595 2.49 7.54841
    endloop
  endfacet
  facet normal -0.803184 -0 -0.595731
    outer loop
      vertex -21.2472 2.49 7.66665
      vertex -21.1595 0 7.54841
      vertex -21.2472 0 7.66665
    endloop
  endfacet
  facet normal -0.904088 0 -0.427347
    outer loop
      vertex -21.3229 -1.01 7.79291
      vertex -21.3858 -1 7.92598
      vertex -21.3229 -1 7.79291
    endloop
  endfacet
  facet normal -0.904088 -0 -0.427347
    outer loop
      vertex -21.3858 -1 7.92598
      vertex -21.3229 -1.01 7.79291
      vertex -21.3858 -1.01 7.92598
    endloop
  endfacet
  facet normal -0.904088 0 -0.427347
    outer loop
      vertex -21.3229 0 7.79291
      vertex -21.3858 2.49 7.92598
      vertex -21.3229 2.49 7.79291
    endloop
  endfacet
  facet normal -0.904088 -0 -0.427347
    outer loop
      vertex -21.3858 2.49 7.92598
      vertex -21.3229 0 7.79291
      vertex -21.3858 0 7.92598
    endloop
  endfacet
  facet normal -0.969982 0 -0.243175
    outer loop
      vertex -21.4354 -1.01 8.06457
      vertex -21.4712 -1 8.20737
      vertex -21.4354 -1 8.06457
    endloop
  endfacet
  facet normal -0.969982 -0 -0.243175
    outer loop
      vertex -21.4712 -1 8.20737
      vertex -21.4354 -1.01 8.06457
      vertex -21.4712 -1.01 8.20737
    endloop
  endfacet
  facet normal -0.969982 0 -0.243175
    outer loop
      vertex -21.4354 0 8.06457
      vertex -21.4712 2.49 8.20737
      vertex -21.4354 2.49 8.06457
    endloop
  endfacet
  facet normal -0.969982 -0 -0.243175
    outer loop
      vertex -21.4712 2.49 8.20737
      vertex -21.4354 0 8.06457
      vertex -21.4712 0 8.20737
    endloop
  endfacet
  facet normal -0.998803 0 -0.048911
    outer loop
      vertex -21.4928 -1.01 8.35297
      vertex -21.5 -1 8.5
      vertex -21.4928 -1 8.35297
    endloop
  endfacet
  facet normal -0.998803 -0 -0.048911
    outer loop
      vertex -21.5 -1 8.5
      vertex -21.4928 -1.01 8.35297
      vertex -21.5 -1.01 8.5
    endloop
  endfacet
  facet normal -0.998803 0 -0.048911
    outer loop
      vertex -21.4928 0 8.35297
      vertex -21.5 2.49 8.5
      vertex -21.4928 2.49 8.35297
    endloop
  endfacet
  facet normal -0.998803 -0 -0.048911
    outer loop
      vertex -21.5 2.49 8.5
      vertex -21.4928 0 8.35297
      vertex -21.5 0 8.5
    endloop
  endfacet
  facet normal -0.513996 0 -0.857792
    outer loop
      vertex -20.8334 -1.01 7.2528
      vertex -20.7071 -1 7.17712
      vertex -20.7071 -1.01 7.17712
    endloop
  endfacet
  facet normal -0.513996 0 -0.857792
    outer loop
      vertex -20.7071 -1 7.17712
      vertex -20.8334 -1.01 7.2528
      vertex -20.8334 -1 7.2528
    endloop
  endfacet
  facet normal -0.513996 0 -0.857792
    outer loop
      vertex -20.8334 0 7.2528
      vertex -20.7071 2.49 7.17712
      vertex -20.7071 0 7.17712
    endloop
  endfacet
  facet normal -0.513996 0 -0.857792
    outer loop
      vertex -20.7071 2.49 7.17712
      vertex -20.8334 0 7.2528
      vertex -20.8334 2.49 7.2528
    endloop
  endfacet
  facet normal -0.671475 0 -0.741027
    outer loop
      vertex -21.0607 -1.01 7.43934
      vertex -20.9516 -1 7.34048
      vertex -20.9516 -1.01 7.34048
    endloop
  endfacet
  facet normal -0.671475 0 -0.741027
    outer loop
      vertex -20.9516 -1 7.34048
      vertex -21.0607 -1.01 7.43934
      vertex -21.0607 -1 7.43934
    endloop
  endfacet
  facet normal -0.671475 0 -0.741027
    outer loop
      vertex -21.0607 0 7.43934
      vertex -20.9516 2.49 7.34048
      vertex -20.9516 0 7.34048
    endloop
  endfacet
  facet normal -0.671475 0 -0.741027
    outer loop
      vertex -20.9516 2.49 7.34048
      vertex -21.0607 0 7.43934
      vertex -21.0607 2.49 7.43934
    endloop
  endfacet
  facet normal -0.146746 0 -0.989174
    outer loop
      vertex -20.2926 -1.01 7.02882
      vertex -20.147 -1 7.00722
      vertex -20.147 -1.01 7.00722
    endloop
  endfacet
  facet normal -0.146746 0 -0.989174
    outer loop
      vertex -20.147 -1 7.00722
      vertex -20.2926 -1.01 7.02882
      vertex -20.2926 -1 7.02882
    endloop
  endfacet
  facet normal -0.146746 0 -0.989174
    outer loop
      vertex -20.2926 0 7.02882
      vertex -20.147 2.49 7.00722
      vertex -20.147 0 7.00722
    endloop
  endfacet
  facet normal -0.146746 0 -0.989174
    outer loop
      vertex -20.147 2.49 7.00722
      vertex -20.2926 0 7.02882
      vertex -20.2926 2.49 7.02882
    endloop
  endfacet
  facet normal 0.0347091 0.706681 0.706681
    outer loop
      vertex -19.853 2.49 9.99278
      vertex -20 2.99 9.5
      vertex -20 2.49 10
    endloop
  endfacet
  facet normal 0.103827 0.706681 0.699872
    outer loop
      vertex -19.7074 2.49 9.97118
      vertex -19.8049 2.99 9.48078
      vertex -19.853 2.49 9.99278
    endloop
  endfacet
  facet normal 0.639524 0.706648 -0.30275
    outer loop
      vertex -18.6142 2.49 7.92598
      vertex -19.1181 2.99 8.0286
      vertex -19.0761 2.99 8.11732
    endloop
  endfacet
  facet normal 0.475078 0.706699 -0.524287
    outer loop
      vertex -19.0484 2.49 7.34048
      vertex -19.2929 2.99 7.79289
      vertex -18.9393 2.49 7.43934
    endloop
  endfacet
  facet normal 0.475182 0.706684 -0.524214
    outer loop
      vertex -19.0484 2.49 7.34048
      vertex -19.3656 2.99 7.72699
      vertex -19.2929 2.99 7.79289
    endloop
  endfacet
  facet normal 0.0347091 0.706681 -0.706681
    outer loop
      vertex -20 2.49 7
      vertex -20 2.99 7.5
      vertex -19.853 2.49 7.00722
    endloop
  endfacet
  facet normal 0.421528 0.706682 0.568255
    outer loop
      vertex -19.0484 2.49 9.65952
      vertex -19.4444 2.99 9.33147
      vertex -19.1666 2.49 9.7472
    endloop
  endfacet
  facet normal -0.421528 0.706682 0.568255
    outer loop
      vertex -20.8334 2.49 9.7472
      vertex -20.5556 2.99 9.33147
      vertex -20.9516 2.49 9.65952
    endloop
  endfacet
  facet normal 0.421528 0.706682 -0.568255
    outer loop
      vertex -19.1666 2.49 7.2528
      vertex -19.4444 2.99 7.66853
      vertex -19.0484 2.49 7.34048
    endloop
  endfacet
  facet normal -0.302562 0.706667 -0.639592
    outer loop
      vertex -20.574 2.49 7.11418
      vertex -20.4714 2.99 7.61808
      vertex -20.3827 2.99 7.57612
    endloop
  endfacet
  facet normal 0.103827 0.706681 -0.699872
    outer loop
      vertex -19.853 2.49 7.00722
      vertex -19.8049 2.99 7.51922
      vertex -19.7074 2.49 7.02882
    endloop
  endfacet
  facet normal -0.524366 0.706699 -0.474992
    outer loop
      vertex -21.1595 2.49 7.54841
      vertex -20.7071 2.99 7.79289
      vertex -21.0607 2.49 7.43934
    endloop
  endfacet
  facet normal 0.699868 0.706685 0.103827
    outer loop
      vertex -18.5072 2.49 8.64703
      vertex -19.0192 2.99 8.69509
      vertex -18.5288 2.49 8.79263
    endloop
  endfacet
  facet normal 0.607004 0.706709 0.363467
    outer loop
      vertex -19.1181 2.99 8.9714
      vertex -19.1685 2.99 9.05557
      vertex -18.6771 2.49 9.20709
    endloop
  endfacet
  facet normal 0.568143 0.706685 0.421674
    outer loop
      vertex -19.1685 2.99 9.05557
      vertex -19.227 2.99 9.13439
      vertex -18.8405 2.49 9.45159
    endloop
  endfacet
  facet normal 0.363669 0.706681 0.606916
    outer loop
      vertex -19.1666 2.49 9.7472
      vertex -19.4444 2.99 9.33147
      vertex -19.2929 2.49 9.82288
    endloop
  endfacet
  facet normal 0.171919 0.706678 0.686331
    outer loop
      vertex -19.5646 2.49 9.93541
      vertex -19.8049 2.99 9.48078
      vertex -19.7074 2.49 9.97118
    endloop
  endfacet
  facet normal 0.238356 0.706671 0.666186
    outer loop
      vertex -19.6173 2.99 9.42388
      vertex -19.7097 2.99 9.45694
      vertex -19.5646 2.49 9.93541
    endloop
  endfacet
  facet normal -0.66618 0.706655 0.238419
    outer loop
      vertex -21.3858 2.49 9.07402
      vertex -20.9239 2.99 8.88268
      vertex -21.4354 2.49 8.93543
    endloop
  endfacet
  facet normal -0.238356 0.706671 0.666186
    outer loop
      vertex -20.2903 2.99 9.45694
      vertex -20.3827 2.99 9.42388
      vertex -20.4354 2.49 9.93541
    endloop
  endfacet
  facet normal -0.238356 0.706671 0.666186
    outer loop
      vertex -20.4354 2.49 9.93541
      vertex -20.3827 2.99 9.42388
      vertex -20.574 2.49 9.88582
    endloop
  endfacet
  facet normal -0.0347091 0.706681 0.706681
    outer loop
      vertex -20 2.49 10
      vertex -20 2.99 9.5
      vertex -20.147 2.49 9.99278
    endloop
  endfacet
  facet normal 0.302562 0.706667 -0.639592
    outer loop
      vertex -19.426 2.49 7.11418
      vertex -19.6173 2.99 7.57612
      vertex -19.5286 2.99 7.61808
    endloop
  endfacet
  facet normal 0.524366 0.706699 -0.474992
    outer loop
      vertex -18.9393 2.49 7.43934
      vertex -19.2929 2.99 7.79289
      vertex -18.8405 2.49 7.54841
    endloop
  endfacet
  facet normal 0.607004 0.706709 -0.363467
    outer loop
      vertex -18.6771 2.49 7.79291
      vertex -19.1685 2.99 7.94443
      vertex -19.1181 2.99 8.0286
    endloop
  endfacet
  facet normal 0.686203 0.706712 0.17229
    outer loop
      vertex -19.0192 2.99 8.69509
      vertex -19.0431 2.99 8.79028
      vertex -18.5646 2.49 8.93543
    endloop
  endfacet
  facet normal 0.706683 0.706683 0.034606
    outer loop
      vertex -18.5 2.49 8.5
      vertex -19 2.99 8.5
      vertex -18.5072 2.49 8.64703
    endloop
  endfacet
  facet normal -0.103792 0.706686 -0.699873
    outer loop
      vertex -20.147 2.49 7.00722
      vertex -20.1951 2.99 7.51922
      vertex -20.098 2.99 7.50482
    endloop
  endfacet
  facet normal 0 1 0
    outer loop
      vertex -19.902 2.99 9.49518
      vertex -20.098 2.99 9.49518
      vertex -20 2.99 9.5
    endloop
  endfacet
  facet normal 0 1 0
    outer loop
      vertex -19.8049 2.99 9.48078
      vertex -20.098 2.99 9.49518
      vertex -19.902 2.99 9.49518
    endloop
  endfacet
  facet normal 0 1 0
    outer loop
      vertex -19.8049 2.99 9.48078
      vertex -20.1951 2.99 9.48078
      vertex -20.098 2.99 9.49518
    endloop
  endfacet
  facet normal 0 1 0
    outer loop
      vertex -19.7097 2.99 9.45694
      vertex -20.1951 2.99 9.48078
      vertex -19.8049 2.99 9.48078
    endloop
  endfacet
  facet normal 0 1 0
    outer loop
      vertex -19.7097 2.99 9.45694
      vertex -20.2903 2.99 9.45694
      vertex -20.1951 2.99 9.48078
    endloop
  endfacet
  facet normal 0 1 0
    outer loop
      vertex -19.6173 2.99 9.42388
      vertex -20.2903 2.99 9.45694
      vertex -19.7097 2.99 9.45694
    endloop
  endfacet
  facet normal 0 1 0
    outer loop
      vertex -19.6173 2.99 9.42388
      vertex -20.3827 2.99 9.42388
      vertex -20.2903 2.99 9.45694
    endloop
  endfacet
  facet normal 0 1 0
    outer loop
      vertex -19.5286 2.99 9.38192
      vertex -20.3827 2.99 9.42388
      vertex -19.6173 2.99 9.42388
    endloop
  endfacet
  facet normal 0 1 0
    outer loop
      vertex -19.5286 2.99 9.38192
      vertex -20.4714 2.99 9.38192
      vertex -20.3827 2.99 9.42388
    endloop
  endfacet
  facet normal 0 1 0
    outer loop
      vertex -19.4444 2.99 9.33147
      vertex -20.4714 2.99 9.38192
      vertex -19.5286 2.99 9.38192
    endloop
  endfacet
  facet normal 0 1 0
    outer loop
      vertex -19.4444 2.99 9.33147
      vertex -20.5556 2.99 9.33147
      vertex -20.4714 2.99 9.38192
    endloop
  endfacet
  facet normal 0 1 0
    outer loop
      vertex -19.3656 2.99 9.27301
      vertex -20.5556 2.99 9.33147
      vertex -19.4444 2.99 9.33147
    endloop
  endfacet
  facet normal 0 1 0
    outer loop
      vertex -19.3656 2.99 9.27301
      vertex -20.6344 2.99 9.27301
      vertex -20.5556 2.99 9.33147
    endloop
  endfacet
  facet normal 0 1 0
    outer loop
      vertex -19.2929 2.99 9.20711
      vertex -20.6344 2.99 9.27301
      vertex -19.3656 2.99 9.27301
    endloop
  endfacet
  facet normal 0 1 0
    outer loop
      vertex -19.2929 2.99 9.20711
      vertex -20.7071 2.99 9.20711
      vertex -20.6344 2.99 9.27301
    endloop
  endfacet
  facet normal 0 1 0
    outer loop
      vertex -19.227 2.99 9.13439
      vertex -20.7071 2.99 9.20711
      vertex -19.2929 2.99 9.20711
    endloop
  endfacet
  facet normal 0 1 0
    outer loop
      vertex -19.227 2.99 9.13439
      vertex -20.773 2.99 9.13439
      vertex -20.7071 2.99 9.20711
    endloop
  endfacet
  facet normal 0 1 0
    outer loop
      vertex -19.1685 2.99 9.05557
      vertex -20.773 2.99 9.13439
      vertex -19.227 2.99 9.13439
    endloop
  endfacet
  facet normal 0 1 0
    outer loop
      vertex -19.1685 2.99 9.05557
      vertex -20.8315 2.99 9.05557
      vertex -20.773 2.99 9.13439
    endloop
  endfacet
  facet normal 0 1 0
    outer loop
      vertex -19.1181 2.99 8.9714
      vertex -20.8315 2.99 9.05557
      vertex -19.1685 2.99 9.05557
    endloop
  endfacet
  facet normal 0 1 0
    outer loop
      vertex -19.1181 2.99 8.9714
      vertex -20.8819 2.99 8.9714
      vertex -20.8315 2.99 9.05557
    endloop
  endfacet
  facet normal 0 1 0
    outer loop
      vertex -19.0761 2.99 8.88268
      vertex -20.8819 2.99 8.9714
      vertex -19.1181 2.99 8.9714
    endloop
  endfacet
  facet normal 0 1 0
    outer loop
      vertex -19.0761 2.99 8.88268
      vertex -20.9239 2.99 8.88268
      vertex -20.8819 2.99 8.9714
    endloop
  endfacet
  facet normal 0 1 0
    outer loop
      vertex -19.0431 2.99 8.79028
      vertex -20.9239 2.99 8.88268
      vertex -19.0761 2.99 8.88268
    endloop
  endfacet
  facet normal 0 1 0
    outer loop
      vertex -19.0431 2.99 8.79028
      vertex -20.9569 2.99 8.79028
      vertex -20.9239 2.99 8.88268
    endloop
  endfacet
  facet normal 0 1 0
    outer loop
      vertex -19.0192 2.99 8.69509
      vertex -20.9569 2.99 8.79028
      vertex -19.0431 2.99 8.79028
    endloop
  endfacet
  facet normal 0 1 0
    outer loop
      vertex -19.0192 2.99 8.69509
      vertex -20.9808 2.99 8.69509
      vertex -20.9569 2.99 8.79028
    endloop
  endfacet
  facet normal 0 1 0
    outer loop
      vertex -19.0048 2.99 8.59802
      vertex -20.9808 2.99 8.69509
      vertex -19.0192 2.99 8.69509
    endloop
  endfacet
  facet normal 0 1 0
    outer loop
      vertex -19.0048 2.99 8.59802
      vertex -20.9952 2.99 8.59802
      vertex -20.9808 2.99 8.69509
    endloop
  endfacet
  facet normal 0 1 0
    outer loop
      vertex -19 2.99 8.5
      vertex -20.9952 2.99 8.59802
      vertex -19.0048 2.99 8.59802
    endloop
  endfacet
  facet normal 0 1 0
    outer loop
      vertex -19 2.99 8.5
      vertex -21 2.99 8.5
      vertex -20.9952 2.99 8.59802
    endloop
  endfacet
  facet normal 0 1 -0
    outer loop
      vertex -19.0048 2.99 8.40198
      vertex -21 2.99 8.5
      vertex -19 2.99 8.5
    endloop
  endfacet
  facet normal 0 1 0
    outer loop
      vertex -19.0048 2.99 8.40198
      vertex -20.9952 2.99 8.40198
      vertex -21 2.99 8.5
    endloop
  endfacet
  facet normal 0 1 -0
    outer loop
      vertex -19.0192 2.99 8.30491
      vertex -20.9952 2.99 8.40198
      vertex -19.0048 2.99 8.40198
    endloop
  endfacet
  facet normal 0 1 0
    outer loop
      vertex -19.0192 2.99 8.30491
      vertex -20.9808 2.99 8.30491
      vertex -20.9952 2.99 8.40198
    endloop
  endfacet
  facet normal 0 1 -0
    outer loop
      vertex -19.0431 2.99 8.20972
      vertex -20.9808 2.99 8.30491
      vertex -19.0192 2.99 8.30491
    endloop
  endfacet
  facet normal 0 1 0
    outer loop
      vertex -19.0431 2.99 8.20972
      vertex -20.9569 2.99 8.20972
      vertex -20.9808 2.99 8.30491
    endloop
  endfacet
  facet normal 0 1 -0
    outer loop
      vertex -19.0761 2.99 8.11732
      vertex -20.9569 2.99 8.20972
      vertex -19.0431 2.99 8.20972
    endloop
  endfacet
  facet normal 0 1 0
    outer loop
      vertex -19.0761 2.99 8.11732
      vertex -20.9239 2.99 8.11732
      vertex -20.9569 2.99 8.20972
    endloop
  endfacet
  facet normal 0 1 -0
    outer loop
      vertex -19.1181 2.99 8.0286
      vertex -20.9239 2.99 8.11732
      vertex -19.0761 2.99 8.11732
    endloop
  endfacet
  facet normal 0 1 0
    outer loop
      vertex -19.1181 2.99 8.0286
      vertex -20.8819 2.99 8.0286
      vertex -20.9239 2.99 8.11732
    endloop
  endfacet
  facet normal 0 1 -0
    outer loop
      vertex -19.1685 2.99 7.94443
      vertex -20.8819 2.99 8.0286
      vertex -19.1181 2.99 8.0286
    endloop
  endfacet
  facet normal 0 1 0
    outer loop
      vertex -19.1685 2.99 7.94443
      vertex -20.8315 2.99 7.94443
      vertex -20.8819 2.99 8.0286
    endloop
  endfacet
  facet normal 0 1 -0
    outer loop
      vertex -19.227 2.99 7.86561
      vertex -20.8315 2.99 7.94443
      vertex -19.1685 2.99 7.94443
    endloop
  endfacet
  facet normal 0 1 0
    outer loop
      vertex -19.227 2.99 7.86561
      vertex -20.773 2.99 7.86561
      vertex -20.8315 2.99 7.94443
    endloop
  endfacet
  facet normal 0 1 -0
    outer loop
      vertex -19.2929 2.99 7.79289
      vertex -20.773 2.99 7.86561
      vertex -19.227 2.99 7.86561
    endloop
  endfacet
  facet normal 0 1 0
    outer loop
      vertex -19.2929 2.99 7.79289
      vertex -20.7071 2.99 7.79289
      vertex -20.773 2.99 7.86561
    endloop
  endfacet
  facet normal 0 1 -0
    outer loop
      vertex -19.3656 2.99 7.72699
      vertex -20.7071 2.99 7.79289
      vertex -19.2929 2.99 7.79289
    endloop
  endfacet
  facet normal 0 1 0
    outer loop
      vertex -19.3656 2.99 7.72699
      vertex -20.6344 2.99 7.72699
      vertex -20.7071 2.99 7.79289
    endloop
  endfacet
  facet normal 0 1 -0
    outer loop
      vertex -19.4444 2.99 7.66853
      vertex -20.6344 2.99 7.72699
      vertex -19.3656 2.99 7.72699
    endloop
  endfacet
  facet normal 0 1 0
    outer loop
      vertex -19.4444 2.99 7.66853
      vertex -20.5556 2.99 7.66853
      vertex -20.6344 2.99 7.72699
    endloop
  endfacet
  facet normal 0 1 -0
    outer loop
      vertex -19.5286 2.99 7.61808
      vertex -20.5556 2.99 7.66853
      vertex -19.4444 2.99 7.66853
    endloop
  endfacet
  facet normal 0 1 0
    outer loop
      vertex -19.5286 2.99 7.61808
      vertex -20.4714 2.99 7.61808
      vertex -20.5556 2.99 7.66853
    endloop
  endfacet
  facet normal 0 1 -0
    outer loop
      vertex -19.6173 2.99 7.57612
      vertex -20.4714 2.99 7.61808
      vertex -19.5286 2.99 7.61808
    endloop
  endfacet
  facet normal 0 1 0
    outer loop
      vertex -19.6173 2.99 7.57612
      vertex -20.3827 2.99 7.57612
      vertex -20.4714 2.99 7.61808
    endloop
  endfacet
  facet normal 0 1 -0
    outer loop
      vertex -19.7097 2.99 7.54306
      vertex -20.3827 2.99 7.57612
      vertex -19.6173 2.99 7.57612
    endloop
  endfacet
  facet normal 0 1 0
    outer loop
      vertex -19.7097 2.99 7.54306
      vertex -20.2903 2.99 7.54306
      vertex -20.3827 2.99 7.57612
    endloop
  endfacet
  facet normal 0 1 -0
    outer loop
      vertex -19.8049 2.99 7.51922
      vertex -20.2903 2.99 7.54306
      vertex -19.7097 2.99 7.54306
    endloop
  endfacet
  facet normal 0 1 0
    outer loop
      vertex -19.8049 2.99 7.51922
      vertex -20.1951 2.99 7.51922
      vertex -20.2903 2.99 7.54306
    endloop
  endfacet
  facet normal 0 1 -0
    outer loop
      vertex -19.902 2.99 7.50482
      vertex -20.1951 2.99 7.51922
      vertex -19.8049 2.99 7.51922
    endloop
  endfacet
  facet normal 0 1 0
    outer loop
      vertex -19.902 2.99 7.50482
      vertex -20.098 2.99 7.50482
      vertex -20.1951 2.99 7.51922
    endloop
  endfacet
  facet normal -0 1 0
    outer loop
      vertex -20.098 2.99 7.50482
      vertex -19.902 2.99 7.50482
      vertex -20 2.99 7.5
    endloop
  endfacet
  facet normal 0.171919 0.706678 -0.686331
    outer loop
      vertex -19.7074 2.49 7.02882
      vertex -19.8049 2.99 7.51922
      vertex -19.5646 2.49 7.06459
    endloop
  endfacet
  facet normal -0.524281 0.706681 -0.475112
    outer loop
      vertex -21.1595 2.49 7.54841
      vertex -20.773 2.99 7.86561
      vertex -20.7071 2.99 7.79289
    endloop
  endfacet
  facet normal -0.568297 0.706658 -0.421513
    outer loop
      vertex -21.2472 2.49 7.66665
      vertex -20.8315 2.99 7.94443
      vertex -21.1595 2.49 7.54841
    endloop
  endfacet
  facet normal 0.686294 0.706681 0.172054
    outer loop
      vertex -18.5288 2.49 8.79263
      vertex -19.0192 2.99 8.69509
      vertex -18.5646 2.49 8.93543
    endloop
  endfacet
  facet normal 0.639524 0.706648 0.30275
    outer loop
      vertex -19.0761 2.99 8.88268
      vertex -19.1181 2.99 8.9714
      vertex -18.6142 2.49 9.07402
    endloop
  endfacet
  facet normal 0.475182 0.706684 0.524214
    outer loop
      vertex -19.2929 2.99 9.20711
      vertex -19.3656 2.99 9.27301
      vertex -19.0484 2.49 9.65952
    endloop
  endfacet
  facet normal 0.421556 0.706687 0.568228
    outer loop
      vertex -19.3656 2.99 9.27301
      vertex -19.4444 2.99 9.33147
      vertex -19.0484 2.49 9.65952
    endloop
  endfacet
  facet normal 0.606841 0.70666 0.363835
    outer loop
      vertex -18.6771 2.49 9.20709
      vertex -19.1685 2.99 9.05557
      vertex -18.7528 2.49 9.33335
    endloop
  endfacet
  facet normal 0.568297 0.706658 0.421513
    outer loop
      vertex -18.7528 2.49 9.33335
      vertex -19.1685 2.99 9.05557
      vertex -18.8405 2.49 9.45159
    endloop
  endfacet
  facet normal 0.639655 0.706699 0.302354
    outer loop
      vertex -18.6142 2.49 9.07402
      vertex -19.1181 2.99 8.9714
      vertex -18.6771 2.49 9.20709
    endloop
  endfacet
  facet normal 0.475078 0.706699 0.524287
    outer loop
      vertex -18.9393 2.49 9.56066
      vertex -19.2929 2.99 9.20711
      vertex -19.0484 2.49 9.65952
    endloop
  endfacet
  facet normal 0.524366 0.706699 0.474992
    outer loop
      vertex -18.8405 2.49 9.45159
      vertex -19.2929 2.99 9.20711
      vertex -18.9393 2.49 9.56066
    endloop
  endfacet
  facet normal 0.238356 0.706671 0.666186
    outer loop
      vertex -19.426 2.49 9.88582
      vertex -19.6173 2.99 9.42388
      vertex -19.5646 2.49 9.93541
    endloop
  endfacet
  facet normal 0.302562 0.706667 0.639592
    outer loop
      vertex -19.5286 2.99 9.38192
      vertex -19.6173 2.99 9.42388
      vertex -19.426 2.49 9.88582
    endloop
  endfacet
  facet normal 0.302464 0.706679 0.639625
    outer loop
      vertex -19.2929 2.49 9.82288
      vertex -19.5286 2.99 9.38192
      vertex -19.426 2.49 9.88582
    endloop
  endfacet
  facet normal 0.103792 0.706686 0.699873
    outer loop
      vertex -19.8049 2.99 9.48078
      vertex -19.902 2.99 9.49518
      vertex -19.853 2.49 9.99278
    endloop
  endfacet
  facet normal -0.706683 0.706683 0.034606
    outer loop
      vertex -21.4928 2.49 8.64703
      vertex -21 2.99 8.5
      vertex -21.5 2.49 8.5
    endloop
  endfacet
  facet normal -0.686294 0.706681 0.172054
    outer loop
      vertex -21.4354 2.49 8.93543
      vertex -20.9808 2.99 8.69509
      vertex -21.4712 2.49 8.79263
    endloop
  endfacet
  facet normal -0.639655 0.706699 0.302354
    outer loop
      vertex -21.3229 2.49 9.20709
      vertex -20.8819 2.99 8.9714
      vertex -21.3858 2.49 9.07402
    endloop
  endfacet
  facet normal -0.568143 0.706685 0.421674
    outer loop
      vertex -20.773 2.99 9.13439
      vertex -20.8315 2.99 9.05557
      vertex -21.1595 2.49 9.45159
    endloop
  endfacet
  facet normal -0.568297 0.706658 0.421513
    outer loop
      vertex -21.1595 2.49 9.45159
      vertex -20.8315 2.99 9.05557
      vertex -21.2472 2.49 9.33335
    endloop
  endfacet
  facet normal -0.475078 0.706699 0.524287
    outer loop
      vertex -20.9516 2.49 9.65952
      vertex -20.7071 2.99 9.20711
      vertex -21.0607 2.49 9.56066
    endloop
  endfacet
  facet normal -0.363669 0.706681 0.606916
    outer loop
      vertex -20.7071 2.49 9.82288
      vertex -20.5556 2.99 9.33147
      vertex -20.8334 2.49 9.7472
    endloop
  endfacet
  facet normal -0.171875 0.706672 0.686348
    outer loop
      vertex -20.1951 2.99 9.48078
      vertex -20.2903 2.99 9.45694
      vertex -20.4354 2.49 9.93541
    endloop
  endfacet
  facet normal -0.171919 0.706678 0.686331
    outer loop
      vertex -20.2926 2.49 9.97118
      vertex -20.1951 2.99 9.48078
      vertex -20.4354 2.49 9.93541
    endloop
  endfacet
  facet normal 0.699868 0.706685 -0.103827
    outer loop
      vertex -18.5288 2.49 8.20737
      vertex -19.0192 2.99 8.30491
      vertex -18.5072 2.49 8.35297
    endloop
  endfacet
  facet normal 0.666283 0.706712 -0.237958
    outer loop
      vertex -18.5646 2.49 8.06457
      vertex -19.0761 2.99 8.11732
      vertex -19.0431 2.99 8.20972
    endloop
  endfacet
  facet normal 0.66618 0.706655 -0.238419
    outer loop
      vertex -18.6142 2.49 7.92598
      vertex -19.0761 2.99 8.11732
      vertex -18.5646 2.49 8.06457
    endloop
  endfacet
  facet normal 0.606841 0.70666 -0.363835
    outer loop
      vertex -18.7528 2.49 7.66665
      vertex -19.1685 2.99 7.94443
      vertex -18.6771 2.49 7.79291
    endloop
  endfacet
  facet normal 0.639655 0.706699 -0.302354
    outer loop
      vertex -18.6771 2.49 7.79291
      vertex -19.1181 2.99 8.0286
      vertex -18.6142 2.49 7.92598
    endloop
  endfacet
  facet normal 0.568297 0.706658 -0.421513
    outer loop
      vertex -18.8405 2.49 7.54841
      vertex -19.1685 2.99 7.94443
      vertex -18.7528 2.49 7.66665
    endloop
  endfacet
  facet normal 0.706683 0.706683 -0.034606
    outer loop
      vertex -18.5072 2.49 8.35297
      vertex -19 2.99 8.5
      vertex -18.5 2.49 8.5
    endloop
  endfacet
  facet normal 0.706683 0.706683 0.034606
    outer loop
      vertex -19 2.99 8.5
      vertex -19.0048 2.99 8.59802
      vertex -18.5072 2.49 8.64703
    endloop
  endfacet
  facet normal 0.421556 0.706687 -0.568228
    outer loop
      vertex -19.0484 2.49 7.34048
      vertex -19.4444 2.99 7.66853
      vertex -19.3656 2.99 7.72699
    endloop
  endfacet
  facet normal 0.363669 0.706681 -0.606916
    outer loop
      vertex -19.2929 2.49 7.17712
      vertex -19.4444 2.99 7.66853
      vertex -19.1666 2.49 7.2528
    endloop
  endfacet
  facet normal 0.238356 0.706671 -0.666186
    outer loop
      vertex -19.5646 2.49 7.06459
      vertex -19.7097 2.99 7.54306
      vertex -19.6173 2.99 7.57612
    endloop
  endfacet
  facet normal 0.238356 0.706671 -0.666186
    outer loop
      vertex -19.5646 2.49 7.06459
      vertex -19.6173 2.99 7.57612
      vertex -19.426 2.49 7.11418
    endloop
  endfacet
  facet normal 0.103792 0.706686 -0.699873
    outer loop
      vertex -19.853 2.49 7.00722
      vertex -19.902 2.99 7.50482
      vertex -19.8049 2.99 7.51922
    endloop
  endfacet
  facet normal 0.0347567 0.706687 -0.706672
    outer loop
      vertex -19.853 2.49 7.00722
      vertex -20 2.99 7.5
      vertex -19.902 2.99 7.50482
    endloop
  endfacet
  facet normal -0.639655 0.706699 -0.302354
    outer loop
      vertex -21.3858 2.49 7.92598
      vertex -20.8819 2.99 8.0286
      vertex -21.3229 2.49 7.79291
    endloop
  endfacet
  facet normal -0.686294 0.706681 -0.172054
    outer loop
      vertex -21.4712 2.49 8.20737
      vertex -20.9808 2.99 8.30491
      vertex -21.4354 2.49 8.06457
    endloop
  endfacet
  facet normal 0.66618 0.706655 0.238419
    outer loop
      vertex -18.5646 2.49 8.93543
      vertex -19.0761 2.99 8.88268
      vertex -18.6142 2.49 9.07402
    endloop
  endfacet
  facet normal 0.666283 0.706712 0.237958
    outer loop
      vertex -19.0431 2.99 8.79028
      vertex -19.0761 2.99 8.88268
      vertex -18.5646 2.49 8.93543
    endloop
  endfacet
  facet normal 0.524281 0.706681 0.475112
    outer loop
      vertex -19.227 2.99 9.13439
      vertex -19.2929 2.99 9.20711
      vertex -18.8405 2.49 9.45159
    endloop
  endfacet
  facet normal 0.36365 0.706683 0.606924
    outer loop
      vertex -19.4444 2.99 9.33147
      vertex -19.5286 2.99 9.38192
      vertex -19.2929 2.49 9.82288
    endloop
  endfacet
  facet normal 0.171875 0.706672 0.686348
    outer loop
      vertex -19.7097 2.99 9.45694
      vertex -19.8049 2.99 9.48078
      vertex -19.5646 2.49 9.93541
    endloop
  endfacet
  facet normal 0.0347567 0.706687 0.706672
    outer loop
      vertex -19.902 2.99 9.49518
      vertex -20 2.99 9.5
      vertex -19.853 2.49 9.99278
    endloop
  endfacet
  facet normal -0.706683 0.706683 0.034606
    outer loop
      vertex -20.9952 2.99 8.59802
      vertex -21 2.99 8.5
      vertex -21.4928 2.49 8.64703
    endloop
  endfacet
  facet normal -0.706683 0.706683 -0.034606
    outer loop
      vertex -21.5 2.49 8.5
      vertex -21 2.99 8.5
      vertex -21.4928 2.49 8.35297
    endloop
  endfacet
  facet normal -0.699868 0.706686 -0.103823
    outer loop
      vertex -21.4928 2.49 8.35297
      vertex -20.9952 2.99 8.40198
      vertex -20.9808 2.99 8.30491
    endloop
  endfacet
  facet normal -0.66618 0.706655 -0.238419
    outer loop
      vertex -21.4354 2.49 8.06457
      vertex -20.9239 2.99 8.11732
      vertex -21.3858 2.49 7.92598
    endloop
  endfacet
  facet normal -0.686203 0.706712 -0.17229
    outer loop
      vertex -21.4354 2.49 8.06457
      vertex -20.9808 2.99 8.30491
      vertex -20.9569 2.99 8.20972
    endloop
  endfacet
  facet normal -0.686203 0.706712 0.17229
    outer loop
      vertex -20.9569 2.99 8.79028
      vertex -20.9808 2.99 8.69509
      vertex -21.4354 2.49 8.93543
    endloop
  endfacet
  facet normal -0.666283 0.706712 0.237958
    outer loop
      vertex -20.9239 2.99 8.88268
      vertex -20.9569 2.99 8.79028
      vertex -21.4354 2.49 8.93543
    endloop
  endfacet
  facet normal -0.639524 0.706648 0.30275
    outer loop
      vertex -20.8819 2.99 8.9714
      vertex -20.9239 2.99 8.88268
      vertex -21.3858 2.49 9.07402
    endloop
  endfacet
  facet normal -0.524281 0.706681 0.475112
    outer loop
      vertex -20.7071 2.99 9.20711
      vertex -20.773 2.99 9.13439
      vertex -21.1595 2.49 9.45159
    endloop
  endfacet
  facet normal -0.524366 0.706699 0.474992
    outer loop
      vertex -21.0607 2.49 9.56066
      vertex -20.7071 2.99 9.20711
      vertex -21.1595 2.49 9.45159
    endloop
  endfacet
  facet normal -0.36365 0.706683 0.606924
    outer loop
      vertex -20.4714 2.99 9.38192
      vertex -20.5556 2.99 9.33147
      vertex -20.7071 2.49 9.82288
    endloop
  endfacet
  facet normal -0.302464 0.706679 0.639625
    outer loop
      vertex -20.574 2.49 9.88582
      vertex -20.4714 2.99 9.38192
      vertex -20.7071 2.49 9.82288
    endloop
  endfacet
  facet normal -0.103827 0.706681 0.699872
    outer loop
      vertex -20.147 2.49 9.99278
      vertex -20.1951 2.99 9.48078
      vertex -20.2926 2.49 9.97118
    endloop
  endfacet
  facet normal 0.568143 0.706685 -0.421674
    outer loop
      vertex -18.8405 2.49 7.54841
      vertex -19.227 2.99 7.86561
      vertex -19.1685 2.99 7.94443
    endloop
  endfacet
  facet normal 0.524281 0.706681 -0.475112
    outer loop
      vertex -18.8405 2.49 7.54841
      vertex -19.2929 2.99 7.79289
      vertex -19.227 2.99 7.86561
    endloop
  endfacet
  facet normal 0.686294 0.706681 -0.172054
    outer loop
      vertex -18.5646 2.49 8.06457
      vertex -19.0192 2.99 8.30491
      vertex -18.5288 2.49 8.20737
    endloop
  endfacet
  facet normal 0.686203 0.706712 -0.17229
    outer loop
      vertex -18.5646 2.49 8.06457
      vertex -19.0431 2.99 8.20972
      vertex -19.0192 2.99 8.30491
    endloop
  endfacet
  facet normal 0.699868 0.706686 0.103823
    outer loop
      vertex -19.0048 2.99 8.59802
      vertex -19.0192 2.99 8.69509
      vertex -18.5072 2.49 8.64703
    endloop
  endfacet
  facet normal -0.421528 0.706682 -0.568255
    outer loop
      vertex -20.9516 2.49 7.34048
      vertex -20.5556 2.99 7.66853
      vertex -20.8334 2.49 7.2528
    endloop
  endfacet
  facet normal -0.475078 0.706699 -0.524287
    outer loop
      vertex -21.0607 2.49 7.43934
      vertex -20.7071 2.99 7.79289
      vertex -20.9516 2.49 7.34048
    endloop
  endfacet
  facet normal -0.238356 0.706671 -0.666186
    outer loop
      vertex -20.574 2.49 7.11418
      vertex -20.3827 2.99 7.57612
      vertex -20.4354 2.49 7.06459
    endloop
  endfacet
  facet normal -0.103827 0.706681 -0.699872
    outer loop
      vertex -20.2926 2.49 7.02882
      vertex -20.1951 2.99 7.51922
      vertex -20.147 2.49 7.00722
    endloop
  endfacet
  facet normal 0.36365 0.706683 -0.606924
    outer loop
      vertex -19.2929 2.49 7.17712
      vertex -19.5286 2.99 7.61808
      vertex -19.4444 2.99 7.66853
    endloop
  endfacet
  facet normal 0.302464 0.706679 -0.639625
    outer loop
      vertex -19.426 2.49 7.11418
      vertex -19.5286 2.99 7.61808
      vertex -19.2929 2.49 7.17712
    endloop
  endfacet
  facet normal 0.171875 0.706672 -0.686348
    outer loop
      vertex -19.5646 2.49 7.06459
      vertex -19.8049 2.99 7.51922
      vertex -19.7097 2.99 7.54306
    endloop
  endfacet
  facet normal -0.607004 0.706709 -0.363467
    outer loop
      vertex -21.3229 2.49 7.79291
      vertex -20.8819 2.99 8.0286
      vertex -20.8315 2.99 7.94443
    endloop
  endfacet
  facet normal -0.606841 0.70666 -0.363835
    outer loop
      vertex -21.3229 2.49 7.79291
      vertex -20.8315 2.99 7.94443
      vertex -21.2472 2.49 7.66665
    endloop
  endfacet
  facet normal -0.699868 0.706685 -0.103827
    outer loop
      vertex -21.4928 2.49 8.35297
      vertex -20.9808 2.99 8.30491
      vertex -21.4712 2.49 8.20737
    endloop
  endfacet
  facet normal -0.666283 0.706712 -0.237958
    outer loop
      vertex -21.4354 2.49 8.06457
      vertex -20.9569 2.99 8.20972
      vertex -20.9239 2.99 8.11732
    endloop
  endfacet
  facet normal -0.699868 0.706686 0.103823
    outer loop
      vertex -20.9808 2.99 8.69509
      vertex -20.9952 2.99 8.59802
      vertex -21.4928 2.49 8.64703
    endloop
  endfacet
  facet normal -0.699868 0.706685 0.103827
    outer loop
      vertex -21.4712 2.49 8.79263
      vertex -20.9808 2.99 8.69509
      vertex -21.4928 2.49 8.64703
    endloop
  endfacet
  facet normal -0.607004 0.706709 0.363467
    outer loop
      vertex -20.8315 2.99 9.05557
      vertex -20.8819 2.99 8.9714
      vertex -21.3229 2.49 9.20709
    endloop
  endfacet
  facet normal -0.606841 0.70666 0.363835
    outer loop
      vertex -21.2472 2.49 9.33335
      vertex -20.8315 2.99 9.05557
      vertex -21.3229 2.49 9.20709
    endloop
  endfacet
  facet normal -0.475182 0.706684 0.524214
    outer loop
      vertex -20.6344 2.99 9.27301
      vertex -20.7071 2.99 9.20711
      vertex -20.9516 2.49 9.65952
    endloop
  endfacet
  facet normal -0.421556 0.706687 0.568228
    outer loop
      vertex -20.5556 2.99 9.33147
      vertex -20.6344 2.99 9.27301
      vertex -20.9516 2.49 9.65952
    endloop
  endfacet
  facet normal -0.302562 0.706667 0.639592
    outer loop
      vertex -20.3827 2.99 9.42388
      vertex -20.4714 2.99 9.38192
      vertex -20.574 2.49 9.88582
    endloop
  endfacet
  facet normal -0.103792 0.706686 0.699873
    outer loop
      vertex -20.098 2.99 9.49518
      vertex -20.1951 2.99 9.48078
      vertex -20.147 2.49 9.99278
    endloop
  endfacet
  facet normal -0.0347567 0.706687 0.706672
    outer loop
      vertex -20 2.99 9.5
      vertex -20.098 2.99 9.49518
      vertex -20.147 2.49 9.99278
    endloop
  endfacet
  facet normal 0.706683 0.706683 -0.034606
    outer loop
      vertex -18.5072 2.49 8.35297
      vertex -19.0048 2.99 8.40198
      vertex -19 2.99 8.5
    endloop
  endfacet
  facet normal 0.699868 0.706686 -0.103823
    outer loop
      vertex -18.5072 2.49 8.35297
      vertex -19.0192 2.99 8.30491
      vertex -19.0048 2.99 8.40198
    endloop
  endfacet
  facet normal -0.363669 0.706681 -0.606916
    outer loop
      vertex -20.8334 2.49 7.2528
      vertex -20.5556 2.99 7.66853
      vertex -20.7071 2.49 7.17712
    endloop
  endfacet
  facet normal -0.302464 0.706679 -0.639625
    outer loop
      vertex -20.7071 2.49 7.17712
      vertex -20.4714 2.99 7.61808
      vertex -20.574 2.49 7.11418
    endloop
  endfacet
  facet normal -0.421556 0.706687 -0.568228
    outer loop
      vertex -20.9516 2.49 7.34048
      vertex -20.6344 2.99 7.72699
      vertex -20.5556 2.99 7.66853
    endloop
  endfacet
  facet normal -0.475182 0.706684 -0.524214
    outer loop
      vertex -20.9516 2.49 7.34048
      vertex -20.7071 2.99 7.79289
      vertex -20.6344 2.99 7.72699
    endloop
  endfacet
  facet normal -0.0347567 0.706687 -0.706672
    outer loop
      vertex -20.147 2.49 7.00722
      vertex -20.098 2.99 7.50482
      vertex -20 2.99 7.5
    endloop
  endfacet
  facet normal -0.0347091 0.706681 -0.706681
    outer loop
      vertex -20.147 2.49 7.00722
      vertex -20 2.99 7.5
      vertex -20 2.49 7
    endloop
  endfacet
  facet normal -0.171919 0.706678 -0.686331
    outer loop
      vertex -20.4354 2.49 7.06459
      vertex -20.1951 2.99 7.51922
      vertex -20.2926 2.49 7.02882
    endloop
  endfacet
  facet normal -0.568143 0.706685 -0.421674
    outer loop
      vertex -21.1595 2.49 7.54841
      vertex -20.8315 2.99 7.94443
      vertex -20.773 2.99 7.86561
    endloop
  endfacet
  facet normal -0.706683 0.706683 -0.034606
    outer loop
      vertex -21.4928 2.49 8.35297
      vertex -21 2.99 8.5
      vertex -20.9952 2.99 8.40198
    endloop
  endfacet
  facet normal -0.639524 0.706648 -0.30275
    outer loop
      vertex -21.3858 2.49 7.92598
      vertex -20.9239 2.99 8.11732
      vertex -20.8819 2.99 8.0286
    endloop
  endfacet
  facet normal -0.36365 0.706683 -0.606924
    outer loop
      vertex -20.7071 2.49 7.17712
      vertex -20.5556 2.99 7.66853
      vertex -20.4714 2.99 7.61808
    endloop
  endfacet
  facet normal -0.171875 0.706672 -0.686348
    outer loop
      vertex -20.4354 2.49 7.06459
      vertex -20.2903 2.99 7.54306
      vertex -20.1951 2.99 7.51922
    endloop
  endfacet
  facet normal -0.238356 0.706671 -0.666186
    outer loop
      vertex -20.4354 2.49 7.06459
      vertex -20.3827 2.99 7.57612
      vertex -20.2903 2.99 7.54306
    endloop
  endfacet
  facet normal 0.0490565 0 0.998796
    outer loop
      vertex 20 -1 10
      vertex 20.147 -1.01 9.99278
      vertex 20.147 -1 9.99278
    endloop
  endfacet
  facet normal 0.0490565 0 0.998796
    outer loop
      vertex 20.147 -1.01 9.99278
      vertex 20 -1 10
      vertex 20 -1.01 10
    endloop
  endfacet
  facet normal 0.0490565 0 0.998796
    outer loop
      vertex 20 2.49 10
      vertex 20.147 0 9.99278
      vertex 20.147 2.49 9.99278
    endloop
  endfacet
  facet normal 0.0490565 0 0.998796
    outer loop
      vertex 20.147 0 9.99278
      vertex 20 2.49 10
      vertex 20 0 10
    endloop
  endfacet
  facet normal 0.0490565 0 -0.998796
    outer loop
      vertex 20 -1.01 7
      vertex 20.147 -1 7.00722
      vertex 20.147 -1.01 7.00722
    endloop
  endfacet
  facet normal 0.0490565 0 -0.998796
    outer loop
      vertex 20.147 -1 7.00722
      vertex 20 -1.01 7
      vertex 20 -1 7
    endloop
  endfacet
  facet normal 0.0490565 0 -0.998796
    outer loop
      vertex 20 0 7
      vertex 20.147 2.49 7.00722
      vertex 20.147 0 7.00722
    endloop
  endfacet
  facet normal 0.0490565 0 -0.998796
    outer loop
      vertex 20.147 2.49 7.00722
      vertex 20 0 7
      vertex 20 2.49 7
    endloop
  endfacet
  facet normal 0.998803 -0 0.048911
    outer loop
      vertex 21.4928 -1.01 8.64703
      vertex 21.5 -1 8.5
      vertex 21.4928 -1 8.64703
    endloop
  endfacet
  facet normal 0.998803 0 0.048911
    outer loop
      vertex 21.5 -1 8.5
      vertex 21.4928 -1.01 8.64703
      vertex 21.5 -1.01 8.5
    endloop
  endfacet
  facet normal 0.998803 -0 0.048911
    outer loop
      vertex 21.4928 0 8.64703
      vertex 21.5 2.49 8.5
      vertex 21.4928 2.49 8.64703
    endloop
  endfacet
  facet normal 0.998803 0 0.048911
    outer loop
      vertex 21.5 2.49 8.5
      vertex 21.4928 0 8.64703
      vertex 21.5 0 8.5
    endloop
  endfacet
  facet normal 0.741138 -0 0.671353
    outer loop
      vertex 21.0607 -1.01 9.56066
      vertex 21.1595 -1 9.45159
      vertex 21.0607 -1 9.56066
    endloop
  endfacet
  facet normal 0.741138 0 0.671353
    outer loop
      vertex 21.1595 -1 9.45159
      vertex 21.0607 -1.01 9.56066
      vertex 21.1595 -1.01 9.45159
    endloop
  endfacet
  facet normal 0.741138 -0 0.671353
    outer loop
      vertex 21.0607 0 9.56066
      vertex 21.1595 2.49 9.45159
      vertex 21.0607 2.49 9.56066
    endloop
  endfacet
  facet normal 0.741138 0 0.671353
    outer loop
      vertex 21.1595 2.49 9.45159
      vertex 21.0607 0 9.56066
      vertex 21.1595 0 9.45159
    endloop
  endfacet
  facet normal 0.741138 0 -0.671353
    outer loop
      vertex 21.1595 -1.01 7.54841
      vertex 21.0607 -1 7.43934
      vertex 21.1595 -1 7.54841
    endloop
  endfacet
  facet normal 0.741138 0 -0.671353
    outer loop
      vertex 21.0607 -1 7.43934
      vertex 21.1595 -1.01 7.54841
      vertex 21.0607 -1.01 7.43934
    endloop
  endfacet
  facet normal 0.741138 0 -0.671353
    outer loop
      vertex 21.1595 0 7.54841
      vertex 21.0607 2.49 7.43934
      vertex 21.1595 2.49 7.54841
    endloop
  endfacet
  facet normal 0.741138 0 -0.671353
    outer loop
      vertex 21.0607 2.49 7.43934
      vertex 21.1595 0 7.54841
      vertex 21.0607 0 7.43934
    endloop
  endfacet
  facet normal 0.941519 0 -0.33696
    outer loop
      vertex 21.4354 -1.01 8.06457
      vertex 21.3858 -1 7.92598
      vertex 21.4354 -1 8.06457
    endloop
  endfacet
  facet normal 0.941519 0 -0.33696
    outer loop
      vertex 21.3858 -1 7.92598
      vertex 21.4354 -1.01 8.06457
      vertex 21.3858 -1.01 7.92598
    endloop
  endfacet
  facet normal 0.941519 0 -0.33696
    outer loop
      vertex 21.4354 0 8.06457
      vertex 21.3858 2.49 7.92598
      vertex 21.4354 2.49 8.06457
    endloop
  endfacet
  facet normal 0.941519 0 -0.33696
    outer loop
      vertex 21.3858 2.49 7.92598
      vertex 21.4354 0 8.06457
      vertex 21.3858 0 7.92598
    endloop
  endfacet
  facet normal -0.336879 0 -0.941548
    outer loop
      vertex 19.426 -1.01 7.11418
      vertex 19.5646 -1 7.06459
      vertex 19.5646 -1.01 7.06459
    endloop
  endfacet
  facet normal -0.336879 0 -0.941548
    outer loop
      vertex 19.5646 -1 7.06459
      vertex 19.426 -1.01 7.11418
      vertex 19.426 -1 7.11418
    endloop
  endfacet
  facet normal -0.336879 0 -0.941548
    outer loop
      vertex 19.426 0 7.11418
      vertex 19.5646 2.49 7.06459
      vertex 19.5646 0 7.06459
    endloop
  endfacet
  facet normal -0.336879 0 -0.941548
    outer loop
      vertex 19.5646 2.49 7.06459
      vertex 19.426 0 7.11418
      vertex 19.426 2.49 7.11418
    endloop
  endfacet
  facet normal 0.427491 0 0.90402
    outer loop
      vertex 20.574 -1 9.88582
      vertex 20.7071 -1.01 9.82288
      vertex 20.7071 -1 9.82288
    endloop
  endfacet
  facet normal 0.427491 0 0.90402
    outer loop
      vertex 20.7071 -1.01 9.82288
      vertex 20.574 -1 9.88582
      vertex 20.574 -1.01 9.88582
    endloop
  endfacet
  facet normal 0.427491 0 0.90402
    outer loop
      vertex 20.574 2.49 9.88582
      vertex 20.7071 0 9.82288
      vertex 20.7071 2.49 9.82288
    endloop
  endfacet
  facet normal 0.427491 0 0.90402
    outer loop
      vertex 20.7071 0 9.82288
      vertex 20.574 2.49 9.88582
      vertex 20.574 0 9.88582
    endloop
  endfacet
  facet normal 0.941519 -0 0.33696
    outer loop
      vertex 21.3858 -1.01 9.07402
      vertex 21.4354 -1 8.93543
      vertex 21.3858 -1 9.07402
    endloop
  endfacet
  facet normal 0.941519 0 0.33696
    outer loop
      vertex 21.4354 -1 8.93543
      vertex 21.3858 -1.01 9.07402
      vertex 21.4354 -1.01 8.93543
    endloop
  endfacet
  facet normal 0.941519 -0 0.33696
    outer loop
      vertex 21.3858 0 9.07402
      vertex 21.4354 2.49 8.93543
      vertex 21.3858 2.49 9.07402
    endloop
  endfacet
  facet normal 0.941519 0 0.33696
    outer loop
      vertex 21.4354 2.49 8.93543
      vertex 21.3858 0 9.07402
      vertex 21.4354 0 8.93543
    endloop
  endfacet
  facet normal 0.857661 -0 0.514216
    outer loop
      vertex 21.2472 -1.01 9.33335
      vertex 21.3229 -1 9.20709
      vertex 21.2472 -1 9.33335
    endloop
  endfacet
  facet normal 0.857661 0 0.514216
    outer loop
      vertex 21.3229 -1 9.20709
      vertex 21.2472 -1.01 9.33335
      vertex 21.3229 -1.01 9.20709
    endloop
  endfacet
  facet normal 0.857661 -0 0.514216
    outer loop
      vertex 21.2472 0 9.33335
      vertex 21.3229 2.49 9.20709
      vertex 21.2472 2.49 9.33335
    endloop
  endfacet
  facet normal 0.857661 0 0.514216
    outer loop
      vertex 21.3229 2.49 9.20709
      vertex 21.2472 0 9.33335
      vertex 21.3229 0 9.20709
    endloop
  endfacet
  facet normal 0.427491 0 -0.90402
    outer loop
      vertex 20.574 -1.01 7.11418
      vertex 20.7071 -1 7.17712
      vertex 20.7071 -1.01 7.17712
    endloop
  endfacet
  facet normal 0.427491 0 -0.90402
    outer loop
      vertex 20.7071 -1 7.17712
      vertex 20.574 -1.01 7.11418
      vertex 20.574 -1 7.11418
    endloop
  endfacet
  facet normal 0.427491 0 -0.90402
    outer loop
      vertex 20.574 0 7.11418
      vertex 20.7071 2.49 7.17712
      vertex 20.7071 0 7.17712
    endloop
  endfacet
  facet normal 0.427491 0 -0.90402
    outer loop
      vertex 20.7071 2.49 7.17712
      vertex 20.574 0 7.11418
      vertex 20.574 2.49 7.11418
    endloop
  endfacet
  facet normal 0.989174 0 -0.146746
    outer loop
      vertex 21.4928 -1.01 8.35297
      vertex 21.4712 -1 8.20737
      vertex 21.4928 -1 8.35297
    endloop
  endfacet
  facet normal 0.989174 0 -0.146746
    outer loop
      vertex 21.4712 -1 8.20737
      vertex 21.4928 -1.01 8.35297
      vertex 21.4712 -1.01 8.20737
    endloop
  endfacet
  facet normal 0.989174 0 -0.146746
    outer loop
      vertex 21.4928 0 8.35297
      vertex 21.4712 2.49 8.20737
      vertex 21.4928 2.49 8.35297
    endloop
  endfacet
  facet normal 0.989174 0 -0.146746
    outer loop
      vertex 21.4712 2.49 8.20737
      vertex 21.4928 0 8.35297
      vertex 21.4712 0 8.20737
    endloop
  endfacet
  facet normal -0.336879 0 0.941548
    outer loop
      vertex 19.426 2.49 9.88582
      vertex 19.5646 0 9.93541
      vertex 19.5646 2.49 9.93541
    endloop
  endfacet
  facet normal -0.336879 0 0.941548
    outer loop
      vertex 19.5646 0 9.93541
      vertex 19.426 2.49 9.88582
      vertex 19.426 0 9.88582
    endloop
  endfacet
  facet normal -0.336879 0 0.941548
    outer loop
      vertex 19.426 -1 9.88582
      vertex 19.5646 -1.01 9.93541
      vertex 19.5646 -1 9.93541
    endloop
  endfacet
  facet normal -0.336879 0 0.941548
    outer loop
      vertex 19.5646 -1.01 9.93541
      vertex 19.426 -1 9.88582
      vertex 19.426 -1.01 9.88582
    endloop
  endfacet
  facet normal 0 -1 0
    outer loop
      vertex 19.853 -1.01 9.99278
      vertex 20.147 -1.01 9.99278
      vertex 20 -1.01 10
    endloop
  endfacet
  facet normal 0 -1 0
    outer loop
      vertex 19.7074 -1.01 9.97118
      vertex 20.147 -1.01 9.99278
      vertex 19.853 -1.01 9.99278
    endloop
  endfacet
  facet normal 0 -1 0
    outer loop
      vertex 19.7074 -1.01 9.97118
      vertex 20.2926 -1.01 9.97118
      vertex 20.147 -1.01 9.99278
    endloop
  endfacet
  facet normal 0 -1 0
    outer loop
      vertex 19.5646 -1.01 9.93541
      vertex 20.2926 -1.01 9.97118
      vertex 19.7074 -1.01 9.97118
    endloop
  endfacet
  facet normal 0 -1 0
    outer loop
      vertex 19.5646 -1.01 9.93541
      vertex 20.4354 -1.01 9.93541
      vertex 20.2926 -1.01 9.97118
    endloop
  endfacet
  facet normal 0 -1 0
    outer loop
      vertex 19.426 -1.01 9.88582
      vertex 20.4354 -1.01 9.93541
      vertex 19.5646 -1.01 9.93541
    endloop
  endfacet
  facet normal 0 -1 0
    outer loop
      vertex 19.426 -1.01 9.88582
      vertex 20.574 -1.01 9.88582
      vertex 20.4354 -1.01 9.93541
    endloop
  endfacet
  facet normal 0 -1 0
    outer loop
      vertex 19.2929 -1.01 9.82288
      vertex 20.574 -1.01 9.88582
      vertex 19.426 -1.01 9.88582
    endloop
  endfacet
  facet normal 0 -1 0
    outer loop
      vertex 19.2929 -1.01 9.82288
      vertex 20.7071 -1.01 9.82288
      vertex 20.574 -1.01 9.88582
    endloop
  endfacet
  facet normal 0 -1 0
    outer loop
      vertex 19.1666 -1.01 9.7472
      vertex 20.7071 -1.01 9.82288
      vertex 19.2929 -1.01 9.82288
    endloop
  endfacet
  facet normal 0 -1 0
    outer loop
      vertex 19.1666 -1.01 9.7472
      vertex 20.8334 -1.01 9.7472
      vertex 20.7071 -1.01 9.82288
    endloop
  endfacet
  facet normal 0 -1 0
    outer loop
      vertex 19.0484 -1.01 9.65952
      vertex 20.8334 -1.01 9.7472
      vertex 19.1666 -1.01 9.7472
    endloop
  endfacet
  facet normal 0 -1 0
    outer loop
      vertex 19.0484 -1.01 9.65952
      vertex 20.9516 -1.01 9.65952
      vertex 20.8334 -1.01 9.7472
    endloop
  endfacet
  facet normal 0 -1 0
    outer loop
      vertex 18.9393 -1.01 9.56066
      vertex 20.9516 -1.01 9.65952
      vertex 19.0484 -1.01 9.65952
    endloop
  endfacet
  facet normal 0 -1 0
    outer loop
      vertex 18.9393 -1.01 9.56066
      vertex 21.0607 -1.01 9.56066
      vertex 20.9516 -1.01 9.65952
    endloop
  endfacet
  facet normal 0 -1 0
    outer loop
      vertex 18.8405 -1.01 9.45159
      vertex 21.0607 -1.01 9.56066
      vertex 18.9393 -1.01 9.56066
    endloop
  endfacet
  facet normal 0 -1 0
    outer loop
      vertex 18.8405 -1.01 9.45159
      vertex 21.1595 -1.01 9.45159
      vertex 21.0607 -1.01 9.56066
    endloop
  endfacet
  facet normal 0 -1 0
    outer loop
      vertex 18.7528 -1.01 9.33335
      vertex 21.1595 -1.01 9.45159
      vertex 18.8405 -1.01 9.45159
    endloop
  endfacet
  facet normal 0 -1 0
    outer loop
      vertex 18.7528 -1.01 9.33335
      vertex 21.2472 -1.01 9.33335
      vertex 21.1595 -1.01 9.45159
    endloop
  endfacet
  facet normal 0 -1 0
    outer loop
      vertex 18.6771 -1.01 9.20709
      vertex 21.2472 -1.01 9.33335
      vertex 18.7528 -1.01 9.33335
    endloop
  endfacet
  facet normal 0 -1 0
    outer loop
      vertex 18.6771 -1.01 9.20709
      vertex 21.3229 -1.01 9.20709
      vertex 21.2472 -1.01 9.33335
    endloop
  endfacet
  facet normal 0 -1 0
    outer loop
      vertex 18.6142 -1.01 9.07402
      vertex 21.3229 -1.01 9.20709
      vertex 18.6771 -1.01 9.20709
    endloop
  endfacet
  facet normal 0 -1 0
    outer loop
      vertex 18.6142 -1.01 9.07402
      vertex 21.3858 -1.01 9.07402
      vertex 21.3229 -1.01 9.20709
    endloop
  endfacet
  facet normal 0 -1 0
    outer loop
      vertex 18.5646 -1.01 8.93543
      vertex 21.3858 -1.01 9.07402
      vertex 18.6142 -1.01 9.07402
    endloop
  endfacet
  facet normal 0 -1 0
    outer loop
      vertex 18.5646 -1.01 8.93543
      vertex 21.4354 -1.01 8.93543
      vertex 21.3858 -1.01 9.07402
    endloop
  endfacet
  facet normal 0 -1 0
    outer loop
      vertex 18.5288 -1.01 8.79263
      vertex 21.4354 -1.01 8.93543
      vertex 18.5646 -1.01 8.93543
    endloop
  endfacet
  facet normal 0 -1 0
    outer loop
      vertex 18.5288 -1.01 8.79263
      vertex 21.4712 -1.01 8.79263
      vertex 21.4354 -1.01 8.93543
    endloop
  endfacet
  facet normal 0 -1 0
    outer loop
      vertex 18.5072 -1.01 8.64703
      vertex 21.4712 -1.01 8.79263
      vertex 18.5288 -1.01 8.79263
    endloop
  endfacet
  facet normal 0 -1 0
    outer loop
      vertex 18.5072 -1.01 8.64703
      vertex 21.4928 -1.01 8.64703
      vertex 21.4712 -1.01 8.79263
    endloop
  endfacet
  facet normal 0 -1 0
    outer loop
      vertex 18.5 -1.01 8.5
      vertex 21.4928 -1.01 8.64703
      vertex 18.5072 -1.01 8.64703
    endloop
  endfacet
  facet normal 0 -1 0
    outer loop
      vertex 18.5 -1.01 8.5
      vertex 21.5 -1.01 8.5
      vertex 21.4928 -1.01 8.64703
    endloop
  endfacet
  facet normal 0 -1 0
    outer loop
      vertex 18.5072 -1.01 8.35297
      vertex 21.5 -1.01 8.5
      vertex 18.5 -1.01 8.5
    endloop
  endfacet
  facet normal 0 -1 0
    outer loop
      vertex 18.5072 -1.01 8.35297
      vertex 21.4928 -1.01 8.35297
      vertex 21.5 -1.01 8.5
    endloop
  endfacet
  facet normal 0 -1 0
    outer loop
      vertex 18.5288 -1.01 8.20737
      vertex 21.4928 -1.01 8.35297
      vertex 18.5072 -1.01 8.35297
    endloop
  endfacet
  facet normal 0 -1 0
    outer loop
      vertex 18.5288 -1.01 8.20737
      vertex 21.4712 -1.01 8.20737
      vertex 21.4928 -1.01 8.35297
    endloop
  endfacet
  facet normal 0 -1 0
    outer loop
      vertex 18.5646 -1.01 8.06457
      vertex 21.4712 -1.01 8.20737
      vertex 18.5288 -1.01 8.20737
    endloop
  endfacet
  facet normal 0 -1 0
    outer loop
      vertex 18.5646 -1.01 8.06457
      vertex 21.4354 -1.01 8.06457
      vertex 21.4712 -1.01 8.20737
    endloop
  endfacet
  facet normal 0 -1 0
    outer loop
      vertex 18.6142 -1.01 7.92598
      vertex 21.4354 -1.01 8.06457
      vertex 18.5646 -1.01 8.06457
    endloop
  endfacet
  facet normal 0 -1 0
    outer loop
      vertex 18.6142 -1.01 7.92598
      vertex 21.3858 -1.01 7.92598
      vertex 21.4354 -1.01 8.06457
    endloop
  endfacet
  facet normal 0 -1 0
    outer loop
      vertex 18.6771 -1.01 7.79291
      vertex 21.3858 -1.01 7.92598
      vertex 18.6142 -1.01 7.92598
    endloop
  endfacet
  facet normal 0 -1 0
    outer loop
      vertex 18.6771 -1.01 7.79291
      vertex 21.3229 -1.01 7.79291
      vertex 21.3858 -1.01 7.92598
    endloop
  endfacet
  facet normal 0 -1 0
    outer loop
      vertex 18.7528 -1.01 7.66665
      vertex 21.3229 -1.01 7.79291
      vertex 18.6771 -1.01 7.79291
    endloop
  endfacet
  facet normal 0 -1 0
    outer loop
      vertex 18.7528 -1.01 7.66665
      vertex 21.2472 -1.01 7.66665
      vertex 21.3229 -1.01 7.79291
    endloop
  endfacet
  facet normal 0 -1 0
    outer loop
      vertex 18.8405 -1.01 7.54841
      vertex 21.2472 -1.01 7.66665
      vertex 18.7528 -1.01 7.66665
    endloop
  endfacet
  facet normal 0 -1 0
    outer loop
      vertex 18.8405 -1.01 7.54841
      vertex 21.1595 -1.01 7.54841
      vertex 21.2472 -1.01 7.66665
    endloop
  endfacet
  facet normal 0 -1 0
    outer loop
      vertex 18.9393 -1.01 7.43934
      vertex 21.1595 -1.01 7.54841
      vertex 18.8405 -1.01 7.54841
    endloop
  endfacet
  facet normal 0 -1 0
    outer loop
      vertex 18.9393 -1.01 7.43934
      vertex 21.0607 -1.01 7.43934
      vertex 21.1595 -1.01 7.54841
    endloop
  endfacet
  facet normal 0 -1 0
    outer loop
      vertex 19.0484 -1.01 7.34048
      vertex 21.0607 -1.01 7.43934
      vertex 18.9393 -1.01 7.43934
    endloop
  endfacet
  facet normal 0 -1 0
    outer loop
      vertex 19.0484 -1.01 7.34048
      vertex 20.9516 -1.01 7.34048
      vertex 21.0607 -1.01 7.43934
    endloop
  endfacet
  facet normal 0 -1 0
    outer loop
      vertex 19.1666 -1.01 7.2528
      vertex 20.9516 -1.01 7.34048
      vertex 19.0484 -1.01 7.34048
    endloop
  endfacet
  facet normal 0 -1 0
    outer loop
      vertex 19.1666 -1.01 7.2528
      vertex 20.8334 -1.01 7.2528
      vertex 20.9516 -1.01 7.34048
    endloop
  endfacet
  facet normal 0 -1 0
    outer loop
      vertex 19.2929 -1.01 7.17712
      vertex 20.8334 -1.01 7.2528
      vertex 19.1666 -1.01 7.2528
    endloop
  endfacet
  facet normal 0 -1 0
    outer loop
      vertex 19.2929 -1.01 7.17712
      vertex 20.7071 -1.01 7.17712
      vertex 20.8334 -1.01 7.2528
    endloop
  endfacet
  facet normal 0 -1 0
    outer loop
      vertex 19.426 -1.01 7.11418
      vertex 20.7071 -1.01 7.17712
      vertex 19.2929 -1.01 7.17712
    endloop
  endfacet
  facet normal 0 -1 0
    outer loop
      vertex 19.426 -1.01 7.11418
      vertex 20.574 -1.01 7.11418
      vertex 20.7071 -1.01 7.17712
    endloop
  endfacet
  facet normal 0 -1 0
    outer loop
      vertex 19.5646 -1.01 7.06459
      vertex 20.574 -1.01 7.11418
      vertex 19.426 -1.01 7.11418
    endloop
  endfacet
  facet normal 0 -1 0
    outer loop
      vertex 19.5646 -1.01 7.06459
      vertex 20.4354 -1.01 7.06459
      vertex 20.574 -1.01 7.11418
    endloop
  endfacet
  facet normal 0 -1 0
    outer loop
      vertex 19.7074 -1.01 7.02882
      vertex 20.4354 -1.01 7.06459
      vertex 19.5646 -1.01 7.06459
    endloop
  endfacet
  facet normal 0 -1 0
    outer loop
      vertex 19.7074 -1.01 7.02882
      vertex 20.2926 -1.01 7.02882
      vertex 20.4354 -1.01 7.06459
    endloop
  endfacet
  facet normal 0 -1 0
    outer loop
      vertex 19.853 -1.01 7.00722
      vertex 20.2926 -1.01 7.02882
      vertex 19.7074 -1.01 7.02882
    endloop
  endfacet
  facet normal 0 -1 0
    outer loop
      vertex 19.853 -1.01 7.00722
      vertex 20.147 -1.01 7.00722
      vertex 20.2926 -1.01 7.02882
    endloop
  endfacet
  facet normal -0 -1 0
    outer loop
      vertex 20.147 -1.01 7.00722
      vertex 19.853 -1.01 7.00722
      vertex 20 -1.01 7
    endloop
  endfacet
  facet normal 0.242983 0 0.970031
    outer loop
      vertex 20.2926 -1 9.97118
      vertex 20.4354 -1.01 9.93541
      vertex 20.4354 -1 9.93541
    endloop
  endfacet
  facet normal 0.242983 0 0.970031
    outer loop
      vertex 20.4354 -1.01 9.93541
      vertex 20.2926 -1 9.97118
      vertex 20.2926 -1.01 9.97118
    endloop
  endfacet
  facet normal 0.242983 0 0.970031
    outer loop
      vertex 20.2926 2.49 9.97118
      vertex 20.4354 0 9.93541
      vertex 20.4354 2.49 9.93541
    endloop
  endfacet
  facet normal 0.242983 0 0.970031
    outer loop
      vertex 20.4354 0 9.93541
      vertex 20.2926 2.49 9.97118
      vertex 20.2926 0 9.97118
    endloop
  endfacet
  facet normal 0.146746 0 0.989174
    outer loop
      vertex 20.147 -1 9.99278
      vertex 20.2926 -1.01 9.97118
      vertex 20.2926 -1 9.97118
    endloop
  endfacet
  facet normal 0.146746 0 0.989174
    outer loop
      vertex 20.2926 -1.01 9.97118
      vertex 20.147 -1 9.99278
      vertex 20.147 -1.01 9.99278
    endloop
  endfacet
  facet normal 0.146746 0 0.989174
    outer loop
      vertex 20.147 2.49 9.99278
      vertex 20.2926 0 9.97118
      vertex 20.2926 2.49 9.97118
    endloop
  endfacet
  facet normal 0.146746 0 0.989174
    outer loop
      vertex 20.2926 0 9.97118
      vertex 20.147 2.49 9.99278
      vertex 20.147 0 9.99278
    endloop
  endfacet
  facet normal 0.336879 0 0.941548
    outer loop
      vertex 20.4354 -1 9.93541
      vertex 20.574 -1.01 9.88582
      vertex 20.574 -1 9.88582
    endloop
  endfacet
  facet normal 0.336879 0 0.941548
    outer loop
      vertex 20.574 -1.01 9.88582
      vertex 20.4354 -1 9.93541
      vertex 20.4354 -1.01 9.93541
    endloop
  endfacet
  facet normal 0.336879 0 0.941548
    outer loop
      vertex 20.4354 2.49 9.93541
      vertex 20.574 0 9.88582
      vertex 20.574 2.49 9.88582
    endloop
  endfacet
  facet normal 0.336879 0 0.941548
    outer loop
      vertex 20.574 0 9.88582
      vertex 20.4354 2.49 9.93541
      vertex 20.4354 0 9.93541
    endloop
  endfacet
  facet normal 0.595773 0 0.803153
    outer loop
      vertex 20.8334 -1 9.7472
      vertex 20.9516 -1.01 9.65952
      vertex 20.9516 -1 9.65952
    endloop
  endfacet
  facet normal 0.595773 0 0.803153
    outer loop
      vertex 20.9516 -1.01 9.65952
      vertex 20.8334 -1 9.7472
      vertex 20.8334 -1.01 9.7472
    endloop
  endfacet
  facet normal 0.595773 0 0.803153
    outer loop
      vertex 20.8334 2.49 9.7472
      vertex 20.9516 0 9.65952
      vertex 20.9516 2.49 9.65952
    endloop
  endfacet
  facet normal 0.595773 0 0.803153
    outer loop
      vertex 20.9516 0 9.65952
      vertex 20.8334 2.49 9.7472
      vertex 20.8334 0 9.7472
    endloop
  endfacet
  facet normal 0.671475 0 0.741027
    outer loop
      vertex 20.9516 -1 9.65952
      vertex 21.0607 -1.01 9.56066
      vertex 21.0607 -1 9.56066
    endloop
  endfacet
  facet normal 0.671475 0 0.741027
    outer loop
      vertex 21.0607 -1.01 9.56066
      vertex 20.9516 -1 9.65952
      vertex 20.9516 -1.01 9.65952
    endloop
  endfacet
  facet normal 0.671475 0 0.741027
    outer loop
      vertex 20.9516 2.49 9.65952
      vertex 21.0607 0 9.56066
      vertex 21.0607 2.49 9.56066
    endloop
  endfacet
  facet normal 0.671475 0 0.741027
    outer loop
      vertex 21.0607 0 9.56066
      vertex 20.9516 2.49 9.65952
      vertex 20.9516 0 9.65952
    endloop
  endfacet
  facet normal 0.513996 0 0.857792
    outer loop
      vertex 20.7071 -1 9.82288
      vertex 20.8334 -1.01 9.7472
      vertex 20.8334 -1 9.7472
    endloop
  endfacet
  facet normal 0.513996 0 0.857792
    outer loop
      vertex 20.8334 -1.01 9.7472
      vertex 20.7071 -1 9.82288
      vertex 20.7071 -1.01 9.82288
    endloop
  endfacet
  facet normal 0.513996 0 0.857792
    outer loop
      vertex 20.7071 2.49 9.82288
      vertex 20.8334 0 9.7472
      vertex 20.8334 2.49 9.7472
    endloop
  endfacet
  facet normal 0.513996 0 0.857792
    outer loop
      vertex 20.8334 0 9.7472
      vertex 20.7071 2.49 9.82288
      vertex 20.7071 0 9.82288
    endloop
  endfacet
  facet normal 0.969982 -0 0.243175
    outer loop
      vertex 21.4354 -1.01 8.93543
      vertex 21.4712 -1 8.79263
      vertex 21.4354 -1 8.93543
    endloop
  endfacet
  facet normal 0.969982 0 0.243175
    outer loop
      vertex 21.4712 -1 8.79263
      vertex 21.4354 -1.01 8.93543
      vertex 21.4712 -1.01 8.79263
    endloop
  endfacet
  facet normal 0.969982 -0 0.243175
    outer loop
      vertex 21.4354 0 8.93543
      vertex 21.4712 2.49 8.79263
      vertex 21.4354 2.49 8.93543
    endloop
  endfacet
  facet normal 0.969982 0 0.243175
    outer loop
      vertex 21.4712 2.49 8.79263
      vertex 21.4354 0 8.93543
      vertex 21.4712 0 8.79263
    endloop
  endfacet
  facet normal 0.989174 -0 0.146746
    outer loop
      vertex 21.4712 -1.01 8.79263
      vertex 21.4928 -1 8.64703
      vertex 21.4712 -1 8.79263
    endloop
  endfacet
  facet normal 0.989174 0 0.146746
    outer loop
      vertex 21.4928 -1 8.64703
      vertex 21.4712 -1.01 8.79263
      vertex 21.4928 -1.01 8.64703
    endloop
  endfacet
  facet normal 0.989174 -0 0.146746
    outer loop
      vertex 21.4712 0 8.79263
      vertex 21.4928 2.49 8.64703
      vertex 21.4712 2.49 8.79263
    endloop
  endfacet
  facet normal 0.989174 0 0.146746
    outer loop
      vertex 21.4928 2.49 8.64703
      vertex 21.4712 0 8.79263
      vertex 21.4928 0 8.64703
    endloop
  endfacet
  facet normal 0.904088 -0 0.427347
    outer loop
      vertex 21.3229 -1.01 9.20709
      vertex 21.3858 -1 9.07402
      vertex 21.3229 -1 9.20709
    endloop
  endfacet
  facet normal 0.904088 0 0.427347
    outer loop
      vertex 21.3858 -1 9.07402
      vertex 21.3229 -1.01 9.20709
      vertex 21.3858 -1.01 9.07402
    endloop
  endfacet
  facet normal 0.904088 -0 0.427347
    outer loop
      vertex 21.3229 0 9.20709
      vertex 21.3858 2.49 9.07402
      vertex 21.3229 2.49 9.20709
    endloop
  endfacet
  facet normal 0.904088 0 0.427347
    outer loop
      vertex 21.3858 2.49 9.07402
      vertex 21.3229 0 9.20709
      vertex 21.3858 0 9.07402
    endloop
  endfacet
  facet normal 0.803184 -0 0.595731
    outer loop
      vertex 21.1595 -1.01 9.45159
      vertex 21.2472 -1 9.33335
      vertex 21.1595 -1 9.45159
    endloop
  endfacet
  facet normal 0.803184 0 0.595731
    outer loop
      vertex 21.2472 -1 9.33335
      vertex 21.1595 -1.01 9.45159
      vertex 21.2472 -1.01 9.33335
    endloop
  endfacet
  facet normal 0.803184 -0 0.595731
    outer loop
      vertex 21.1595 0 9.45159
      vertex 21.2472 2.49 9.33335
      vertex 21.1595 2.49 9.45159
    endloop
  endfacet
  facet normal 0.803184 0 0.595731
    outer loop
      vertex 21.2472 2.49 9.33335
      vertex 21.1595 0 9.45159
      vertex 21.2472 0 9.33335
    endloop
  endfacet
  facet normal 0.242983 0 -0.970031
    outer loop
      vertex 20.2926 -1.01 7.02882
      vertex 20.4354 -1 7.06459
      vertex 20.4354 -1.01 7.06459
    endloop
  endfacet
  facet normal 0.242983 0 -0.970031
    outer loop
      vertex 20.4354 -1 7.06459
      vertex 20.2926 -1.01 7.02882
      vertex 20.2926 -1 7.02882
    endloop
  endfacet
  facet normal 0.242983 0 -0.970031
    outer loop
      vertex 20.2926 0 7.02882
      vertex 20.4354 2.49 7.06459
      vertex 20.4354 0 7.06459
    endloop
  endfacet
  facet normal 0.242983 0 -0.970031
    outer loop
      vertex 20.4354 2.49 7.06459
      vertex 20.2926 0 7.02882
      vertex 20.2926 2.49 7.02882
    endloop
  endfacet
  facet normal 0.595773 0 -0.803153
    outer loop
      vertex 20.8334 -1.01 7.2528
      vertex 20.9516 -1 7.34048
      vertex 20.9516 -1.01 7.34048
    endloop
  endfacet
  facet normal 0.595773 0 -0.803153
    outer loop
      vertex 20.9516 -1 7.34048
      vertex 20.8334 -1.01 7.2528
      vertex 20.8334 -1 7.2528
    endloop
  endfacet
  facet normal 0.595773 0 -0.803153
    outer loop
      vertex 20.8334 0 7.2528
      vertex 20.9516 2.49 7.34048
      vertex 20.9516 0 7.34048
    endloop
  endfacet
  facet normal 0.595773 0 -0.803153
    outer loop
      vertex 20.9516 2.49 7.34048
      vertex 20.8334 0 7.2528
      vertex 20.8334 2.49 7.2528
    endloop
  endfacet
  facet normal 0.671475 0 -0.741027
    outer loop
      vertex 20.9516 -1.01 7.34048
      vertex 21.0607 -1 7.43934
      vertex 21.0607 -1.01 7.43934
    endloop
  endfacet
  facet normal 0.671475 0 -0.741027
    outer loop
      vertex 21.0607 -1 7.43934
      vertex 20.9516 -1.01 7.34048
      vertex 20.9516 -1 7.34048
    endloop
  endfacet
  facet normal 0.671475 0 -0.741027
    outer loop
      vertex 20.9516 0 7.34048
      vertex 21.0607 2.49 7.43934
      vertex 21.0607 0 7.43934
    endloop
  endfacet
  facet normal 0.671475 0 -0.741027
    outer loop
      vertex 21.0607 2.49 7.43934
      vertex 20.9516 0 7.34048
      vertex 20.9516 2.49 7.34048
    endloop
  endfacet
  facet normal 0.513996 0 -0.857792
    outer loop
      vertex 20.7071 -1.01 7.17712
      vertex 20.8334 -1 7.2528
      vertex 20.8334 -1.01 7.2528
    endloop
  endfacet
  facet normal 0.513996 0 -0.857792
    outer loop
      vertex 20.8334 -1 7.2528
      vertex 20.7071 -1.01 7.17712
      vertex 20.7071 -1 7.17712
    endloop
  endfacet
  facet normal 0.513996 0 -0.857792
    outer loop
      vertex 20.7071 0 7.17712
      vertex 20.8334 2.49 7.2528
      vertex 20.8334 0 7.2528
    endloop
  endfacet
  facet normal 0.513996 0 -0.857792
    outer loop
      vertex 20.8334 2.49 7.2528
      vertex 20.7071 0 7.17712
      vertex 20.7071 2.49 7.17712
    endloop
  endfacet
  facet normal 0.336879 0 -0.941548
    outer loop
      vertex 20.4354 -1.01 7.06459
      vertex 20.574 -1 7.11418
      vertex 20.574 -1.01 7.11418
    endloop
  endfacet
  facet normal 0.336879 0 -0.941548
    outer loop
      vertex 20.574 -1 7.11418
      vertex 20.4354 -1.01 7.06459
      vertex 20.4354 -1 7.06459
    endloop
  endfacet
  facet normal 0.336879 0 -0.941548
    outer loop
      vertex 20.4354 0 7.06459
      vertex 20.574 2.49 7.11418
      vertex 20.574 0 7.11418
    endloop
  endfacet
  facet normal 0.336879 0 -0.941548
    outer loop
      vertex 20.574 2.49 7.11418
      vertex 20.4354 0 7.06459
      vertex 20.4354 2.49 7.06459
    endloop
  endfacet
  facet normal 0.146746 0 -0.989174
    outer loop
      vertex 20.147 -1.01 7.00722
      vertex 20.2926 -1 7.02882
      vertex 20.2926 -1.01 7.02882
    endloop
  endfacet
  facet normal 0.146746 0 -0.989174
    outer loop
      vertex 20.2926 -1 7.02882
      vertex 20.147 -1.01 7.00722
      vertex 20.147 -1 7.00722
    endloop
  endfacet
  facet normal 0.146746 0 -0.989174
    outer loop
      vertex 20.147 0 7.00722
      vertex 20.2926 2.49 7.02882
      vertex 20.2926 0 7.02882
    endloop
  endfacet
  facet normal 0.146746 0 -0.989174
    outer loop
      vertex 20.2926 2.49 7.02882
      vertex 20.147 0 7.00722
      vertex 20.147 2.49 7.00722
    endloop
  endfacet
  facet normal 0.857661 0 -0.514216
    outer loop
      vertex 21.3229 -1.01 7.79291
      vertex 21.2472 -1 7.66665
      vertex 21.3229 -1 7.79291
    endloop
  endfacet
  facet normal 0.857661 0 -0.514216
    outer loop
      vertex 21.2472 -1 7.66665
      vertex 21.3229 -1.01 7.79291
      vertex 21.2472 -1.01 7.66665
    endloop
  endfacet
  facet normal 0.857661 0 -0.514216
    outer loop
      vertex 21.3229 0 7.79291
      vertex 21.2472 2.49 7.66665
      vertex 21.3229 2.49 7.79291
    endloop
  endfacet
  facet normal 0.857661 0 -0.514216
    outer loop
      vertex 21.2472 2.49 7.66665
      vertex 21.3229 0 7.79291
      vertex 21.2472 0 7.66665
    endloop
  endfacet
  facet normal 0.904088 0 -0.427347
    outer loop
      vertex 21.3858 -1.01 7.92598
      vertex 21.3229 -1 7.79291
      vertex 21.3858 -1 7.92598
    endloop
  endfacet
  facet normal 0.904088 0 -0.427347
    outer loop
      vertex 21.3229 -1 7.79291
      vertex 21.3858 -1.01 7.92598
      vertex 21.3229 -1.01 7.79291
    endloop
  endfacet
  facet normal 0.904088 0 -0.427347
    outer loop
      vertex 21.3858 0 7.92598
      vertex 21.3229 2.49 7.79291
      vertex 21.3858 2.49 7.92598
    endloop
  endfacet
  facet normal 0.904088 0 -0.427347
    outer loop
      vertex 21.3229 2.49 7.79291
      vertex 21.3858 0 7.92598
      vertex 21.3229 0 7.79291
    endloop
  endfacet
  facet normal 0.803184 0 -0.595731
    outer loop
      vertex 21.2472 -1.01 7.66665
      vertex 21.1595 -1 7.54841
      vertex 21.2472 -1 7.66665
    endloop
  endfacet
  facet normal 0.803184 0 -0.595731
    outer loop
      vertex 21.1595 -1 7.54841
      vertex 21.2472 -1.01 7.66665
      vertex 21.1595 -1.01 7.54841
    endloop
  endfacet
  facet normal 0.803184 0 -0.595731
    outer loop
      vertex 21.2472 0 7.66665
      vertex 21.1595 2.49 7.54841
      vertex 21.2472 2.49 7.66665
    endloop
  endfacet
  facet normal 0.803184 0 -0.595731
    outer loop
      vertex 21.1595 2.49 7.54841
      vertex 21.2472 0 7.66665
      vertex 21.1595 0 7.54841
    endloop
  endfacet
  facet normal 0.969982 0 -0.243175
    outer loop
      vertex 21.4712 -1.01 8.20737
      vertex 21.4354 -1 8.06457
      vertex 21.4712 -1 8.20737
    endloop
  endfacet
  facet normal 0.969982 0 -0.243175
    outer loop
      vertex 21.4354 -1 8.06457
      vertex 21.4712 -1.01 8.20737
      vertex 21.4354 -1.01 8.06457
    endloop
  endfacet
  facet normal 0.969982 0 -0.243175
    outer loop
      vertex 21.4712 0 8.20737
      vertex 21.4354 2.49 8.06457
      vertex 21.4712 2.49 8.20737
    endloop
  endfacet
  facet normal 0.969982 0 -0.243175
    outer loop
      vertex 21.4354 2.49 8.06457
      vertex 21.4712 0 8.20737
      vertex 21.4354 0 8.06457
    endloop
  endfacet
  facet normal 0.998803 0 -0.048911
    outer loop
      vertex 21.5 -1.01 8.5
      vertex 21.4928 -1 8.35297
      vertex 21.5 -1 8.5
    endloop
  endfacet
  facet normal 0.998803 0 -0.048911
    outer loop
      vertex 21.4928 -1 8.35297
      vertex 21.5 -1.01 8.5
      vertex 21.4928 -1.01 8.35297
    endloop
  endfacet
  facet normal 0.998803 0 -0.048911
    outer loop
      vertex 21.5 0 8.5
      vertex 21.4928 2.49 8.35297
      vertex 21.5 2.49 8.5
    endloop
  endfacet
  facet normal 0.998803 0 -0.048911
    outer loop
      vertex 21.4928 2.49 8.35297
      vertex 21.5 0 8.5
      vertex 21.4928 0 8.35297
    endloop
  endfacet
  facet normal -0.0490565 0 0.998796
    outer loop
      vertex 19.853 -1 9.99278
      vertex 20 -1.01 10
      vertex 20 -1 10
    endloop
  endfacet
  facet normal -0.0490565 0 0.998796
    outer loop
      vertex 20 -1.01 10
      vertex 19.853 -1 9.99278
      vertex 19.853 -1.01 9.99278
    endloop
  endfacet
  facet normal -0.0490565 0 0.998796
    outer loop
      vertex 19.853 2.49 9.99278
      vertex 20 0 10
      vertex 20 2.49 10
    endloop
  endfacet
  facet normal -0.0490565 0 0.998796
    outer loop
      vertex 20 0 10
      vertex 19.853 2.49 9.99278
      vertex 19.853 0 9.99278
    endloop
  endfacet
  facet normal -0.969982 0 0.243175
    outer loop
      vertex 18.5288 -1.01 8.79263
      vertex 18.5646 -1 8.93543
      vertex 18.5288 -1 8.79263
    endloop
  endfacet
  facet normal -0.969982 0 0.243175
    outer loop
      vertex 18.5646 -1 8.93543
      vertex 18.5288 -1.01 8.79263
      vertex 18.5646 -1.01 8.93543
    endloop
  endfacet
  facet normal -0.969982 0 0.243175
    outer loop
      vertex 18.5288 0 8.79263
      vertex 18.5646 2.49 8.93543
      vertex 18.5288 2.49 8.79263
    endloop
  endfacet
  facet normal -0.969982 0 0.243175
    outer loop
      vertex 18.5646 2.49 8.93543
      vertex 18.5288 0 8.79263
      vertex 18.5646 0 8.93543
    endloop
  endfacet
  facet normal -0.998803 0 0.048911
    outer loop
      vertex 18.5 -1.01 8.5
      vertex 18.5072 -1 8.64703
      vertex 18.5 -1 8.5
    endloop
  endfacet
  facet normal -0.998803 0 0.048911
    outer loop
      vertex 18.5072 -1 8.64703
      vertex 18.5 -1.01 8.5
      vertex 18.5072 -1.01 8.64703
    endloop
  endfacet
  facet normal -0.998803 0 0.048911
    outer loop
      vertex 18.5 0 8.5
      vertex 18.5072 2.49 8.64703
      vertex 18.5 2.49 8.5
    endloop
  endfacet
  facet normal -0.998803 0 0.048911
    outer loop
      vertex 18.5072 2.49 8.64703
      vertex 18.5 0 8.5
      vertex 18.5072 0 8.64703
    endloop
  endfacet
  facet normal -0.941519 0 0.33696
    outer loop
      vertex 18.5646 -1.01 8.93543
      vertex 18.6142 -1 9.07402
      vertex 18.5646 -1 8.93543
    endloop
  endfacet
  facet normal -0.941519 0 0.33696
    outer loop
      vertex 18.6142 -1 9.07402
      vertex 18.5646 -1.01 8.93543
      vertex 18.6142 -1.01 9.07402
    endloop
  endfacet
  facet normal -0.941519 0 0.33696
    outer loop
      vertex 18.5646 0 8.93543
      vertex 18.6142 2.49 9.07402
      vertex 18.5646 2.49 8.93543
    endloop
  endfacet
  facet normal -0.941519 0 0.33696
    outer loop
      vertex 18.6142 2.49 9.07402
      vertex 18.5646 0 8.93543
      vertex 18.6142 0 9.07402
    endloop
  endfacet
  facet normal -0.741138 0 0.671353
    outer loop
      vertex 18.8405 -1.01 9.45159
      vertex 18.9393 -1 9.56066
      vertex 18.8405 -1 9.45159
    endloop
  endfacet
  facet normal -0.741138 0 0.671353
    outer loop
      vertex 18.9393 -1 9.56066
      vertex 18.8405 -1.01 9.45159
      vertex 18.9393 -1.01 9.56066
    endloop
  endfacet
  facet normal -0.741138 0 0.671353
    outer loop
      vertex 18.8405 0 9.45159
      vertex 18.9393 2.49 9.56066
      vertex 18.8405 2.49 9.45159
    endloop
  endfacet
  facet normal -0.741138 0 0.671353
    outer loop
      vertex 18.9393 2.49 9.56066
      vertex 18.8405 0 9.45159
      vertex 18.9393 0 9.56066
    endloop
  endfacet
  facet normal -0.857661 0 0.514216
    outer loop
      vertex 18.6771 -1.01 9.20709
      vertex 18.7528 -1 9.33335
      vertex 18.6771 -1 9.20709
    endloop
  endfacet
  facet normal -0.857661 0 0.514216
    outer loop
      vertex 18.7528 -1 9.33335
      vertex 18.6771 -1.01 9.20709
      vertex 18.7528 -1.01 9.33335
    endloop
  endfacet
  facet normal -0.857661 0 0.514216
    outer loop
      vertex 18.6771 0 9.20709
      vertex 18.7528 2.49 9.33335
      vertex 18.6771 2.49 9.20709
    endloop
  endfacet
  facet normal -0.857661 0 0.514216
    outer loop
      vertex 18.7528 2.49 9.33335
      vertex 18.6771 0 9.20709
      vertex 18.7528 0 9.33335
    endloop
  endfacet
  facet normal -0.595773 0 0.803153
    outer loop
      vertex 19.0484 -1 9.65952
      vertex 19.1666 -1.01 9.7472
      vertex 19.1666 -1 9.7472
    endloop
  endfacet
  facet normal -0.595773 0 0.803153
    outer loop
      vertex 19.1666 -1.01 9.7472
      vertex 19.0484 -1 9.65952
      vertex 19.0484 -1.01 9.65952
    endloop
  endfacet
  facet normal -0.595773 0 0.803153
    outer loop
      vertex 19.0484 2.49 9.65952
      vertex 19.1666 0 9.7472
      vertex 19.1666 2.49 9.7472
    endloop
  endfacet
  facet normal -0.595773 0 0.803153
    outer loop
      vertex 19.1666 0 9.7472
      vertex 19.0484 2.49 9.65952
      vertex 19.0484 0 9.65952
    endloop
  endfacet
  facet normal -0.427491 0 0.90402
    outer loop
      vertex 19.2929 2.49 9.82288
      vertex 19.426 0 9.88582
      vertex 19.426 2.49 9.88582
    endloop
  endfacet
  facet normal -0.427491 0 0.90402
    outer loop
      vertex 19.426 0 9.88582
      vertex 19.2929 2.49 9.82288
      vertex 19.2929 0 9.82288
    endloop
  endfacet
  facet normal -0.427491 0 0.90402
    outer loop
      vertex 19.2929 -1 9.82288
      vertex 19.426 -1.01 9.88582
      vertex 19.426 -1 9.88582
    endloop
  endfacet
  facet normal -0.427491 0 0.90402
    outer loop
      vertex 19.426 -1.01 9.88582
      vertex 19.2929 -1 9.82288
      vertex 19.2929 -1.01 9.82288
    endloop
  endfacet
  facet normal -0.741138 0 -0.671353
    outer loop
      vertex 18.9393 -1.01 7.43934
      vertex 18.8405 -1 7.54841
      vertex 18.9393 -1 7.43934
    endloop
  endfacet
  facet normal -0.741138 -0 -0.671353
    outer loop
      vertex 18.8405 -1 7.54841
      vertex 18.9393 -1.01 7.43934
      vertex 18.8405 -1.01 7.54841
    endloop
  endfacet
  facet normal -0.741138 0 -0.671353
    outer loop
      vertex 18.9393 0 7.43934
      vertex 18.8405 2.49 7.54841
      vertex 18.9393 2.49 7.43934
    endloop
  endfacet
  facet normal -0.741138 -0 -0.671353
    outer loop
      vertex 18.8405 2.49 7.54841
      vertex 18.9393 0 7.43934
      vertex 18.8405 0 7.54841
    endloop
  endfacet
  facet normal -0.857661 0 -0.514216
    outer loop
      vertex 18.7528 0 7.66665
      vertex 18.6771 2.49 7.79291
      vertex 18.7528 2.49 7.66665
    endloop
  endfacet
  facet normal -0.857661 -0 -0.514216
    outer loop
      vertex 18.6771 2.49 7.79291
      vertex 18.7528 0 7.66665
      vertex 18.6771 0 7.79291
    endloop
  endfacet
  facet normal -0.857661 0 -0.514216
    outer loop
      vertex 18.7528 -1.01 7.66665
      vertex 18.6771 -1 7.79291
      vertex 18.7528 -1 7.66665
    endloop
  endfacet
  facet normal -0.857661 -0 -0.514216
    outer loop
      vertex 18.6771 -1 7.79291
      vertex 18.7528 -1.01 7.66665
      vertex 18.6771 -1.01 7.79291
    endloop
  endfacet
  facet normal -0.941519 0 -0.33696
    outer loop
      vertex 18.6142 -1.01 7.92598
      vertex 18.5646 -1 8.06457
      vertex 18.6142 -1 7.92598
    endloop
  endfacet
  facet normal -0.941519 -0 -0.33696
    outer loop
      vertex 18.5646 -1 8.06457
      vertex 18.6142 -1.01 7.92598
      vertex 18.5646 -1.01 8.06457
    endloop
  endfacet
  facet normal -0.941519 0 -0.33696
    outer loop
      vertex 18.6142 0 7.92598
      vertex 18.5646 2.49 8.06457
      vertex 18.6142 2.49 7.92598
    endloop
  endfacet
  facet normal -0.941519 -0 -0.33696
    outer loop
      vertex 18.5646 2.49 8.06457
      vertex 18.6142 0 7.92598
      vertex 18.5646 0 8.06457
    endloop
  endfacet
  facet normal -0.989174 0 -0.146746
    outer loop
      vertex 18.5288 -1.01 8.20737
      vertex 18.5072 -1 8.35297
      vertex 18.5288 -1 8.20737
    endloop
  endfacet
  facet normal -0.989174 -0 -0.146746
    outer loop
      vertex 18.5072 -1 8.35297
      vertex 18.5288 -1.01 8.20737
      vertex 18.5072 -1.01 8.35297
    endloop
  endfacet
  facet normal -0.989174 0 -0.146746
    outer loop
      vertex 18.5288 0 8.20737
      vertex 18.5072 2.49 8.35297
      vertex 18.5288 2.49 8.20737
    endloop
  endfacet
  facet normal -0.989174 -0 -0.146746
    outer loop
      vertex 18.5072 2.49 8.35297
      vertex 18.5288 0 8.20737
      vertex 18.5072 0 8.35297
    endloop
  endfacet
  facet normal -0.427491 0 -0.90402
    outer loop
      vertex 19.2929 -1.01 7.17712
      vertex 19.426 -1 7.11418
      vertex 19.426 -1.01 7.11418
    endloop
  endfacet
  facet normal -0.427491 0 -0.90402
    outer loop
      vertex 19.426 -1 7.11418
      vertex 19.2929 -1.01 7.17712
      vertex 19.2929 -1 7.17712
    endloop
  endfacet
  facet normal -0.427491 0 -0.90402
    outer loop
      vertex 19.2929 0 7.17712
      vertex 19.426 2.49 7.11418
      vertex 19.426 0 7.11418
    endloop
  endfacet
  facet normal -0.427491 0 -0.90402
    outer loop
      vertex 19.426 2.49 7.11418
      vertex 19.2929 0 7.17712
      vertex 19.2929 2.49 7.17712
    endloop
  endfacet
  facet normal -0.595773 0 -0.803153
    outer loop
      vertex 19.0484 -1.01 7.34048
      vertex 19.1666 -1 7.2528
      vertex 19.1666 -1.01 7.2528
    endloop
  endfacet
  facet normal -0.595773 0 -0.803153
    outer loop
      vertex 19.1666 -1 7.2528
      vertex 19.0484 -1.01 7.34048
      vertex 19.0484 -1 7.34048
    endloop
  endfacet
  facet normal -0.595773 0 -0.803153
    outer loop
      vertex 19.0484 0 7.34048
      vertex 19.1666 2.49 7.2528
      vertex 19.1666 0 7.2528
    endloop
  endfacet
  facet normal -0.595773 0 -0.803153
    outer loop
      vertex 19.1666 2.49 7.2528
      vertex 19.0484 0 7.34048
      vertex 19.0484 2.49 7.34048
    endloop
  endfacet
  facet normal -0.242983 0 -0.970031
    outer loop
      vertex 19.5646 -1.01 7.06459
      vertex 19.7074 -1 7.02882
      vertex 19.7074 -1.01 7.02882
    endloop
  endfacet
  facet normal -0.242983 0 -0.970031
    outer loop
      vertex 19.7074 -1 7.02882
      vertex 19.5646 -1.01 7.06459
      vertex 19.5646 -1 7.06459
    endloop
  endfacet
  facet normal -0.242983 0 -0.970031
    outer loop
      vertex 19.5646 0 7.06459
      vertex 19.7074 2.49 7.02882
      vertex 19.7074 0 7.02882
    endloop
  endfacet
  facet normal -0.242983 0 -0.970031
    outer loop
      vertex 19.7074 2.49 7.02882
      vertex 19.5646 0 7.06459
      vertex 19.5646 2.49 7.06459
    endloop
  endfacet
  facet normal -0.0490565 0 -0.998796
    outer loop
      vertex 19.853 -1.01 7.00722
      vertex 20 -1 7
      vertex 20 -1.01 7
    endloop
  endfacet
  facet normal -0.0490565 0 -0.998796
    outer loop
      vertex 20 -1 7
      vertex 19.853 -1.01 7.00722
      vertex 19.853 -1 7.00722
    endloop
  endfacet
  facet normal -0.0490565 0 -0.998796
    outer loop
      vertex 19.853 0 7.00722
      vertex 20 2.49 7
      vertex 20 0 7
    endloop
  endfacet
  facet normal -0.0490565 0 -0.998796
    outer loop
      vertex 20 2.49 7
      vertex 19.853 0 7.00722
      vertex 19.853 2.49 7.00722
    endloop
  endfacet
  facet normal -0.989174 0 0.146746
    outer loop
      vertex 18.5072 0 8.64703
      vertex 18.5288 2.49 8.79263
      vertex 18.5072 2.49 8.64703
    endloop
  endfacet
  facet normal -0.989174 0 0.146746
    outer loop
      vertex 18.5288 2.49 8.79263
      vertex 18.5072 0 8.64703
      vertex 18.5288 0 8.79263
    endloop
  endfacet
  facet normal -0.989174 0 0.146746
    outer loop
      vertex 18.5072 -1.01 8.64703
      vertex 18.5288 -1 8.79263
      vertex 18.5072 -1 8.64703
    endloop
  endfacet
  facet normal -0.989174 0 0.146746
    outer loop
      vertex 18.5288 -1 8.79263
      vertex 18.5072 -1.01 8.64703
      vertex 18.5288 -1.01 8.79263
    endloop
  endfacet
  facet normal -0.904088 0 0.427347
    outer loop
      vertex 18.6142 -1.01 9.07402
      vertex 18.6771 -1 9.20709
      vertex 18.6142 -1 9.07402
    endloop
  endfacet
  facet normal -0.904088 0 0.427347
    outer loop
      vertex 18.6771 -1 9.20709
      vertex 18.6142 -1.01 9.07402
      vertex 18.6771 -1.01 9.20709
    endloop
  endfacet
  facet normal -0.904088 0 0.427347
    outer loop
      vertex 18.6142 0 9.07402
      vertex 18.6771 2.49 9.20709
      vertex 18.6142 2.49 9.07402
    endloop
  endfacet
  facet normal -0.904088 0 0.427347
    outer loop
      vertex 18.6771 2.49 9.20709
      vertex 18.6142 0 9.07402
      vertex 18.6771 0 9.20709
    endloop
  endfacet
  facet normal -0.671475 0 0.741027
    outer loop
      vertex 18.9393 -1 9.56066
      vertex 19.0484 -1.01 9.65952
      vertex 19.0484 -1 9.65952
    endloop
  endfacet
  facet normal -0.671475 0 0.741027
    outer loop
      vertex 19.0484 -1.01 9.65952
      vertex 18.9393 -1 9.56066
      vertex 18.9393 -1.01 9.56066
    endloop
  endfacet
  facet normal -0.671475 0 0.741027
    outer loop
      vertex 18.9393 2.49 9.56066
      vertex 19.0484 0 9.65952
      vertex 19.0484 2.49 9.65952
    endloop
  endfacet
  facet normal -0.671475 0 0.741027
    outer loop
      vertex 19.0484 0 9.65952
      vertex 18.9393 2.49 9.56066
      vertex 18.9393 0 9.56066
    endloop
  endfacet
  facet normal -0.803184 0 0.595731
    outer loop
      vertex 18.7528 -1.01 9.33335
      vertex 18.8405 -1 9.45159
      vertex 18.7528 -1 9.33335
    endloop
  endfacet
  facet normal -0.803184 0 0.595731
    outer loop
      vertex 18.8405 -1 9.45159
      vertex 18.7528 -1.01 9.33335
      vertex 18.8405 -1.01 9.45159
    endloop
  endfacet
  facet normal -0.803184 0 0.595731
    outer loop
      vertex 18.7528 0 9.33335
      vertex 18.8405 2.49 9.45159
      vertex 18.7528 2.49 9.33335
    endloop
  endfacet
  facet normal -0.803184 0 0.595731
    outer loop
      vertex 18.8405 2.49 9.45159
      vertex 18.7528 0 9.33335
      vertex 18.8405 0 9.45159
    endloop
  endfacet
  facet normal -0.513996 0 0.857792
    outer loop
      vertex 19.1666 -1 9.7472
      vertex 19.2929 -1.01 9.82288
      vertex 19.2929 -1 9.82288
    endloop
  endfacet
  facet normal -0.513996 0 0.857792
    outer loop
      vertex 19.2929 -1.01 9.82288
      vertex 19.1666 -1 9.7472
      vertex 19.1666 -1.01 9.7472
    endloop
  endfacet
  facet normal -0.513996 0 0.857792
    outer loop
      vertex 19.1666 2.49 9.7472
      vertex 19.2929 0 9.82288
      vertex 19.2929 2.49 9.82288
    endloop
  endfacet
  facet normal -0.513996 0 0.857792
    outer loop
      vertex 19.2929 0 9.82288
      vertex 19.1666 2.49 9.7472
      vertex 19.1666 0 9.7472
    endloop
  endfacet
  facet normal -0.146746 0 0.989174
    outer loop
      vertex 19.7074 -1 9.97118
      vertex 19.853 -1.01 9.99278
      vertex 19.853 -1 9.99278
    endloop
  endfacet
  facet normal -0.146746 0 0.989174
    outer loop
      vertex 19.853 -1.01 9.99278
      vertex 19.7074 -1 9.97118
      vertex 19.7074 -1.01 9.97118
    endloop
  endfacet
  facet normal -0.146746 0 0.989174
    outer loop
      vertex 19.7074 2.49 9.97118
      vertex 19.853 0 9.99278
      vertex 19.853 2.49 9.99278
    endloop
  endfacet
  facet normal -0.146746 0 0.989174
    outer loop
      vertex 19.853 0 9.99278
      vertex 19.7074 2.49 9.97118
      vertex 19.7074 0 9.97118
    endloop
  endfacet
  facet normal -0.242983 0 0.970031
    outer loop
      vertex 19.5646 2.49 9.93541
      vertex 19.7074 0 9.97118
      vertex 19.7074 2.49 9.97118
    endloop
  endfacet
  facet normal -0.242983 0 0.970031
    outer loop
      vertex 19.7074 0 9.97118
      vertex 19.5646 2.49 9.93541
      vertex 19.5646 0 9.93541
    endloop
  endfacet
  facet normal -0.242983 0 0.970031
    outer loop
      vertex 19.5646 -1 9.93541
      vertex 19.7074 -1.01 9.97118
      vertex 19.7074 -1 9.97118
    endloop
  endfacet
  facet normal -0.242983 0 0.970031
    outer loop
      vertex 19.7074 -1.01 9.97118
      vertex 19.5646 -1 9.93541
      vertex 19.5646 -1.01 9.93541
    endloop
  endfacet
  facet normal -0.803184 0 -0.595731
    outer loop
      vertex 18.8405 -1.01 7.54841
      vertex 18.7528 -1 7.66665
      vertex 18.8405 -1 7.54841
    endloop
  endfacet
  facet normal -0.803184 -0 -0.595731
    outer loop
      vertex 18.7528 -1 7.66665
      vertex 18.8405 -1.01 7.54841
      vertex 18.7528 -1.01 7.66665
    endloop
  endfacet
  facet normal -0.803184 0 -0.595731
    outer loop
      vertex 18.8405 0 7.54841
      vertex 18.7528 2.49 7.66665
      vertex 18.8405 2.49 7.54841
    endloop
  endfacet
  facet normal -0.803184 -0 -0.595731
    outer loop
      vertex 18.7528 2.49 7.66665
      vertex 18.8405 0 7.54841
      vertex 18.7528 0 7.66665
    endloop
  endfacet
  facet normal -0.904088 0 -0.427347
    outer loop
      vertex 18.6771 -1.01 7.79291
      vertex 18.6142 -1 7.92598
      vertex 18.6771 -1 7.79291
    endloop
  endfacet
  facet normal -0.904088 -0 -0.427347
    outer loop
      vertex 18.6142 -1 7.92598
      vertex 18.6771 -1.01 7.79291
      vertex 18.6142 -1.01 7.92598
    endloop
  endfacet
  facet normal -0.904088 0 -0.427347
    outer loop
      vertex 18.6771 0 7.79291
      vertex 18.6142 2.49 7.92598
      vertex 18.6771 2.49 7.79291
    endloop
  endfacet
  facet normal -0.904088 -0 -0.427347
    outer loop
      vertex 18.6142 2.49 7.92598
      vertex 18.6771 0 7.79291
      vertex 18.6142 0 7.92598
    endloop
  endfacet
  facet normal -0.969982 0 -0.243175
    outer loop
      vertex 18.5646 -1.01 8.06457
      vertex 18.5288 -1 8.20737
      vertex 18.5646 -1 8.06457
    endloop
  endfacet
  facet normal -0.969982 -0 -0.243175
    outer loop
      vertex 18.5288 -1 8.20737
      vertex 18.5646 -1.01 8.06457
      vertex 18.5288 -1.01 8.20737
    endloop
  endfacet
  facet normal -0.969982 0 -0.243175
    outer loop
      vertex 18.5646 0 8.06457
      vertex 18.5288 2.49 8.20737
      vertex 18.5646 2.49 8.06457
    endloop
  endfacet
  facet normal -0.969982 -0 -0.243175
    outer loop
      vertex 18.5288 2.49 8.20737
      vertex 18.5646 0 8.06457
      vertex 18.5288 0 8.20737
    endloop
  endfacet
  facet normal -0.998803 0 -0.048911
    outer loop
      vertex 18.5072 -1.01 8.35297
      vertex 18.5 -1 8.5
      vertex 18.5072 -1 8.35297
    endloop
  endfacet
  facet normal -0.998803 -0 -0.048911
    outer loop
      vertex 18.5 -1 8.5
      vertex 18.5072 -1.01 8.35297
      vertex 18.5 -1.01 8.5
    endloop
  endfacet
  facet normal -0.998803 0 -0.048911
    outer loop
      vertex 18.5072 0 8.35297
      vertex 18.5 2.49 8.5
      vertex 18.5072 2.49 8.35297
    endloop
  endfacet
  facet normal -0.998803 -0 -0.048911
    outer loop
      vertex 18.5 2.49 8.5
      vertex 18.5072 0 8.35297
      vertex 18.5 0 8.5
    endloop
  endfacet
  facet normal -0.513996 0 -0.857792
    outer loop
      vertex 19.1666 -1.01 7.2528
      vertex 19.2929 -1 7.17712
      vertex 19.2929 -1.01 7.17712
    endloop
  endfacet
  facet normal -0.513996 0 -0.857792
    outer loop
      vertex 19.2929 -1 7.17712
      vertex 19.1666 -1.01 7.2528
      vertex 19.1666 -1 7.2528
    endloop
  endfacet
  facet normal -0.513996 0 -0.857792
    outer loop
      vertex 19.1666 0 7.2528
      vertex 19.2929 2.49 7.17712
      vertex 19.2929 0 7.17712
    endloop
  endfacet
  facet normal -0.513996 0 -0.857792
    outer loop
      vertex 19.2929 2.49 7.17712
      vertex 19.1666 0 7.2528
      vertex 19.1666 2.49 7.2528
    endloop
  endfacet
  facet normal -0.671475 0 -0.741027
    outer loop
      vertex 18.9393 -1.01 7.43934
      vertex 19.0484 -1 7.34048
      vertex 19.0484 -1.01 7.34048
    endloop
  endfacet
  facet normal -0.671475 0 -0.741027
    outer loop
      vertex 19.0484 -1 7.34048
      vertex 18.9393 -1.01 7.43934
      vertex 18.9393 -1 7.43934
    endloop
  endfacet
  facet normal -0.671475 0 -0.741027
    outer loop
      vertex 18.9393 0 7.43934
      vertex 19.0484 2.49 7.34048
      vertex 19.0484 0 7.34048
    endloop
  endfacet
  facet normal -0.671475 0 -0.741027
    outer loop
      vertex 19.0484 2.49 7.34048
      vertex 18.9393 0 7.43934
      vertex 18.9393 2.49 7.43934
    endloop
  endfacet
  facet normal -0.146746 0 -0.989174
    outer loop
      vertex 19.7074 -1.01 7.02882
      vertex 19.853 -1 7.00722
      vertex 19.853 -1.01 7.00722
    endloop
  endfacet
  facet normal -0.146746 0 -0.989174
    outer loop
      vertex 19.853 -1 7.00722
      vertex 19.7074 -1.01 7.02882
      vertex 19.7074 -1 7.02882
    endloop
  endfacet
  facet normal -0.146746 0 -0.989174
    outer loop
      vertex 19.7074 0 7.02882
      vertex 19.853 2.49 7.00722
      vertex 19.853 0 7.00722
    endloop
  endfacet
  facet normal -0.146746 0 -0.989174
    outer loop
      vertex 19.853 2.49 7.00722
      vertex 19.7074 0 7.02882
      vertex 19.7074 2.49 7.02882
    endloop
  endfacet
  facet normal 0.0347091 0.706681 0.706681
    outer loop
      vertex 20.147 2.49 9.99278
      vertex 20 2.99 9.5
      vertex 20 2.49 10
    endloop
  endfacet
  facet normal 0.103827 0.706681 0.699872
    outer loop
      vertex 20.2926 2.49 9.97118
      vertex 20.1951 2.99 9.48078
      vertex 20.147 2.49 9.99278
    endloop
  endfacet
  facet normal 0.639524 0.706648 -0.30275
    outer loop
      vertex 21.3858 2.49 7.92598
      vertex 20.8819 2.99 8.0286
      vertex 20.9239 2.99 8.11732
    endloop
  endfacet
  facet normal 0.475078 0.706699 -0.524287
    outer loop
      vertex 20.9516 2.49 7.34048
      vertex 20.7071 2.99 7.79289
      vertex 21.0607 2.49 7.43934
    endloop
  endfacet
  facet normal 0.475182 0.706684 -0.524214
    outer loop
      vertex 20.9516 2.49 7.34048
      vertex 20.6344 2.99 7.72699
      vertex 20.7071 2.99 7.79289
    endloop
  endfacet
  facet normal 0.0347091 0.706681 -0.706681
    outer loop
      vertex 20 2.49 7
      vertex 20 2.99 7.5
      vertex 20.147 2.49 7.00722
    endloop
  endfacet
  facet normal 0.421528 0.706682 0.568255
    outer loop
      vertex 20.9516 2.49 9.65952
      vertex 20.5556 2.99 9.33147
      vertex 20.8334 2.49 9.7472
    endloop
  endfacet
  facet normal -0.421528 0.706682 0.568255
    outer loop
      vertex 19.1666 2.49 9.7472
      vertex 19.4444 2.99 9.33147
      vertex 19.0484 2.49 9.65952
    endloop
  endfacet
  facet normal 0.421528 0.706682 -0.568255
    outer loop
      vertex 20.8334 2.49 7.2528
      vertex 20.5556 2.99 7.66853
      vertex 20.9516 2.49 7.34048
    endloop
  endfacet
  facet normal -0.302562 0.706667 -0.639592
    outer loop
      vertex 19.426 2.49 7.11418
      vertex 19.5286 2.99 7.61808
      vertex 19.6173 2.99 7.57612
    endloop
  endfacet
  facet normal 0.103827 0.706681 -0.699872
    outer loop
      vertex 20.147 2.49 7.00722
      vertex 20.1951 2.99 7.51922
      vertex 20.2926 2.49 7.02882
    endloop
  endfacet
  facet normal -0.524366 0.706699 -0.474992
    outer loop
      vertex 18.8405 2.49 7.54841
      vertex 19.2929 2.99 7.79289
      vertex 18.9393 2.49 7.43934
    endloop
  endfacet
  facet normal 0.699868 0.706685 0.103827
    outer loop
      vertex 21.4928 2.49 8.64703
      vertex 20.9808 2.99 8.69509
      vertex 21.4712 2.49 8.79263
    endloop
  endfacet
  facet normal 0.607004 0.706709 0.363467
    outer loop
      vertex 20.8819 2.99 8.9714
      vertex 20.8315 2.99 9.05557
      vertex 21.3229 2.49 9.20709
    endloop
  endfacet
  facet normal 0.568143 0.706685 0.421674
    outer loop
      vertex 20.8315 2.99 9.05557
      vertex 20.773 2.99 9.13439
      vertex 21.1595 2.49 9.45159
    endloop
  endfacet
  facet normal 0.363669 0.706681 0.606916
    outer loop
      vertex 20.8334 2.49 9.7472
      vertex 20.5556 2.99 9.33147
      vertex 20.7071 2.49 9.82288
    endloop
  endfacet
  facet normal 0.171919 0.706678 0.686331
    outer loop
      vertex 20.4354 2.49 9.93541
      vertex 20.1951 2.99 9.48078
      vertex 20.2926 2.49 9.97118
    endloop
  endfacet
  facet normal 0.238356 0.706671 0.666186
    outer loop
      vertex 20.3827 2.99 9.42388
      vertex 20.2903 2.99 9.45694
      vertex 20.4354 2.49 9.93541
    endloop
  endfacet
  facet normal -0.66618 0.706655 0.238419
    outer loop
      vertex 18.6142 2.49 9.07402
      vertex 19.0761 2.99 8.88268
      vertex 18.5646 2.49 8.93543
    endloop
  endfacet
  facet normal -0.238356 0.706671 0.666186
    outer loop
      vertex 19.7097 2.99 9.45694
      vertex 19.6173 2.99 9.42388
      vertex 19.5646 2.49 9.93541
    endloop
  endfacet
  facet normal -0.238356 0.706671 0.666186
    outer loop
      vertex 19.5646 2.49 9.93541
      vertex 19.6173 2.99 9.42388
      vertex 19.426 2.49 9.88582
    endloop
  endfacet
  facet normal -0.0347091 0.706681 0.706681
    outer loop
      vertex 20 2.49 10
      vertex 20 2.99 9.5
      vertex 19.853 2.49 9.99278
    endloop
  endfacet
  facet normal 0.302562 0.706667 -0.639592
    outer loop
      vertex 20.574 2.49 7.11418
      vertex 20.3827 2.99 7.57612
      vertex 20.4714 2.99 7.61808
    endloop
  endfacet
  facet normal 0.524366 0.706699 -0.474992
    outer loop
      vertex 21.0607 2.49 7.43934
      vertex 20.7071 2.99 7.79289
      vertex 21.1595 2.49 7.54841
    endloop
  endfacet
  facet normal 0.607004 0.706709 -0.363467
    outer loop
      vertex 21.3229 2.49 7.79291
      vertex 20.8315 2.99 7.94443
      vertex 20.8819 2.99 8.0286
    endloop
  endfacet
  facet normal 0.686203 0.706712 0.17229
    outer loop
      vertex 20.9808 2.99 8.69509
      vertex 20.9569 2.99 8.79028
      vertex 21.4354 2.49 8.93543
    endloop
  endfacet
  facet normal 0.706683 0.706683 0.034606
    outer loop
      vertex 21.5 2.49 8.5
      vertex 21 2.99 8.5
      vertex 21.4928 2.49 8.64703
    endloop
  endfacet
  facet normal -0.103792 0.706686 -0.699873
    outer loop
      vertex 19.853 2.49 7.00722
      vertex 19.8049 2.99 7.51922
      vertex 19.902 2.99 7.50482
    endloop
  endfacet
  facet normal 0 1 0
    outer loop
      vertex 20.098 2.99 9.49518
      vertex 19.902 2.99 9.49518
      vertex 20 2.99 9.5
    endloop
  endfacet
  facet normal 0 1 0
    outer loop
      vertex 20.1951 2.99 9.48078
      vertex 19.902 2.99 9.49518
      vertex 20.098 2.99 9.49518
    endloop
  endfacet
  facet normal 0 1 0
    outer loop
      vertex 20.1951 2.99 9.48078
      vertex 19.8049 2.99 9.48078
      vertex 19.902 2.99 9.49518
    endloop
  endfacet
  facet normal 0 1 0
    outer loop
      vertex 20.2903 2.99 9.45694
      vertex 19.8049 2.99 9.48078
      vertex 20.1951 2.99 9.48078
    endloop
  endfacet
  facet normal 0 1 0
    outer loop
      vertex 20.2903 2.99 9.45694
      vertex 19.7097 2.99 9.45694
      vertex 19.8049 2.99 9.48078
    endloop
  endfacet
  facet normal 0 1 0
    outer loop
      vertex 20.3827 2.99 9.42388
      vertex 19.7097 2.99 9.45694
      vertex 20.2903 2.99 9.45694
    endloop
  endfacet
  facet normal 0 1 0
    outer loop
      vertex 20.3827 2.99 9.42388
      vertex 19.6173 2.99 9.42388
      vertex 19.7097 2.99 9.45694
    endloop
  endfacet
  facet normal 0 1 0
    outer loop
      vertex 20.4714 2.99 9.38192
      vertex 19.6173 2.99 9.42388
      vertex 20.3827 2.99 9.42388
    endloop
  endfacet
  facet normal 0 1 0
    outer loop
      vertex 20.4714 2.99 9.38192
      vertex 19.5286 2.99 9.38192
      vertex 19.6173 2.99 9.42388
    endloop
  endfacet
  facet normal 0 1 0
    outer loop
      vertex 20.5556 2.99 9.33147
      vertex 19.5286 2.99 9.38192
      vertex 20.4714 2.99 9.38192
    endloop
  endfacet
  facet normal 0 1 0
    outer loop
      vertex 20.5556 2.99 9.33147
      vertex 19.4444 2.99 9.33147
      vertex 19.5286 2.99 9.38192
    endloop
  endfacet
  facet normal 0 1 0
    outer loop
      vertex 20.6344 2.99 9.27301
      vertex 19.4444 2.99 9.33147
      vertex 20.5556 2.99 9.33147
    endloop
  endfacet
  facet normal 0 1 0
    outer loop
      vertex 20.6344 2.99 9.27301
      vertex 19.3656 2.99 9.27301
      vertex 19.4444 2.99 9.33147
    endloop
  endfacet
  facet normal 0 1 0
    outer loop
      vertex 20.7071 2.99 9.20711
      vertex 19.3656 2.99 9.27301
      vertex 20.6344 2.99 9.27301
    endloop
  endfacet
  facet normal 0 1 0
    outer loop
      vertex 20.7071 2.99 9.20711
      vertex 19.2929 2.99 9.20711
      vertex 19.3656 2.99 9.27301
    endloop
  endfacet
  facet normal 0 1 0
    outer loop
      vertex 20.773 2.99 9.13439
      vertex 19.2929 2.99 9.20711
      vertex 20.7071 2.99 9.20711
    endloop
  endfacet
  facet normal 0 1 0
    outer loop
      vertex 20.773 2.99 9.13439
      vertex 19.227 2.99 9.13439
      vertex 19.2929 2.99 9.20711
    endloop
  endfacet
  facet normal 0 1 0
    outer loop
      vertex 20.8315 2.99 9.05557
      vertex 19.227 2.99 9.13439
      vertex 20.773 2.99 9.13439
    endloop
  endfacet
  facet normal 0 1 0
    outer loop
      vertex 20.8315 2.99 9.05557
      vertex 19.1685 2.99 9.05557
      vertex 19.227 2.99 9.13439
    endloop
  endfacet
  facet normal 0 1 0
    outer loop
      vertex 20.8819 2.99 8.9714
      vertex 19.1685 2.99 9.05557
      vertex 20.8315 2.99 9.05557
    endloop
  endfacet
  facet normal 0 1 0
    outer loop
      vertex 20.8819 2.99 8.9714
      vertex 19.1181 2.99 8.9714
      vertex 19.1685 2.99 9.05557
    endloop
  endfacet
  facet normal 0 1 0
    outer loop
      vertex 20.9239 2.99 8.88268
      vertex 19.1181 2.99 8.9714
      vertex 20.8819 2.99 8.9714
    endloop
  endfacet
  facet normal 0 1 0
    outer loop
      vertex 20.9239 2.99 8.88268
      vertex 19.0761 2.99 8.88268
      vertex 19.1181 2.99 8.9714
    endloop
  endfacet
  facet normal 0 1 0
    outer loop
      vertex 20.9569 2.99 8.79028
      vertex 19.0761 2.99 8.88268
      vertex 20.9239 2.99 8.88268
    endloop
  endfacet
  facet normal 0 1 0
    outer loop
      vertex 20.9569 2.99 8.79028
      vertex 19.0431 2.99 8.79028
      vertex 19.0761 2.99 8.88268
    endloop
  endfacet
  facet normal 0 1 0
    outer loop
      vertex 20.9808 2.99 8.69509
      vertex 19.0431 2.99 8.79028
      vertex 20.9569 2.99 8.79028
    endloop
  endfacet
  facet normal 0 1 0
    outer loop
      vertex 20.9808 2.99 8.69509
      vertex 19.0192 2.99 8.69509
      vertex 19.0431 2.99 8.79028
    endloop
  endfacet
  facet normal 0 1 0
    outer loop
      vertex 20.9952 2.99 8.59802
      vertex 19.0192 2.99 8.69509
      vertex 20.9808 2.99 8.69509
    endloop
  endfacet
  facet normal 0 1 0
    outer loop
      vertex 20.9952 2.99 8.59802
      vertex 19.0048 2.99 8.59802
      vertex 19.0192 2.99 8.69509
    endloop
  endfacet
  facet normal 0 1 0
    outer loop
      vertex 21 2.99 8.5
      vertex 19.0048 2.99 8.59802
      vertex 20.9952 2.99 8.59802
    endloop
  endfacet
  facet normal 0 1 0
    outer loop
      vertex 21 2.99 8.5
      vertex 19 2.99 8.5
      vertex 19.0048 2.99 8.59802
    endloop
  endfacet
  facet normal 0 1 -0
    outer loop
      vertex 20.9952 2.99 8.40198
      vertex 19 2.99 8.5
      vertex 21 2.99 8.5
    endloop
  endfacet
  facet normal 0 1 0
    outer loop
      vertex 20.9952 2.99 8.40198
      vertex 19.0048 2.99 8.40198
      vertex 19 2.99 8.5
    endloop
  endfacet
  facet normal 0 1 -0
    outer loop
      vertex 20.9808 2.99 8.30491
      vertex 19.0048 2.99 8.40198
      vertex 20.9952 2.99 8.40198
    endloop
  endfacet
  facet normal 0 1 0
    outer loop
      vertex 20.9808 2.99 8.30491
      vertex 19.0192 2.99 8.30491
      vertex 19.0048 2.99 8.40198
    endloop
  endfacet
  facet normal 0 1 -0
    outer loop
      vertex 20.9569 2.99 8.20972
      vertex 19.0192 2.99 8.30491
      vertex 20.9808 2.99 8.30491
    endloop
  endfacet
  facet normal 0 1 0
    outer loop
      vertex 20.9569 2.99 8.20972
      vertex 19.0431 2.99 8.20972
      vertex 19.0192 2.99 8.30491
    endloop
  endfacet
  facet normal 0 1 -0
    outer loop
      vertex 20.9239 2.99 8.11732
      vertex 19.0431 2.99 8.20972
      vertex 20.9569 2.99 8.20972
    endloop
  endfacet
  facet normal 0 1 0
    outer loop
      vertex 20.9239 2.99 8.11732
      vertex 19.0761 2.99 8.11732
      vertex 19.0431 2.99 8.20972
    endloop
  endfacet
  facet normal 0 1 -0
    outer loop
      vertex 20.8819 2.99 8.0286
      vertex 19.0761 2.99 8.11732
      vertex 20.9239 2.99 8.11732
    endloop
  endfacet
  facet normal 0 1 0
    outer loop
      vertex 20.8819 2.99 8.0286
      vertex 19.1181 2.99 8.0286
      vertex 19.0761 2.99 8.11732
    endloop
  endfacet
  facet normal 0 1 -0
    outer loop
      vertex 20.8315 2.99 7.94443
      vertex 19.1181 2.99 8.0286
      vertex 20.8819 2.99 8.0286
    endloop
  endfacet
  facet normal 0 1 0
    outer loop
      vertex 20.8315 2.99 7.94443
      vertex 19.1685 2.99 7.94443
      vertex 19.1181 2.99 8.0286
    endloop
  endfacet
  facet normal 0 1 -0
    outer loop
      vertex 20.773 2.99 7.86561
      vertex 19.1685 2.99 7.94443
      vertex 20.8315 2.99 7.94443
    endloop
  endfacet
  facet normal 0 1 0
    outer loop
      vertex 20.773 2.99 7.86561
      vertex 19.227 2.99 7.86561
      vertex 19.1685 2.99 7.94443
    endloop
  endfacet
  facet normal 0 1 -0
    outer loop
      vertex 20.7071 2.99 7.79289
      vertex 19.227 2.99 7.86561
      vertex 20.773 2.99 7.86561
    endloop
  endfacet
  facet normal 0 1 0
    outer loop
      vertex 20.7071 2.99 7.79289
      vertex 19.2929 2.99 7.79289
      vertex 19.227 2.99 7.86561
    endloop
  endfacet
  facet normal 0 1 -0
    outer loop
      vertex 20.6344 2.99 7.72699
      vertex 19.2929 2.99 7.79289
      vertex 20.7071 2.99 7.79289
    endloop
  endfacet
  facet normal 0 1 0
    outer loop
      vertex 20.6344 2.99 7.72699
      vertex 19.3656 2.99 7.72699
      vertex 19.2929 2.99 7.79289
    endloop
  endfacet
  facet normal 0 1 -0
    outer loop
      vertex 20.5556 2.99 7.66853
      vertex 19.3656 2.99 7.72699
      vertex 20.6344 2.99 7.72699
    endloop
  endfacet
  facet normal 0 1 0
    outer loop
      vertex 20.5556 2.99 7.66853
      vertex 19.4444 2.99 7.66853
      vertex 19.3656 2.99 7.72699
    endloop
  endfacet
  facet normal 0 1 -0
    outer loop
      vertex 20.4714 2.99 7.61808
      vertex 19.4444 2.99 7.66853
      vertex 20.5556 2.99 7.66853
    endloop
  endfacet
  facet normal 0 1 0
    outer loop
      vertex 20.4714 2.99 7.61808
      vertex 19.5286 2.99 7.61808
      vertex 19.4444 2.99 7.66853
    endloop
  endfacet
  facet normal 0 1 -0
    outer loop
      vertex 20.3827 2.99 7.57612
      vertex 19.5286 2.99 7.61808
      vertex 20.4714 2.99 7.61808
    endloop
  endfacet
  facet normal 0 1 0
    outer loop
      vertex 20.3827 2.99 7.57612
      vertex 19.6173 2.99 7.57612
      vertex 19.5286 2.99 7.61808
    endloop
  endfacet
  facet normal 0 1 -0
    outer loop
      vertex 20.2903 2.99 7.54306
      vertex 19.6173 2.99 7.57612
      vertex 20.3827 2.99 7.57612
    endloop
  endfacet
  facet normal 0 1 0
    outer loop
      vertex 20.2903 2.99 7.54306
      vertex 19.7097 2.99 7.54306
      vertex 19.6173 2.99 7.57612
    endloop
  endfacet
  facet normal 0 1 -0
    outer loop
      vertex 20.1951 2.99 7.51922
      vertex 19.7097 2.99 7.54306
      vertex 20.2903 2.99 7.54306
    endloop
  endfacet
  facet normal 0 1 0
    outer loop
      vertex 20.1951 2.99 7.51922
      vertex 19.8049 2.99 7.51922
      vertex 19.7097 2.99 7.54306
    endloop
  endfacet
  facet normal 0 1 -0
    outer loop
      vertex 20.098 2.99 7.50482
      vertex 19.8049 2.99 7.51922
      vertex 20.1951 2.99 7.51922
    endloop
  endfacet
  facet normal 0 1 0
    outer loop
      vertex 20.098 2.99 7.50482
      vertex 19.902 2.99 7.50482
      vertex 19.8049 2.99 7.51922
    endloop
  endfacet
  facet normal -0 1 0
    outer loop
      vertex 19.902 2.99 7.50482
      vertex 20.098 2.99 7.50482
      vertex 20 2.99 7.5
    endloop
  endfacet
  facet normal 0.171919 0.706678 -0.686331
    outer loop
      vertex 20.2926 2.49 7.02882
      vertex 20.1951 2.99 7.51922
      vertex 20.4354 2.49 7.06459
    endloop
  endfacet
  facet normal -0.524281 0.706681 -0.475112
    outer loop
      vertex 18.8405 2.49 7.54841
      vertex 19.227 2.99 7.86561
      vertex 19.2929 2.99 7.79289
    endloop
  endfacet
  facet normal -0.568297 0.706658 -0.421513
    outer loop
      vertex 18.7528 2.49 7.66665
      vertex 19.1685 2.99 7.94443
      vertex 18.8405 2.49 7.54841
    endloop
  endfacet
  facet normal 0.686294 0.706681 0.172054
    outer loop
      vertex 21.4712 2.49 8.79263
      vertex 20.9808 2.99 8.69509
      vertex 21.4354 2.49 8.93543
    endloop
  endfacet
  facet normal 0.639524 0.706648 0.30275
    outer loop
      vertex 20.9239 2.99 8.88268
      vertex 20.8819 2.99 8.9714
      vertex 21.3858 2.49 9.07402
    endloop
  endfacet
  facet normal 0.475182 0.706684 0.524214
    outer loop
      vertex 20.7071 2.99 9.20711
      vertex 20.6344 2.99 9.27301
      vertex 20.9516 2.49 9.65952
    endloop
  endfacet
  facet normal 0.421556 0.706687 0.568228
    outer loop
      vertex 20.6344 2.99 9.27301
      vertex 20.5556 2.99 9.33147
      vertex 20.9516 2.49 9.65952
    endloop
  endfacet
  facet normal 0.606841 0.70666 0.363835
    outer loop
      vertex 21.3229 2.49 9.20709
      vertex 20.8315 2.99 9.05557
      vertex 21.2472 2.49 9.33335
    endloop
  endfacet
  facet normal 0.568297 0.706658 0.421513
    outer loop
      vertex 21.2472 2.49 9.33335
      vertex 20.8315 2.99 9.05557
      vertex 21.1595 2.49 9.45159
    endloop
  endfacet
  facet normal 0.639655 0.706699 0.302354
    outer loop
      vertex 21.3858 2.49 9.07402
      vertex 20.8819 2.99 8.9714
      vertex 21.3229 2.49 9.20709
    endloop
  endfacet
  facet normal 0.475078 0.706699 0.524287
    outer loop
      vertex 21.0607 2.49 9.56066
      vertex 20.7071 2.99 9.20711
      vertex 20.9516 2.49 9.65952
    endloop
  endfacet
  facet normal 0.524366 0.706699 0.474992
    outer loop
      vertex 21.1595 2.49 9.45159
      vertex 20.7071 2.99 9.20711
      vertex 21.0607 2.49 9.56066
    endloop
  endfacet
  facet normal 0.238356 0.706671 0.666186
    outer loop
      vertex 20.574 2.49 9.88582
      vertex 20.3827 2.99 9.42388
      vertex 20.4354 2.49 9.93541
    endloop
  endfacet
  facet normal 0.302562 0.706667 0.639592
    outer loop
      vertex 20.4714 2.99 9.38192
      vertex 20.3827 2.99 9.42388
      vertex 20.574 2.49 9.88582
    endloop
  endfacet
  facet normal 0.302464 0.706679 0.639625
    outer loop
      vertex 20.7071 2.49 9.82288
      vertex 20.4714 2.99 9.38192
      vertex 20.574 2.49 9.88582
    endloop
  endfacet
  facet normal 0.103792 0.706686 0.699873
    outer loop
      vertex 20.1951 2.99 9.48078
      vertex 20.098 2.99 9.49518
      vertex 20.147 2.49 9.99278
    endloop
  endfacet
  facet normal -0.706683 0.706683 0.034606
    outer loop
      vertex 18.5072 2.49 8.64703
      vertex 19 2.99 8.5
      vertex 18.5 2.49 8.5
    endloop
  endfacet
  facet normal -0.686294 0.706681 0.172054
    outer loop
      vertex 18.5646 2.49 8.93543
      vertex 19.0192 2.99 8.69509
      vertex 18.5288 2.49 8.79263
    endloop
  endfacet
  facet normal -0.639655 0.706699 0.302354
    outer loop
      vertex 18.6771 2.49 9.20709
      vertex 19.1181 2.99 8.9714
      vertex 18.6142 2.49 9.07402
    endloop
  endfacet
  facet normal -0.568143 0.706685 0.421674
    outer loop
      vertex 19.227 2.99 9.13439
      vertex 19.1685 2.99 9.05557
      vertex 18.8405 2.49 9.45159
    endloop
  endfacet
  facet normal -0.568297 0.706658 0.421513
    outer loop
      vertex 18.8405 2.49 9.45159
      vertex 19.1685 2.99 9.05557
      vertex 18.7528 2.49 9.33335
    endloop
  endfacet
  facet normal -0.475078 0.706699 0.524287
    outer loop
      vertex 19.0484 2.49 9.65952
      vertex 19.2929 2.99 9.20711
      vertex 18.9393 2.49 9.56066
    endloop
  endfacet
  facet normal -0.363669 0.706681 0.606916
    outer loop
      vertex 19.2929 2.49 9.82288
      vertex 19.4444 2.99 9.33147
      vertex 19.1666 2.49 9.7472
    endloop
  endfacet
  facet normal -0.171875 0.706672 0.686348
    outer loop
      vertex 19.8049 2.99 9.48078
      vertex 19.7097 2.99 9.45694
      vertex 19.5646 2.49 9.93541
    endloop
  endfacet
  facet normal -0.171919 0.706678 0.686331
    outer loop
      vertex 19.7074 2.49 9.97118
      vertex 19.8049 2.99 9.48078
      vertex 19.5646 2.49 9.93541
    endloop
  endfacet
  facet normal 0.699868 0.706685 -0.103827
    outer loop
      vertex 21.4712 2.49 8.20737
      vertex 20.9808 2.99 8.30491
      vertex 21.4928 2.49 8.35297
    endloop
  endfacet
  facet normal 0.666283 0.706712 -0.237958
    outer loop
      vertex 21.4354 2.49 8.06457
      vertex 20.9239 2.99 8.11732
      vertex 20.9569 2.99 8.20972
    endloop
  endfacet
  facet normal 0.66618 0.706655 -0.238419
    outer loop
      vertex 21.3858 2.49 7.92598
      vertex 20.9239 2.99 8.11732
      vertex 21.4354 2.49 8.06457
    endloop
  endfacet
  facet normal 0.606841 0.70666 -0.363835
    outer loop
      vertex 21.2472 2.49 7.66665
      vertex 20.8315 2.99 7.94443
      vertex 21.3229 2.49 7.79291
    endloop
  endfacet
  facet normal 0.639655 0.706699 -0.302354
    outer loop
      vertex 21.3229 2.49 7.79291
      vertex 20.8819 2.99 8.0286
      vertex 21.3858 2.49 7.92598
    endloop
  endfacet
  facet normal 0.568297 0.706658 -0.421513
    outer loop
      vertex 21.1595 2.49 7.54841
      vertex 20.8315 2.99 7.94443
      vertex 21.2472 2.49 7.66665
    endloop
  endfacet
  facet normal 0.706683 0.706683 -0.034606
    outer loop
      vertex 21.4928 2.49 8.35297
      vertex 21 2.99 8.5
      vertex 21.5 2.49 8.5
    endloop
  endfacet
  facet normal 0.706683 0.706683 0.034606
    outer loop
      vertex 21 2.99 8.5
      vertex 20.9952 2.99 8.59802
      vertex 21.4928 2.49 8.64703
    endloop
  endfacet
  facet normal 0.421556 0.706687 -0.568228
    outer loop
      vertex 20.9516 2.49 7.34048
      vertex 20.5556 2.99 7.66853
      vertex 20.6344 2.99 7.72699
    endloop
  endfacet
  facet normal 0.363669 0.706681 -0.606916
    outer loop
      vertex 20.7071 2.49 7.17712
      vertex 20.5556 2.99 7.66853
      vertex 20.8334 2.49 7.2528
    endloop
  endfacet
  facet normal 0.238356 0.706671 -0.666186
    outer loop
      vertex 20.4354 2.49 7.06459
      vertex 20.2903 2.99 7.54306
      vertex 20.3827 2.99 7.57612
    endloop
  endfacet
  facet normal 0.238356 0.706671 -0.666186
    outer loop
      vertex 20.4354 2.49 7.06459
      vertex 20.3827 2.99 7.57612
      vertex 20.574 2.49 7.11418
    endloop
  endfacet
  facet normal 0.103792 0.706686 -0.699873
    outer loop
      vertex 20.147 2.49 7.00722
      vertex 20.098 2.99 7.50482
      vertex 20.1951 2.99 7.51922
    endloop
  endfacet
  facet normal 0.0347567 0.706687 -0.706672
    outer loop
      vertex 20.147 2.49 7.00722
      vertex 20 2.99 7.5
      vertex 20.098 2.99 7.50482
    endloop
  endfacet
  facet normal -0.639655 0.706699 -0.302354
    outer loop
      vertex 18.6142 2.49 7.92598
      vertex 19.1181 2.99 8.0286
      vertex 18.6771 2.49 7.79291
    endloop
  endfacet
  facet normal -0.686294 0.706681 -0.172054
    outer loop
      vertex 18.5288 2.49 8.20737
      vertex 19.0192 2.99 8.30491
      vertex 18.5646 2.49 8.06457
    endloop
  endfacet
  facet normal 0.66618 0.706655 0.238419
    outer loop
      vertex 21.4354 2.49 8.93543
      vertex 20.9239 2.99 8.88268
      vertex 21.3858 2.49 9.07402
    endloop
  endfacet
  facet normal 0.666283 0.706712 0.237958
    outer loop
      vertex 20.9569 2.99 8.79028
      vertex 20.9239 2.99 8.88268
      vertex 21.4354 2.49 8.93543
    endloop
  endfacet
  facet normal 0.524281 0.706681 0.475112
    outer loop
      vertex 20.773 2.99 9.13439
      vertex 20.7071 2.99 9.20711
      vertex 21.1595 2.49 9.45159
    endloop
  endfacet
  facet normal 0.36365 0.706683 0.606924
    outer loop
      vertex 20.5556 2.99 9.33147
      vertex 20.4714 2.99 9.38192
      vertex 20.7071 2.49 9.82288
    endloop
  endfacet
  facet normal 0.171875 0.706672 0.686348
    outer loop
      vertex 20.2903 2.99 9.45694
      vertex 20.1951 2.99 9.48078
      vertex 20.4354 2.49 9.93541
    endloop
  endfacet
  facet normal 0.0347567 0.706687 0.706672
    outer loop
      vertex 20.098 2.99 9.49518
      vertex 20 2.99 9.5
      vertex 20.147 2.49 9.99278
    endloop
  endfacet
  facet normal -0.706683 0.706683 0.034606
    outer loop
      vertex 19.0048 2.99 8.59802
      vertex 19 2.99 8.5
      vertex 18.5072 2.49 8.64703
    endloop
  endfacet
  facet normal -0.706683 0.706683 -0.034606
    outer loop
      vertex 18.5 2.49 8.5
      vertex 19 2.99 8.5
      vertex 18.5072 2.49 8.35297
    endloop
  endfacet
  facet normal -0.699868 0.706686 -0.103823
    outer loop
      vertex 18.5072 2.49 8.35297
      vertex 19.0048 2.99 8.40198
      vertex 19.0192 2.99 8.30491
    endloop
  endfacet
  facet normal -0.66618 0.706655 -0.238419
    outer loop
      vertex 18.5646 2.49 8.06457
      vertex 19.0761 2.99 8.11732
      vertex 18.6142 2.49 7.92598
    endloop
  endfacet
  facet normal -0.686203 0.706712 -0.17229
    outer loop
      vertex 18.5646 2.49 8.06457
      vertex 19.0192 2.99 8.30491
      vertex 19.0431 2.99 8.20972
    endloop
  endfacet
  facet normal -0.686203 0.706712 0.17229
    outer loop
      vertex 19.0431 2.99 8.79028
      vertex 19.0192 2.99 8.69509
      vertex 18.5646 2.49 8.93543
    endloop
  endfacet
  facet normal -0.666283 0.706712 0.237958
    outer loop
      vertex 19.0761 2.99 8.88268
      vertex 19.0431 2.99 8.79028
      vertex 18.5646 2.49 8.93543
    endloop
  endfacet
  facet normal -0.639524 0.706648 0.30275
    outer loop
      vertex 19.1181 2.99 8.9714
      vertex 19.0761 2.99 8.88268
      vertex 18.6142 2.49 9.07402
    endloop
  endfacet
  facet normal -0.524281 0.706681 0.475112
    outer loop
      vertex 19.2929 2.99 9.20711
      vertex 19.227 2.99 9.13439
      vertex 18.8405 2.49 9.45159
    endloop
  endfacet
  facet normal -0.524366 0.706699 0.474992
    outer loop
      vertex 18.9393 2.49 9.56066
      vertex 19.2929 2.99 9.20711
      vertex 18.8405 2.49 9.45159
    endloop
  endfacet
  facet normal -0.36365 0.706683 0.606924
    outer loop
      vertex 19.5286 2.99 9.38192
      vertex 19.4444 2.99 9.33147
      vertex 19.2929 2.49 9.82288
    endloop
  endfacet
  facet normal -0.302464 0.706679 0.639625
    outer loop
      vertex 19.426 2.49 9.88582
      vertex 19.5286 2.99 9.38192
      vertex 19.2929 2.49 9.82288
    endloop
  endfacet
  facet normal -0.103827 0.706681 0.699872
    outer loop
      vertex 19.853 2.49 9.99278
      vertex 19.8049 2.99 9.48078
      vertex 19.7074 2.49 9.97118
    endloop
  endfacet
  facet normal 0.568143 0.706685 -0.421674
    outer loop
      vertex 21.1595 2.49 7.54841
      vertex 20.773 2.99 7.86561
      vertex 20.8315 2.99 7.94443
    endloop
  endfacet
  facet normal 0.524281 0.706681 -0.475112
    outer loop
      vertex 21.1595 2.49 7.54841
      vertex 20.7071 2.99 7.79289
      vertex 20.773 2.99 7.86561
    endloop
  endfacet
  facet normal 0.686294 0.706681 -0.172054
    outer loop
      vertex 21.4354 2.49 8.06457
      vertex 20.9808 2.99 8.30491
      vertex 21.4712 2.49 8.20737
    endloop
  endfacet
  facet normal 0.686203 0.706712 -0.17229
    outer loop
      vertex 21.4354 2.49 8.06457
      vertex 20.9569 2.99 8.20972
      vertex 20.9808 2.99 8.30491
    endloop
  endfacet
  facet normal 0.699868 0.706686 0.103823
    outer loop
      vertex 20.9952 2.99 8.59802
      vertex 20.9808 2.99 8.69509
      vertex 21.4928 2.49 8.64703
    endloop
  endfacet
  facet normal -0.421528 0.706682 -0.568255
    outer loop
      vertex 19.0484 2.49 7.34048
      vertex 19.4444 2.99 7.66853
      vertex 19.1666 2.49 7.2528
    endloop
  endfacet
  facet normal -0.475078 0.706699 -0.524287
    outer loop
      vertex 18.9393 2.49 7.43934
      vertex 19.2929 2.99 7.79289
      vertex 19.0484 2.49 7.34048
    endloop
  endfacet
  facet normal -0.238356 0.706671 -0.666186
    outer loop
      vertex 19.426 2.49 7.11418
      vertex 19.6173 2.99 7.57612
      vertex 19.5646 2.49 7.06459
    endloop
  endfacet
  facet normal -0.103827 0.706681 -0.699872
    outer loop
      vertex 19.7074 2.49 7.02882
      vertex 19.8049 2.99 7.51922
      vertex 19.853 2.49 7.00722
    endloop
  endfacet
  facet normal 0.36365 0.706683 -0.606924
    outer loop
      vertex 20.7071 2.49 7.17712
      vertex 20.4714 2.99 7.61808
      vertex 20.5556 2.99 7.66853
    endloop
  endfacet
  facet normal 0.302464 0.706679 -0.639625
    outer loop
      vertex 20.574 2.49 7.11418
      vertex 20.4714 2.99 7.61808
      vertex 20.7071 2.49 7.17712
    endloop
  endfacet
  facet normal 0.171875 0.706672 -0.686348
    outer loop
      vertex 20.4354 2.49 7.06459
      vertex 20.1951 2.99 7.51922
      vertex 20.2903 2.99 7.54306
    endloop
  endfacet
  facet normal -0.607004 0.706709 -0.363467
    outer loop
      vertex 18.6771 2.49 7.79291
      vertex 19.1181 2.99 8.0286
      vertex 19.1685 2.99 7.94443
    endloop
  endfacet
  facet normal -0.606841 0.70666 -0.363835
    outer loop
      vertex 18.6771 2.49 7.79291
      vertex 19.1685 2.99 7.94443
      vertex 18.7528 2.49 7.66665
    endloop
  endfacet
  facet normal -0.699868 0.706685 -0.103827
    outer loop
      vertex 18.5072 2.49 8.35297
      vertex 19.0192 2.99 8.30491
      vertex 18.5288 2.49 8.20737
    endloop
  endfacet
  facet normal -0.666283 0.706712 -0.237958
    outer loop
      vertex 18.5646 2.49 8.06457
      vertex 19.0431 2.99 8.20972
      vertex 19.0761 2.99 8.11732
    endloop
  endfacet
  facet normal -0.699868 0.706686 0.103823
    outer loop
      vertex 19.0192 2.99 8.69509
      vertex 19.0048 2.99 8.59802
      vertex 18.5072 2.49 8.64703
    endloop
  endfacet
  facet normal -0.699868 0.706685 0.103827
    outer loop
      vertex 18.5288 2.49 8.79263
      vertex 19.0192 2.99 8.69509
      vertex 18.5072 2.49 8.64703
    endloop
  endfacet
  facet normal -0.607004 0.706709 0.363467
    outer loop
      vertex 19.1685 2.99 9.05557
      vertex 19.1181 2.99 8.9714
      vertex 18.6771 2.49 9.20709
    endloop
  endfacet
  facet normal -0.606841 0.70666 0.363835
    outer loop
      vertex 18.7528 2.49 9.33335
      vertex 19.1685 2.99 9.05557
      vertex 18.6771 2.49 9.20709
    endloop
  endfacet
  facet normal -0.475182 0.706684 0.524214
    outer loop
      vertex 19.3656 2.99 9.27301
      vertex 19.2929 2.99 9.20711
      vertex 19.0484 2.49 9.65952
    endloop
  endfacet
  facet normal -0.421556 0.706687 0.568228
    outer loop
      vertex 19.4444 2.99 9.33147
      vertex 19.3656 2.99 9.27301
      vertex 19.0484 2.49 9.65952
    endloop
  endfacet
  facet normal -0.302562 0.706667 0.639592
    outer loop
      vertex 19.6173 2.99 9.42388
      vertex 19.5286 2.99 9.38192
      vertex 19.426 2.49 9.88582
    endloop
  endfacet
  facet normal -0.103792 0.706686 0.699873
    outer loop
      vertex 19.902 2.99 9.49518
      vertex 19.8049 2.99 9.48078
      vertex 19.853 2.49 9.99278
    endloop
  endfacet
  facet normal -0.0347567 0.706687 0.706672
    outer loop
      vertex 20 2.99 9.5
      vertex 19.902 2.99 9.49518
      vertex 19.853 2.49 9.99278
    endloop
  endfacet
  facet normal 0.706683 0.706683 -0.034606
    outer loop
      vertex 21.4928 2.49 8.35297
      vertex 20.9952 2.99 8.40198
      vertex 21 2.99 8.5
    endloop
  endfacet
  facet normal 0.699868 0.706686 -0.103823
    outer loop
      vertex 21.4928 2.49 8.35297
      vertex 20.9808 2.99 8.30491
      vertex 20.9952 2.99 8.40198
    endloop
  endfacet
  facet normal -0.363669 0.706681 -0.606916
    outer loop
      vertex 19.1666 2.49 7.2528
      vertex 19.4444 2.99 7.66853
      vertex 19.2929 2.49 7.17712
    endloop
  endfacet
  facet normal -0.302464 0.706679 -0.639625
    outer loop
      vertex 19.2929 2.49 7.17712
      vertex 19.5286 2.99 7.61808
      vertex 19.426 2.49 7.11418
    endloop
  endfacet
  facet normal -0.421556 0.706687 -0.568228
    outer loop
      vertex 19.0484 2.49 7.34048
      vertex 19.3656 2.99 7.72699
      vertex 19.4444 2.99 7.66853
    endloop
  endfacet
  facet normal -0.475182 0.706684 -0.524214
    outer loop
      vertex 19.0484 2.49 7.34048
      vertex 19.2929 2.99 7.79289
      vertex 19.3656 2.99 7.72699
    endloop
  endfacet
  facet normal -0.0347567 0.706687 -0.706672
    outer loop
      vertex 19.853 2.49 7.00722
      vertex 19.902 2.99 7.50482
      vertex 20 2.99 7.5
    endloop
  endfacet
  facet normal -0.0347091 0.706681 -0.706681
    outer loop
      vertex 19.853 2.49 7.00722
      vertex 20 2.99 7.5
      vertex 20 2.49 7
    endloop
  endfacet
  facet normal -0.171919 0.706678 -0.686331
    outer loop
      vertex 19.5646 2.49 7.06459
      vertex 19.8049 2.99 7.51922
      vertex 19.7074 2.49 7.02882
    endloop
  endfacet
  facet normal -0.568143 0.706685 -0.421674
    outer loop
      vertex 18.8405 2.49 7.54841
      vertex 19.1685 2.99 7.94443
      vertex 19.227 2.99 7.86561
    endloop
  endfacet
  facet normal -0.706683 0.706683 -0.034606
    outer loop
      vertex 18.5072 2.49 8.35297
      vertex 19 2.99 8.5
      vertex 19.0048 2.99 8.40198
    endloop
  endfacet
  facet normal -0.639524 0.706648 -0.30275
    outer loop
      vertex 18.6142 2.49 7.92598
      vertex 19.0761 2.99 8.11732
      vertex 19.1181 2.99 8.0286
    endloop
  endfacet
  facet normal -0.36365 0.706683 -0.606924
    outer loop
      vertex 19.2929 2.49 7.17712
      vertex 19.4444 2.99 7.66853
      vertex 19.5286 2.99 7.61808
    endloop
  endfacet
  facet normal -0.171875 0.706672 -0.686348
    outer loop
      vertex 19.5646 2.49 7.06459
      vertex 19.7097 2.99 7.54306
      vertex 19.8049 2.99 7.51922
    endloop
  endfacet
  facet normal -0.238356 0.706671 -0.666186
    outer loop
      vertex 19.5646 2.49 7.06459
      vertex 19.6173 2.99 7.57612
      vertex 19.7097 2.99 7.54306
    endloop
  endfacet
endsolid OpenSCAD_Model
